message_id,payload,kafka_timestamp,topic,partition,offset,load_date,record_source
c8c515d8-1862-4c1e-b2f6-33f5067c16cb,"{""order_id"":""O100001"",""tracking_number"":""1Z59318840391416"",""carrier"":""DHL"",""status"":""LABEL_CREATED"",""status_ts"":""2024-02-13T08:47:00Z"",""location"":{""city"":""Columbus"",""region"":""East""},""warehouse_id"":26,""notes"":""Status update: Label Created""}",2024-02-13,retail.order.shipment,1,0,2024/02/01 00:00:00.000,E2E-order-shipment-event
f92f4427-d325-4aa1-96c1-5031f324e9d0,"{""order_id"":""O100004"",""tracking_number"":""1Z14554760023129"",""carrier"":""DHL"",""status"":""LABEL_CREATED"",""status_ts"":""2024-02-06T08:10:00Z"",""location"":{""city"":""Dallas"",""region"":""South""},""warehouse_id"":97,""notes"":""Status update: Label Created""}",2024-02-06,retail.order.shipment,4,0,2024/02/01 00:00:00.000,E2E-order-shipment-event
28bbdc0e-5dd2-44c9-b975-fdb08515755e,"{""order_id"":""O100004"",""tracking_number"":""1Z14554760023129"",""carrier"":""DHL"",""status"":""PICKED_UP"",""status_ts"":""2024-02-08T11:38:00Z"",""location"":{""city"":""Seattle"",""region"":""West""},""warehouse_id"":97,""notes"":""Status update: Picked Up""}",2024-02-08,retail.order.shipment,4,1,2024/02/01 00:00:00.000,E2E-order-shipment-event
fc30a977-cb5c-418e-99a3-da07082c4aaa,"{""order_id"":""O100004"",""tracking_number"":""1Z14554760023129"",""carrier"":""DHL"",""status"":""IN_TRANSIT"",""status_ts"":""2024-02-12T14:25:00Z"",""location"":{""city"":""Dallas"",""region"":""West""},""warehouse_id"":97,""notes"":""Status update: In Transit""}",2024-02-12,retail.order.shipment,4,2,2024/02/01 00:00:00.000,E2E-order-shipment-event
7a4ffa81-7bbc-406a-b4e9-6b4f4705fdca,"{""order_id"":""O100004"",""tracking_number"":""1Z14554760023129"",""carrier"":""DHL"",""status"":""OUT_FOR_DELIVERY"",""status_ts"":""2024-02-12T17:29:00Z"",""location"":{""city"":""Dallas"",""region"":""South""},""warehouse_id"":97,""notes"":""Status update: Out For Delivery""}",2024-02-12,retail.order.shipment,4,3,2024/02/01 00:00:00.000,E2E-order-shipment-event
79f050a0-07e4-46cb-a1e3-a6fb477183fa,"{""order_id"":""O100004"",""tracking_number"":""1Z14554760023129"",""carrier"":""DHL"",""status"":""DELIVERED"",""status_ts"":""2024-02-13T08:03:00Z"",""location"":{""city"":""Seattle"",""region"":""South""},""warehouse_id"":97,""notes"":""Status update: Delivered""}",2024-02-13,retail.order.shipment,4,4,2024/02/01 00:00:00.000,E2E-order-shipment-event
ef04e730-69ef-4553-81ec-25ce4a77384f,"{""order_id"":""O100005"",""tracking_number"":""1Z38243515302984"",""carrier"":""DHL"",""status"":""LABEL_CREATED"",""status_ts"":""2024-02-09T08:39:00Z"",""location"":{""city"":""Chicago"",""region"":""West""},""warehouse_id"":89,""notes"":""Status update: Label Created""}",2024-02-09,retail.order.shipment,5,0,2024/02/01 00:00:00.000,E2E-order-shipment-event
5fdfecf5-1827-414a-961d-9921bc107b70,"{""order_id"":""O100005"",""tracking_number"":""1Z38243515302984"",""carrier"":""DHL"",""status"":""PICKED_UP"",""status_ts"":""2024-02-10T11:50:00Z"",""location"":{""city"":""Columbus"",""region"":""West""},""warehouse_id"":89,""notes"":""Status update: Picked Up""}",2024-02-10,retail.order.shipment,5,1,2024/02/01 00:00:00.000,E2E-order-shipment-event
fecab400-e5fa-4ce2-b246-0c0da85ed679,"{""order_id"":""O100005"",""tracking_number"":""1Z38243515302984"",""carrier"":""DHL"",""status"":""IN_TRANSIT"",""status_ts"":""2024-02-13T14:10:00Z"",""location"":{""city"":""Denver"",""region"":""North""},""warehouse_id"":89,""notes"":""Status update: In Transit""}",2024-02-13,retail.order.shipment,5,2,2024/02/01 00:00:00.000,E2E-order-shipment-event
be94d32a-3b04-4d90-a6c1-2f115c09a6b8,"{""order_id"":""O100006"",""tracking_number"":""1Z20419883140312"",""carrier"":""USPS"",""status"":""LABEL_CREATED"",""status_ts"":""2024-02-09T08:43:00Z"",""location"":{""city"":""Dallas"",""region"":""North""},""warehouse_id"":59,""notes"":""Status update: Label Created""}",2024-02-09,retail.order.shipment,6,0,2024/02/01 00:00:00.000,E2E-order-shipment-event
1731f1f9-2964-480b-b907-c08cefd7d33c,"{""order_id"":""O100006"",""tracking_number"":""1Z20419883140312"",""carrier"":""USPS"",""status"":""PICKED_UP"",""status_ts"":""2024-02-11T11:39:00Z"",""location"":{""city"":""Seattle"",""region"":""South""},""warehouse_id"":59,""notes"":""Status update: Picked Up""}",2024-02-11,retail.order.shipment,6,1,2024/02/01 00:00:00.000,E2E-order-shipment-event
5678dbe9-d7b8-4efc-b2a4-d91f4042032a,"{""order_id"":""O100006"",""tracking_number"":""1Z20419883140312"",""carrier"":""USPS"",""status"":""IN_TRANSIT"",""status_ts"":""2024-02-14T14:24:00Z"",""location"":{""city"":""Seattle"",""region"":""West""},""warehouse_id"":59,""notes"":""Status update: In Transit""}",2024-02-14,retail.order.shipment,6,2,2024/02/01 00:00:00.000,E2E-order-shipment-event
dce4b1db-3ec3-48d2-b61f-654b52a4e0f0,"{""order_id"":""O100006"",""tracking_number"":""1Z20419883140312"",""carrier"":""USPS"",""status"":""OUT_FOR_DELIVERY"",""status_ts"":""2024-02-14T17:29:00Z"",""location"":{""city"":""Louisville"",""region"":""West""},""warehouse_id"":59,""notes"":""Status update: Out For Delivery""}",2024-02-14,retail.order.shipment,6,3,2024/02/01 00:00:00.000,E2E-order-shipment-event
c41f54dd-af42-4bee-8bae-897779ee02f9,"{""order_id"":""O100006"",""tracking_number"":""1Z20419883140312"",""carrier"":""USPS"",""status"":""DELIVERED"",""status_ts"":""2024-02-14T08:16:00Z"",""location"":{""city"":""Dallas"",""region"":""East""},""warehouse_id"":59,""notes"":""Status update: Delivered""}",2024-02-14,retail.order.shipment,6,4,2024/02/01 00:00:00.000,E2E-order-shipment-event
68d51772-c5a6-4997-a806-5f29dd3dfa47,"{""order_id"":""O100007"",""tracking_number"":""1Z16288330337464"",""carrier"":""FEDEX"",""status"":""LABEL_CREATED"",""status_ts"":""2024-02-06T08:55:00Z"",""location"":{""city"":""Dallas"",""region"":""West""},""warehouse_id"":27,""notes"":""Status update: Label Created""}",2024-02-06,retail.order.shipment,7,0,2024/02/01 00:00:00.000,E2E-order-shipment-event
cb009960-d298-484d-934b-93c59fd82b2e,"{""order_id"":""O100007"",""tracking_number"":""1Z16288330337464"",""carrier"":""FEDEX"",""status"":""PICKED_UP"",""status_ts"":""2024-02-09T11:27:00Z"",""location"":{""city"":""Memphis"",""region"":""South""},""warehouse_id"":27,""notes"":""Status update: Picked Up""}",2024-02-09,retail.order.shipment,7,1,2024/02/01 00:00:00.000,E2E-order-shipment-event
9d2d17d8-6fcf-4c17-870d-84316a26a363,"{""order_id"":""O100007"",""tracking_number"":""1Z16288330337464"",""carrier"":""FEDEX"",""status"":""IN_TRANSIT"",""status_ts"":""2024-02-13T14:57:00Z"",""location"":{""city"":""Chicago"",""region"":""North""},""warehouse_id"":27,""notes"":""Status update: In Transit""}",2024-02-13,retail.order.shipment,7,2,2024/02/01 00:00:00.000,E2E-order-shipment-event
8104e28e-36c1-44f5-959a-9e3c5c253bc2,"{""order_id"":""O100007"",""tracking_number"":""1Z16288330337464"",""carrier"":""FEDEX"",""status"":""OUT_FOR_DELIVERY"",""status_ts"":""2024-02-13T17:35:00Z"",""location"":{""city"":""Louisville"",""region"":""East""},""warehouse_id"":27,""notes"":""Status update: Out For Delivery""}",2024-02-13,retail.order.shipment,7,3,2024/02/01 00:00:00.000,E2E-order-shipment-event
a42c1716-2ce3-4057-952d-0c79887af344,"{""order_id"":""O100007"",""tracking_number"":""1Z16288330337464"",""carrier"":""FEDEX"",""status"":""DELIVERED"",""status_ts"":""2024-02-14T08:37:00Z"",""location"":{""city"":""Louisville"",""region"":""South""},""warehouse_id"":27,""notes"":""Status update: Delivered""}",2024-02-14,retail.order.shipment,7,4,2024/02/01 00:00:00.000,E2E-order-shipment-event
a6117664-d051-4033-a2d8-cdeade8f12be,"{""order_id"":""O100009"",""tracking_number"":""1Z89291426150979"",""carrier"":""DHL"",""status"":""LABEL_CREATED"",""status_ts"":""2024-02-28T08:25:00Z"",""location"":{""city"":""Chicago"",""region"":""South""},""warehouse_id"":90,""notes"":""Status update: Label Created""}",2024-02-28,retail.order.shipment,1,1,2024/02/01 00:00:00.000,E2E-order-shipment-event
c919055b-5fed-4c47-ad2b-46d11b699820,"{""order_id"":""O100009"",""tracking_number"":""1Z89291426150979"",""carrier"":""DHL"",""status"":""PICKED_UP"",""status_ts"":""2024-03-01T11:10:00Z"",""location"":{""city"":""Memphis"",""region"":""South""},""warehouse_id"":90,""notes"":""Status update: Picked Up""}",2024-03-01,retail.order.shipment,1,2,2024/02/01 00:00:00.000,E2E-order-shipment-event
82c90e9f-ea4f-4180-b933-ae8127bcbc25,"{""order_id"":""O100009"",""tracking_number"":""1Z89291426150979"",""carrier"":""DHL"",""status"":""IN_TRANSIT"",""status_ts"":""2024-03-04T14:04:00Z"",""location"":{""city"":""Louisville"",""region"":""West""},""warehouse_id"":90,""notes"":""Status update: In Transit""}",2024-03-04,retail.order.shipment,1,3,2024/02/01 00:00:00.000,E2E-order-shipment-event
91a168e6-612e-4df0-a909-5eebcfa07a5d,"{""order_id"":""O100009"",""tracking_number"":""1Z89291426150979"",""carrier"":""DHL"",""status"":""OUT_FOR_DELIVERY"",""status_ts"":""2024-03-04T17:03:00Z"",""location"":{""city"":""Dallas"",""region"":""West""},""warehouse_id"":90,""notes"":""Status update: Out For Delivery""}",2024-03-04,retail.order.shipment,1,4,2024/02/01 00:00:00.000,E2E-order-shipment-event
31d766ab-4fb0-40ee-a943-d8b0e75f5a1d,"{""order_id"":""O100009"",""tracking_number"":""1Z89291426150979"",""carrier"":""DHL"",""status"":""DELIVERED"",""status_ts"":""2024-03-04T08:35:00Z"",""location"":{""city"":""Louisville"",""region"":""North""},""warehouse_id"":90,""notes"":""Status update: Delivered""}",2024-03-04,retail.order.shipment,1,5,2024/02/01 00:00:00.000,E2E-order-shipment-event
e701d914-f6fe-41e3-b019-6af98c24d82e,"{""order_id"":""O100020"",""tracking_number"":""1Z14781746182912"",""carrier"":""FEDEX"",""status"":""EXCEPTION"",""status_ts"":""2024-02-24T08:34:00Z"",""location"":{""city"":""Columbus"",""region"":""West""},""warehouse_id"":23,""notes"":""Status update: Exception""}",2024-02-24,retail.order.shipment,2,0,2024/02/01 00:00:00.000,E2E-order-shipment-event
de2c2349-4f41-4236-b457-2cff0d0966ec,"{""order_id"":""O100029"",""tracking_number"":""1Z51757711776303"",""carrier"":""USPS"",""status"":""LABEL_CREATED"",""status_ts"":""2024-02-18T08:50:00Z"",""location"":{""city"":""Denver"",""region"":""East""},""warehouse_id"":49,""notes"":""Status update: Label Created""}",2024-02-18,retail.order.shipment,3,0,2024/02/01 00:00:00.000,E2E-order-shipment-event
232902af-50eb-4dba-93e9-b3c968bb73c0,"{""order_id"":""O100029"",""tracking_number"":""1Z51757711776303"",""carrier"":""USPS"",""status"":""PICKED_UP"",""status_ts"":""2024-02-21T11:54:00Z"",""location"":{""city"":""Louisville"",""region"":""South""},""warehouse_id"":49,""notes"":""Status update: Picked Up""}",2024-02-21,retail.order.shipment,3,1,2024/02/01 00:00:00.000,E2E-order-shipment-event
a1f7fc48-00cb-4b07-8314-877680226f75,"{""order_id"":""O100030"",""tracking_number"":""1Z54105027846644"",""carrier"":""USPS"",""status"":""LABEL_CREATED"",""status_ts"":""2024-02-02T08:33:00Z"",""location"":{""city"":""Dallas"",""region"":""South""},""warehouse_id"":30,""notes"":""Status update: Label Created""}",2024-02-02,retail.order.shipment,3,2,2024/02/01 00:00:00.000,E2E-order-shipment-event
b679f378-6c7b-4d3d-90bb-42a0f4b273f2,"{""order_id"":""O100030"",""tracking_number"":""1Z54105027846644"",""carrier"":""USPS"",""status"":""PICKED_UP"",""status_ts"":""2024-02-03T11:50:00Z"",""location"":{""city"":""Chicago"",""region"":""North""},""warehouse_id"":30,""notes"":""Status update: Picked Up""}",2024-02-03,retail.order.shipment,3,3,2024/02/01 00:00:00.000,E2E-order-shipment-event
2e1bd932-a5a1-4b6c-a7b7-c62961bcfa08,"{""order_id"":""O100030"",""tracking_number"":""1Z54105027846644"",""carrier"":""USPS"",""status"":""IN_TRANSIT"",""status_ts"":""2024-02-06T14:15:00Z"",""location"":{""city"":""Denver"",""region"":""South""},""warehouse_id"":30,""notes"":""Status update: In Transit""}",2024-02-06,retail.order.shipment,3,4,2024/02/01 00:00:00.000,E2E-order-shipment-event
e8d7487d-ec12-436e-b0bc-77a287060d74,"{""order_id"":""O100030"",""tracking_number"":""1Z54105027846644"",""carrier"":""USPS"",""status"":""OUT_FOR_DELIVERY"",""status_ts"":""2024-02-06T17:23:00Z"",""location"":{""city"":""Louisville"",""region"":""North""},""warehouse_id"":30,""notes"":""Status update: Out For Delivery""}",2024-02-06,retail.order.shipment,3,5,2024/02/01 00:00:00.000,E2E-order-shipment-event
a51b6ff9-ac3a-4148-b23a-7df9376fa47b,"{""order_id"":""O100030"",""tracking_number"":""1Z54105027846644"",""carrier"":""USPS"",""status"":""DELIVERED"",""status_ts"":""2024-02-05T08:36:00Z"",""location"":{""city"":""Columbus"",""region"":""South""},""warehouse_id"":30,""notes"":""Status update: Delivered""}",2024-02-05,retail.order.shipment,3,6,2024/02/01 00:00:00.000,E2E-order-shipment-event
42d5b1aa-a660-4065-850e-bb02b4589d33,"{""order_id"":""O100031"",""tracking_number"":""1Z43823764899574"",""carrier"":""FEDEX"",""status"":""LABEL_CREATED"",""status_ts"":""2024-02-18T08:57:00Z"",""location"":{""city"":""Chicago"",""region"":""East""},""warehouse_id"":19,""notes"":""Status update: Label Created""}",2024-02-18,retail.order.shipment,4,5,2024/02/01 00:00:00.000,E2E-order-shipment-event
b912d7d3-7aa0-4618-b023-376dd658606d,"{""order_id"":""O100031"",""tracking_number"":""1Z43823764899574"",""carrier"":""FEDEX"",""status"":""PICKED_UP"",""status_ts"":""2024-02-20T11:12:00Z"",""location"":{""city"":""Louisville"",""region"":""West""},""warehouse_id"":19,""notes"":""Status update: Picked Up""}",2024-02-20,retail.order.shipment,4,6,2024/02/01 00:00:00.000,E2E-order-shipment-event
bfa7e43f-2b63-473e-adc9-166bf662a278,"{""order_id"":""O100031"",""tracking_number"":""1Z43823764899574"",""carrier"":""FEDEX"",""status"":""IN_TRANSIT"",""status_ts"":""2024-02-23T14:12:00Z"",""location"":{""city"":""Denver"",""region"":""North""},""warehouse_id"":19,""notes"":""Status update: In Transit""}",2024-02-23,retail.order.shipment,4,7,2024/02/01 00:00:00.000,E2E-order-shipment-event
24d739f6-8613-4290-883a-d5af4ed2efac,"{""order_id"":""O100031"",""tracking_number"":""1Z43823764899574"",""carrier"":""FEDEX"",""status"":""OUT_FOR_DELIVERY"",""status_ts"":""2024-02-23T17:16:00Z"",""location"":{""city"":""Chicago"",""region"":""West""},""warehouse_id"":19,""notes"":""Status update: Out For Delivery""}",2024-02-23,retail.order.shipment,4,8,2024/02/01 00:00:00.000,E2E-order-shipment-event
417359e0-b8e8-451d-b7bf-4360ec686b74,"{""order_id"":""O100031"",""tracking_number"":""1Z43823764899574"",""carrier"":""FEDEX"",""status"":""DELIVERED"",""status_ts"":""2024-02-22T08:51:00Z"",""location"":{""city"":""Chicago"",""region"":""East""},""warehouse_id"":19,""notes"":""Status update: Delivered""}",2024-02-22,retail.order.shipment,4,9,2024/02/01 00:00:00.000,E2E-order-shipment-event
a5c47f79-d49b-42d8-b8d2-e3f0b3bf90d3,"{""order_id"":""O100032"",""tracking_number"":""1Z72826778289875"",""carrier"":""USPS"",""status"":""EXCEPTION"",""status_ts"":""2024-02-14T08:45:00Z"",""location"":{""city"":""Dallas"",""region"":""West""},""warehouse_id"":40,""notes"":""Status update: Exception""}",2024-02-14,retail.order.shipment,5,3,2024/02/01 00:00:00.000,E2E-order-shipment-event
daba3704-0d9f-436d-a0d3-577c91c32185,"{""order_id"":""O100033"",""tracking_number"":""1Z64140383114121"",""carrier"":""UPS"",""status"":""LABEL_CREATED"",""status_ts"":""2024-02-26T08:20:00Z"",""location"":{""city"":""Memphis"",""region"":""East""},""warehouse_id"":43,""notes"":""Status update: Label Created""}",2024-02-26,retail.order.shipment,6,5,2024/02/01 00:00:00.000,E2E-order-shipment-event
fc194c99-0776-4d52-874b-bf277990329c,"{""order_id"":""O100033"",""tracking_number"":""1Z64140383114121"",""carrier"":""UPS"",""status"":""PICKED_UP"",""status_ts"":""2024-02-29T11:50:00Z"",""location"":{""city"":""Dallas"",""region"":""North""},""warehouse_id"":43,""notes"":""Status update: Picked Up""}",2024-02-29,retail.order.shipment,6,6,2024/02/01 00:00:00.000,E2E-order-shipment-event
a08dfdc1-a105-45a5-bd63-8dfd1b966d6a,"{""order_id"":""O100035"",""tracking_number"":""1Z15043989863597"",""carrier"":""FEDEX"",""status"":""LABEL_CREATED"",""status_ts"":""2024-02-05T08:50:00Z"",""location"":{""city"":""Seattle"",""region"":""South""},""warehouse_id"":14,""notes"":""Status update: Label Created""}",2024-02-05,retail.order.shipment,0,0,2024/02/01 00:00:00.000,E2E-order-shipment-event
40e1e9a7-5f16-448a-aadf-ebc0c0e5f410,"{""order_id"":""O100035"",""tracking_number"":""1Z15043989863597"",""carrier"":""FEDEX"",""status"":""PICKED_UP"",""status_ts"":""2024-02-06T11:33:00Z"",""location"":{""city"":""Denver"",""region"":""West""},""warehouse_id"":14,""notes"":""Status update: Picked Up""}",2024-02-06,retail.order.shipment,0,1,2024/02/01 00:00:00.000,E2E-order-shipment-event
de09a2e2-4465-4abf-a78f-478cd3f16469,"{""order_id"":""O100035"",""tracking_number"":""1Z15043989863597"",""carrier"":""FEDEX"",""status"":""IN_TRANSIT"",""status_ts"":""2024-02-10T14:26:00Z"",""location"":{""city"":""Chicago"",""region"":""North""},""warehouse_id"":14,""notes"":""Status update: In Transit""}",2024-02-10,retail.order.shipment,0,2,2024/02/01 00:00:00.000,E2E-order-shipment-event
4407f891-a6b3-4408-a84b-e8f04cc05bc9,"{""order_id"":""O100035"",""tracking_number"":""1Z15043989863597"",""carrier"":""FEDEX"",""status"":""OUT_FOR_DELIVERY"",""status_ts"":""2024-02-10T17:06:00Z"",""location"":{""city"":""Seattle"",""region"":""South""},""warehouse_id"":14,""notes"":""Status update: Out For Delivery""}",2024-02-10,retail.order.shipment,0,3,2024/02/01 00:00:00.000,E2E-order-shipment-event
dcf97f6d-0eaa-4e9d-8bf8-adddf0994ba5,"{""order_id"":""O100035"",""tracking_number"":""1Z15043989863597"",""carrier"":""FEDEX"",""status"":""DELIVERED"",""status_ts"":""2024-02-11T08:44:00Z"",""location"":{""city"":""Denver"",""region"":""North""},""warehouse_id"":14,""notes"":""Status update: Delivered""}",2024-02-11,retail.order.shipment,0,4,2024/02/01 00:00:00.000,E2E-order-shipment-event
95857550-72ef-40d8-acdd-4dc4793bd6ad,"{""order_id"":""O100038"",""tracking_number"":""1Z34873287019537"",""carrier"":""USPS"",""status"":""LABEL_CREATED"",""status_ts"":""2024-02-15T08:55:00Z"",""location"":{""city"":""Dallas"",""region"":""South""},""warehouse_id"":39,""notes"":""Status update: Label Created""}",2024-02-15,retail.order.shipment,3,7,2024/02/01 00:00:00.000,E2E-order-shipment-event
cc32cbee-84fe-4230-8fd1-071fd3066495,"{""order_id"":""O100038"",""tracking_number"":""1Z34873287019537"",""carrier"":""USPS"",""status"":""PICKED_UP"",""status_ts"":""2024-02-17T11:23:00Z"",""location"":{""city"":""Chicago"",""region"":""North""},""warehouse_id"":39,""notes"":""Status update: Picked Up""}",2024-02-17,retail.order.shipment,3,8,2024/02/01 00:00:00.000,E2E-order-shipment-event
fba77136-a4ad-4102-ab51-5a2326e2c9f1,"{""order_id"":""O100040"",""tracking_number"":""1Z69710553061838"",""carrier"":""UPS"",""status"":""LABEL_CREATED"",""status_ts"":""2024-02-20T08:27:00Z"",""location"":{""city"":""Atlanta"",""region"":""South""},""warehouse_id"":50,""notes"":""Status update: Label Created""}",2024-02-20,retail.order.shipment,4,10,2024/02/01 00:00:00.000,E2E-order-shipment-event
5234e889-da15-43a4-96d2-3cd844b014ff,"{""order_id"":""O100040"",""tracking_number"":""1Z69710553061838"",""carrier"":""UPS"",""status"":""PICKED_UP"",""status_ts"":""2024-02-23T11:32:00Z"",""location"":{""city"":""Columbus"",""region"":""North""},""warehouse_id"":50,""notes"":""Status update: Picked Up""}",2024-02-23,retail.order.shipment,4,11,2024/02/01 00:00:00.000,E2E-order-shipment-event
9221a6b8-6cd9-42fb-baf2-d3fc64810a6c,"{""order_id"":""O100040"",""tracking_number"":""1Z69710553061838"",""carrier"":""UPS"",""status"":""IN_TRANSIT"",""status_ts"":""2024-02-25T14:17:00Z"",""location"":{""city"":""Atlanta"",""region"":""East""},""warehouse_id"":50,""notes"":""Status update: In Transit""}",2024-02-25,retail.order.shipment,4,12,2024/02/01 00:00:00.000,E2E-order-shipment-event
eed33c18-cb13-4051-9675-408303bbfb8f,"{""order_id"":""O100041"",""tracking_number"":""1Z79010634377936"",""carrier"":""USPS"",""status"":""LABEL_CREATED"",""status_ts"":""2024-02-23T08:18:00Z"",""location"":{""city"":""Denver"",""region"":""South""},""warehouse_id"":65,""notes"":""Status update: Label Created""}",2024-02-23,retail.order.shipment,5,4,2024/02/01 00:00:00.000,E2E-order-shipment-event
85a84034-9316-4fbd-ba8e-447034a8e6b0,"{""order_id"":""O100041"",""tracking_number"":""1Z79010634377936"",""carrier"":""USPS"",""status"":""PICKED_UP"",""status_ts"":""2024-02-26T11:17:00Z"",""location"":{""city"":""Denver"",""region"":""South""},""warehouse_id"":65,""notes"":""Status update: Picked Up""}",2024-02-26,retail.order.shipment,5,5,2024/02/01 00:00:00.000,E2E-order-shipment-event
8acb15a9-e959-40f0-b814-c06548475328,"{""order_id"":""O100041"",""tracking_number"":""1Z79010634377936"",""carrier"":""USPS"",""status"":""IN_TRANSIT"",""status_ts"":""2024-02-29T14:44:00Z"",""location"":{""city"":""Chicago"",""region"":""North""},""warehouse_id"":65,""notes"":""Status update: In Transit""}",2024-02-29,retail.order.shipment,5,6,2024/02/01 00:00:00.000,E2E-order-shipment-event
7741b73a-cf8e-4ad3-8f79-2b54860f37a7,"{""order_id"":""O100042"",""tracking_number"":""1Z11050668019069"",""carrier"":""FEDEX"",""status"":""LABEL_CREATED"",""status_ts"":""2024-02-26T08:53:00Z"",""location"":{""city"":""Memphis"",""region"":""West""},""warehouse_id"":85,""notes"":""Status update: Label Created""}",2024-02-26,retail.order.shipment,6,7,2024/02/01 00:00:00.000,E2E-order-shipment-event
2f279679-ffc2-4aea-ac15-dcb34a14ddc9,"{""order_id"":""O100042"",""tracking_number"":""1Z11050668019069"",""carrier"":""FEDEX"",""status"":""PICKED_UP"",""status_ts"":""2024-02-27T11:27:00Z"",""location"":{""city"":""Memphis"",""region"":""East""},""warehouse_id"":85,""notes"":""Status update: Picked Up""}",2024-02-27,retail.order.shipment,6,8,2024/02/01 00:00:00.000,E2E-order-shipment-event
f77b020a-dedd-4928-8955-02870ec5448b,"{""order_id"":""O100042"",""tracking_number"":""1Z11050668019069"",""carrier"":""FEDEX"",""status"":""IN_TRANSIT"",""status_ts"":""2024-03-02T14:23:00Z"",""location"":{""city"":""Memphis"",""region"":""South""},""warehouse_id"":85,""notes"":""Status update: In Transit""}",2024-03-02,retail.order.shipment,6,9,2024/02/01 00:00:00.000,E2E-order-shipment-event
81039e7e-3d11-4fe1-b302-3d9920e32a66,"{""order_id"":""O100046"",""tracking_number"":""1Z70694015656805"",""carrier"":""USPS"",""status"":""LABEL_CREATED"",""status_ts"":""2024-02-01T08:10:00Z"",""location"":{""city"":""Columbus"",""region"":""East""},""warehouse_id"":75,""notes"":""Status update: Label Created""}",2024-02-01,retail.order.shipment,2,1,2024/02/01 00:00:00.000,E2E-order-shipment-event
d5eaff76-b2cb-4b06-a897-9827e32b1a0e,"{""order_id"":""O100046"",""tracking_number"":""1Z70694015656805"",""carrier"":""USPS"",""status"":""PICKED_UP"",""status_ts"":""2024-02-03T11:38:00Z"",""location"":{""city"":""Chicago"",""region"":""West""},""warehouse_id"":75,""notes"":""Status update: Picked Up""}",2024-02-03,retail.order.shipment,2,2,2024/02/01 00:00:00.000,E2E-order-shipment-event
449b0a2e-70cc-42e0-b36b-46c00cdb1c26,"{""order_id"":""O100046"",""tracking_number"":""1Z70694015656805"",""carrier"":""USPS"",""status"":""IN_TRANSIT"",""status_ts"":""2024-02-05T14:16:00Z"",""location"":{""city"":""Columbus"",""region"":""East""},""warehouse_id"":75,""notes"":""Status update: In Transit""}",2024-02-05,retail.order.shipment,2,3,2024/02/01 00:00:00.000,E2E-order-shipment-event
38b8df4e-4f47-4878-8033-1454bbd56b96,"{""order_id"":""O100046"",""tracking_number"":""1Z70694015656805"",""carrier"":""USPS"",""status"":""OUT_FOR_DELIVERY"",""status_ts"":""2024-02-05T17:35:00Z"",""location"":{""city"":""Chicago"",""region"":""North""},""warehouse_id"":75,""notes"":""Status update: Out For Delivery""}",2024-02-05,retail.order.shipment,2,4,2024/02/01 00:00:00.000,E2E-order-shipment-event
a4803a5c-c36f-4227-a883-d87901bcc4f6,"{""order_id"":""O100048"",""tracking_number"":""1Z14876178314826"",""carrier"":""USPS"",""status"":""LABEL_CREATED"",""status_ts"":""2024-02-19T08:58:00Z"",""location"":{""city"":""Denver"",""region"":""East""},""warehouse_id"":27,""notes"":""Status update: Label Created""}",2024-02-19,retail.order.shipment,4,13,2024/02/01 00:00:00.000,E2E-order-shipment-event
efc3d83e-6cd8-4721-a9a0-b4cf49f3608c,"{""order_id"":""O100048"",""tracking_number"":""1Z14876178314826"",""carrier"":""USPS"",""status"":""PICKED_UP"",""status_ts"":""2024-02-20T11:40:00Z"",""location"":{""city"":""Denver"",""region"":""South""},""warehouse_id"":27,""notes"":""Status update: Picked Up""}",2024-02-20,retail.order.shipment,4,14,2024/02/01 00:00:00.000,E2E-order-shipment-event
0ac0b8ad-ca93-4fcc-9215-f6543107ca31,"{""order_id"":""O100052"",""tracking_number"":""1Z81737947599322"",""carrier"":""UPS"",""status"":""LABEL_CREATED"",""status_ts"":""2024-02-26T08:25:00Z"",""location"":{""city"":""Atlanta"",""region"":""North""},""warehouse_id"":77,""notes"":""Status update: Label Created""}",2024-02-26,retail.order.shipment,7,5,2024/02/01 00:00:00.000,E2E-order-shipment-event
32fd0030-eeb6-46a1-81e6-bdbd0edf9b50,"{""order_id"":""O100052"",""tracking_number"":""1Z81737947599322"",""carrier"":""UPS"",""status"":""PICKED_UP"",""status_ts"":""2024-02-27T11:54:00Z"",""location"":{""city"":""Chicago"",""region"":""West""},""warehouse_id"":77,""notes"":""Status update: Picked Up""}",2024-02-27,retail.order.shipment,7,6,2024/02/01 00:00:00.000,E2E-order-shipment-event
857c996d-5fd4-443f-bd66-83fe29f3a26f,"{""order_id"":""O100052"",""tracking_number"":""1Z81737947599322"",""carrier"":""UPS"",""status"":""IN_TRANSIT"",""status_ts"":""2024-02-29T14:58:00Z"",""location"":{""city"":""Dallas"",""region"":""West""},""warehouse_id"":77,""notes"":""Status update: In Transit""}",2024-02-29,retail.order.shipment,7,7,2024/02/01 00:00:00.000,E2E-order-shipment-event
3f1905e7-190f-44f1-a0f8-58eb06c5aa99,"{""order_id"":""O100055"",""tracking_number"":""1Z73920239995581"",""carrier"":""DHL"",""status"":""LABEL_CREATED"",""status_ts"":""2024-02-20T08:50:00Z"",""location"":{""city"":""Louisville"",""region"":""West""},""warehouse_id"":85,""notes"":""Status update: Label Created""}",2024-02-20,retail.order.shipment,2,5,2024/02/01 00:00:00.000,E2E-order-shipment-event
8a5ddcd7-347d-498e-ac5b-d5e8c8269697,"{""order_id"":""O100055"",""tracking_number"":""1Z73920239995581"",""carrier"":""DHL"",""status"":""PICKED_UP"",""status_ts"":""2024-02-22T11:46:00Z"",""location"":{""city"":""Chicago"",""region"":""South""},""warehouse_id"":85,""notes"":""Status update: Picked Up""}",2024-02-22,retail.order.shipment,2,6,2024/02/01 00:00:00.000,E2E-order-shipment-event
3297ef43-eb60-4dc4-ac75-d273489f41cc,"{""order_id"":""O100055"",""tracking_number"":""1Z73920239995581"",""carrier"":""DHL"",""status"":""IN_TRANSIT"",""status_ts"":""2024-02-26T14:35:00Z"",""location"":{""city"":""Memphis"",""region"":""North""},""warehouse_id"":85,""notes"":""Status update: In Transit""}",2024-02-26,retail.order.shipment,2,7,2024/02/01 00:00:00.000,E2E-order-shipment-event
2b75ff0e-7918-4b19-baae-418f40c40052,"{""order_id"":""O100055"",""tracking_number"":""1Z73920239995581"",""carrier"":""DHL"",""status"":""OUT_FOR_DELIVERY"",""status_ts"":""2024-02-26T17:28:00Z"",""location"":{""city"":""Seattle"",""region"":""East""},""warehouse_id"":85,""notes"":""Status update: Out For Delivery""}",2024-02-26,retail.order.shipment,2,8,2024/02/01 00:00:00.000,E2E-order-shipment-event
f6a1a346-86d1-4208-85ef-ff7754c03a08,"{""order_id"":""O100055"",""tracking_number"":""1Z73920239995581"",""carrier"":""DHL"",""status"":""DELIVERED"",""status_ts"":""2024-02-27T08:40:00Z"",""location"":{""city"":""Atlanta"",""region"":""South""},""warehouse_id"":85,""notes"":""Status update: Delivered""}",2024-02-27,retail.order.shipment,2,9,2024/02/01 00:00:00.000,E2E-order-shipment-event
d619ddfb-e199-4307-993c-60a3e7e8154e,"{""order_id"":""O100056"",""tracking_number"":""1Z14179597529793"",""carrier"":""USPS"",""status"":""LABEL_CREATED"",""status_ts"":""2024-02-24T08:06:00Z"",""location"":{""city"":""Denver"",""region"":""South""},""warehouse_id"":88,""notes"":""Status update: Label Created""}",2024-02-24,retail.order.shipment,3,9,2024/02/01 00:00:00.000,E2E-order-shipment-event
e0f28da2-2511-4424-a42f-6c72975b3eee,"{""order_id"":""O100056"",""tracking_number"":""1Z14179597529793"",""carrier"":""USPS"",""status"":""PICKED_UP"",""status_ts"":""2024-02-27T11:47:00Z"",""location"":{""city"":""Memphis"",""region"":""South""},""warehouse_id"":88,""notes"":""Status update: Picked Up""}",2024-02-27,retail.order.shipment,3,10,2024/02/01 00:00:00.000,E2E-order-shipment-event
9f8c3016-7ae9-4a41-a7a1-d9e5ed5ee827,"{""order_id"":""O100056"",""tracking_number"":""1Z14179597529793"",""carrier"":""USPS"",""status"":""IN_TRANSIT"",""status_ts"":""2024-02-29T14:02:00Z"",""location"":{""city"":""Atlanta"",""region"":""North""},""warehouse_id"":88,""notes"":""Status update: In Transit""}",2024-02-29,retail.order.shipment,3,11,2024/02/01 00:00:00.000,E2E-order-shipment-event
59e3d192-18bd-45b4-a45a-6a737437c3c9,"{""order_id"":""O100064"",""tracking_number"":""1Z99618716513783"",""carrier"":""USPS"",""status"":""LABEL_CREATED"",""status_ts"":""2024-02-05T08:44:00Z"",""location"":{""city"":""Denver"",""region"":""South""},""warehouse_id"":49,""notes"":""Status update: Label Created""}",2024-02-05,retail.order.shipment,2,10,2024/02/01 00:00:00.000,E2E-order-shipment-event
361c3d36-7953-43ef-a1a4-81a6763332d4,"{""order_id"":""O100064"",""tracking_number"":""1Z99618716513783"",""carrier"":""USPS"",""status"":""PICKED_UP"",""status_ts"":""2024-02-08T11:11:00Z"",""location"":{""city"":""Denver"",""region"":""South""},""warehouse_id"":49,""notes"":""Status update: Picked Up""}",2024-02-08,retail.order.shipment,2,11,2024/02/01 00:00:00.000,E2E-order-shipment-event
9388b90b-7e76-4086-82bd-8e2de988125f,"{""order_id"":""O100067"",""tracking_number"":""1Z17329887091368"",""carrier"":""USPS"",""status"":""LABEL_CREATED"",""status_ts"":""2024-02-22T08:21:00Z"",""location"":{""city"":""Seattle"",""region"":""South""},""warehouse_id"":22,""notes"":""Status update: Label Created""}",2024-02-22,retail.order.shipment,5,7,2024/02/01 00:00:00.000,E2E-order-shipment-event
1975057e-3749-4b3b-8eed-7d9dcc1c27b0,"{""order_id"":""O100067"",""tracking_number"":""1Z17329887091368"",""carrier"":""USPS"",""status"":""PICKED_UP"",""status_ts"":""2024-02-24T11:44:00Z"",""location"":{""city"":""Columbus"",""region"":""West""},""warehouse_id"":22,""notes"":""Status update: Picked Up""}",2024-02-24,retail.order.shipment,5,8,2024/02/01 00:00:00.000,E2E-order-shipment-event
7fcc5a1b-251b-4f65-ae36-191a60552e23,"{""order_id"":""O100067"",""tracking_number"":""1Z17329887091368"",""carrier"":""USPS"",""status"":""IN_TRANSIT"",""status_ts"":""2024-02-27T14:59:00Z"",""location"":{""city"":""Seattle"",""region"":""North""},""warehouse_id"":22,""notes"":""Status update: In Transit""}",2024-02-27,retail.order.shipment,5,9,2024/02/01 00:00:00.000,E2E-order-shipment-event
05338463-df32-4284-9ac2-9b56dfb42932,"{""order_id"":""O100069"",""tracking_number"":""1Z55121829532229"",""carrier"":""UPS"",""status"":""LABEL_CREATED"",""status_ts"":""2024-02-11T08:22:00Z"",""location"":{""city"":""Memphis"",""region"":""South""},""warehouse_id"":26,""notes"":""Status update: Label Created""}",2024-02-11,retail.order.shipment,7,8,2024/02/01 00:00:00.000,E2E-order-shipment-event
ce0b3e32-72ec-4694-ac73-c4d667a14a99,"{""order_id"":""O100074"",""tracking_number"":""1Z69936958215001"",""carrier"":""FEDEX"",""status"":""LABEL_CREATED"",""status_ts"":""2024-02-26T08:46:00Z"",""location"":{""city"":""Chicago"",""region"":""South""},""warehouse_id"":97,""notes"":""Status update: Label Created""}",2024-02-26,retail.order.shipment,3,12,2024/02/01 00:00:00.000,E2E-order-shipment-event
c7cbe099-852e-4549-b7cd-57d697c20e14,"{""order_id"":""O100074"",""tracking_number"":""1Z69936958215001"",""carrier"":""FEDEX"",""status"":""PICKED_UP"",""status_ts"":""2024-02-28T11:31:00Z"",""location"":{""city"":""Atlanta"",""region"":""South""},""warehouse_id"":97,""notes"":""Status update: Picked Up""}",2024-02-28,retail.order.shipment,3,13,2024/02/01 00:00:00.000,E2E-order-shipment-event
e9544100-31e5-4942-9d75-2e8d53e41745,"{""order_id"":""O100074"",""tracking_number"":""1Z69936958215001"",""carrier"":""FEDEX"",""status"":""IN_TRANSIT"",""status_ts"":""2024-03-01T14:13:00Z"",""location"":{""city"":""Atlanta"",""region"":""East""},""warehouse_id"":97,""notes"":""Status update: In Transit""}",2024-03-01,retail.order.shipment,3,14,2024/02/01 00:00:00.000,E2E-order-shipment-event
bcd8ecd4-4d74-47db-a54b-54b801d03c51,"{""order_id"":""O100074"",""tracking_number"":""1Z69936958215001"",""carrier"":""FEDEX"",""status"":""OUT_FOR_DELIVERY"",""status_ts"":""2024-03-01T17:08:00Z"",""location"":{""city"":""Columbus"",""region"":""East""},""warehouse_id"":97,""notes"":""Status update: Out For Delivery""}",2024-03-01,retail.order.shipment,3,15,2024/02/01 00:00:00.000,E2E-order-shipment-event
ac60bfb6-0e69-4aba-a48e-b11c1c7cf4de,"{""order_id"":""O100074"",""tracking_number"":""1Z69936958215001"",""carrier"":""FEDEX"",""status"":""DELIVERED"",""status_ts"":""2024-02-29T08:28:00Z"",""location"":{""city"":""Seattle"",""region"":""South""},""warehouse_id"":97,""notes"":""Status update: Delivered""}",2024-02-29,retail.order.shipment,3,16,2024/02/01 00:00:00.000,E2E-order-shipment-event
36339d3d-004b-4b95-82df-8208469e87ce,"{""order_id"":""O100077"",""tracking_number"":""1Z67794920215447"",""carrier"":""DHL"",""status"":""LABEL_CREATED"",""status_ts"":""2024-02-15T08:48:00Z"",""location"":{""city"":""Memphis"",""region"":""West""},""warehouse_id"":13,""notes"":""Status update: Label Created""}",2024-02-15,retail.order.shipment,6,10,2024/02/01 00:00:00.000,E2E-order-shipment-event
6b8e0c8e-33f0-40ed-9799-8fb29f4c61c4,"{""order_id"":""O100077"",""tracking_number"":""1Z67794920215447"",""carrier"":""DHL"",""status"":""PICKED_UP"",""status_ts"":""2024-02-16T11:56:00Z"",""location"":{""city"":""Denver"",""region"":""West""},""warehouse_id"":13,""notes"":""Status update: Picked Up""}",2024-02-16,retail.order.shipment,6,11,2024/02/01 00:00:00.000,E2E-order-shipment-event
106bcf8f-fb50-46a9-bb04-732a70169f6f,"{""order_id"":""O100077"",""tracking_number"":""1Z67794920215447"",""carrier"":""DHL"",""status"":""IN_TRANSIT"",""status_ts"":""2024-02-19T14:12:00Z"",""location"":{""city"":""Dallas"",""region"":""South""},""warehouse_id"":13,""notes"":""Status update: In Transit""}",2024-02-19,retail.order.shipment,6,12,2024/02/01 00:00:00.000,E2E-order-shipment-event
e6fbe0b7-b9e5-4bac-809c-cd2e17331a7c,"{""order_id"":""O100077"",""tracking_number"":""1Z67794920215447"",""carrier"":""DHL"",""status"":""OUT_FOR_DELIVERY"",""status_ts"":""2024-02-19T17:25:00Z"",""location"":{""city"":""Columbus"",""region"":""West""},""warehouse_id"":13,""notes"":""Status update: Out For Delivery""}",2024-02-19,retail.order.shipment,6,13,2024/02/01 00:00:00.000,E2E-order-shipment-event
b5e3e69e-7c3e-462e-8e83-91d537acc091,"{""order_id"":""O100083"",""tracking_number"":""1Z66701736013054"",""carrier"":""UPS"",""status"":""LABEL_CREATED"",""status_ts"":""2024-02-19T08:45:00Z"",""location"":{""city"":""Denver"",""region"":""South""},""warehouse_id"":28,""notes"":""Status update: Label Created""}",2024-02-19,retail.order.shipment,3,17,2024/02/01 00:00:00.000,E2E-order-shipment-event
6aeb14b7-a7e0-4e81-8b37-d5ac20408b9a,"{""order_id"":""O100083"",""tracking_number"":""1Z66701736013054"",""carrier"":""UPS"",""status"":""PICKED_UP"",""status_ts"":""2024-02-20T11:47:00Z"",""location"":{""city"":""Atlanta"",""region"":""North""},""warehouse_id"":28,""notes"":""Status update: Picked Up""}",2024-02-20,retail.order.shipment,3,18,2024/02/01 00:00:00.000,E2E-order-shipment-event
c40d7563-b4e9-40c1-ad0b-7b71ca931605,"{""order_id"":""O100084"",""tracking_number"":""1Z60061675091538"",""carrier"":""UPS"",""status"":""LABEL_CREATED"",""status_ts"":""2024-02-26T08:30:00Z"",""location"":{""city"":""Atlanta"",""region"":""West""},""warehouse_id"":42,""notes"":""Status update: Label Created""}",2024-02-26,retail.order.shipment,4,15,2024/02/01 00:00:00.000,E2E-order-shipment-event
33edd589-f261-48f7-9f70-687e8ada33ad,"{""order_id"":""O100084"",""tracking_number"":""1Z60061675091538"",""carrier"":""UPS"",""status"":""PICKED_UP"",""status_ts"":""2024-02-28T11:29:00Z"",""location"":{""city"":""Columbus"",""region"":""East""},""warehouse_id"":42,""notes"":""Status update: Picked Up""}",2024-02-28,retail.order.shipment,4,16,2024/02/01 00:00:00.000,E2E-order-shipment-event
4bec1fd9-609f-47a4-a535-529011ade04b,"{""order_id"":""O100084"",""tracking_number"":""1Z60061675091538"",""carrier"":""UPS"",""status"":""IN_TRANSIT"",""status_ts"":""2024-03-02T14:46:00Z"",""location"":{""city"":""Dallas"",""region"":""North""},""warehouse_id"":42,""notes"":""Status update: In Transit""}",2024-03-02,retail.order.shipment,4,17,2024/02/01 00:00:00.000,E2E-order-shipment-event
108f4be2-959e-4591-a148-466f1c3a8e16,"{""order_id"":""O100084"",""tracking_number"":""1Z60061675091538"",""carrier"":""UPS"",""status"":""OUT_FOR_DELIVERY"",""status_ts"":""2024-03-02T17:02:00Z"",""location"":{""city"":""Chicago"",""region"":""South""},""warehouse_id"":42,""notes"":""Status update: Out For Delivery""}",2024-03-02,retail.order.shipment,4,18,2024/02/01 00:00:00.000,E2E-order-shipment-event
5b1d04f6-81bc-40e3-9f80-f44a3fc7fa99,"{""order_id"":""O100085"",""tracking_number"":""1Z70421858650645"",""carrier"":""DHL"",""status"":""LABEL_CREATED"",""status_ts"":""2024-02-06T08:41:00Z"",""location"":{""city"":""Dallas"",""region"":""North""},""warehouse_id"":46,""notes"":""Status update: Label Created""}",2024-02-06,retail.order.shipment,5,10,2024/02/01 00:00:00.000,E2E-order-shipment-event
21a5605e-a8de-4883-9d0d-9207c2c4dfc3,"{""order_id"":""O100085"",""tracking_number"":""1Z70421858650645"",""carrier"":""DHL"",""status"":""PICKED_UP"",""status_ts"":""2024-02-09T11:13:00Z"",""location"":{""city"":""Atlanta"",""region"":""West""},""warehouse_id"":46,""notes"":""Status update: Picked Up""}",2024-02-09,retail.order.shipment,5,11,2024/02/01 00:00:00.000,E2E-order-shipment-event
25bde2bc-7065-4462-8901-ed548350fae1,"{""order_id"":""O100086"",""tracking_number"":""1Z32045839918343"",""carrier"":""USPS"",""status"":""LABEL_CREATED"",""status_ts"":""2024-02-08T08:04:00Z"",""location"":{""city"":""Dallas"",""region"":""South""},""warehouse_id"":58,""notes"":""Status update: Label Created""}",2024-02-08,retail.order.shipment,6,14,2024/02/01 00:00:00.000,E2E-order-shipment-event
1248126a-d25d-45ae-954d-b38828c11fde,"{""order_id"":""O100090"",""tracking_number"":""1Z17583716298582"",""carrier"":""DHL"",""status"":""EXCEPTION"",""status_ts"":""2024-03-01T08:10:00Z"",""location"":{""city"":""Seattle"",""region"":""South""},""warehouse_id"":82,""notes"":""Status update: Exception""}",2024-03-01,retail.order.shipment,1,6,2024/02/01 00:00:00.000,E2E-order-shipment-event
455af6e5-4a71-478c-894c-fb050ae46d69,"{""order_id"":""O100091"",""tracking_number"":""1Z38513540278259"",""carrier"":""FEDEX"",""status"":""LABEL_CREATED"",""status_ts"":""2024-02-28T08:53:00Z"",""location"":{""city"":""Louisville"",""region"":""East""},""warehouse_id"":96,""notes"":""Status update: Label Created""}",2024-02-28,retail.order.shipment,2,12,2024/02/01 00:00:00.000,E2E-order-shipment-event
01a79ec2-517e-4302-9ece-05079d64e05f,"{""order_id"":""O100091"",""tracking_number"":""1Z38513540278259"",""carrier"":""FEDEX"",""status"":""PICKED_UP"",""status_ts"":""2024-02-29T11:29:00Z"",""location"":{""city"":""Memphis"",""region"":""North""},""warehouse_id"":96,""notes"":""Status update: Picked Up""}",2024-02-29,retail.order.shipment,2,13,2024/02/01 00:00:00.000,E2E-order-shipment-event
5ddfda5c-a601-4d08-a37a-4b544f538bb0,"{""order_id"":""O100093"",""tracking_number"":""1Z42385045245781"",""carrier"":""DHL"",""status"":""LABEL_CREATED"",""status_ts"":""2024-02-21T08:09:00Z"",""location"":{""city"":""Memphis"",""region"":""North""},""warehouse_id"":44,""notes"":""Status update: Label Created""}",2024-02-21,retail.order.shipment,4,19,2024/02/01 00:00:00.000,E2E-order-shipment-event
f2cce6ee-b2d0-4e65-bd60-1b36d9579109,"{""order_id"":""O100093"",""tracking_number"":""1Z42385045245781"",""carrier"":""DHL"",""status"":""PICKED_UP"",""status_ts"":""2024-02-22T11:23:00Z"",""location"":{""city"":""Denver"",""region"":""North""},""warehouse_id"":44,""notes"":""Status update: Picked Up""}",2024-02-22,retail.order.shipment,4,20,2024/02/01 00:00:00.000,E2E-order-shipment-event
133a4193-4e6c-42cd-a7cd-8459de3cffb8,"{""order_id"":""O100093"",""tracking_number"":""1Z42385045245781"",""carrier"":""DHL"",""status"":""IN_TRANSIT"",""status_ts"":""2024-02-26T14:24:00Z"",""location"":{""city"":""Louisville"",""region"":""South""},""warehouse_id"":44,""notes"":""Status update: In Transit""}",2024-02-26,retail.order.shipment,4,21,2024/02/01 00:00:00.000,E2E-order-shipment-event
8e1e10a7-b6dd-46f5-a2b3-4bdeada23bb7,"{""order_id"":""O100093"",""tracking_number"":""1Z42385045245781"",""carrier"":""DHL"",""status"":""OUT_FOR_DELIVERY"",""status_ts"":""2024-02-26T17:34:00Z"",""location"":{""city"":""Atlanta"",""region"":""South""},""warehouse_id"":44,""notes"":""Status update: Out For Delivery""}",2024-02-26,retail.order.shipment,4,22,2024/02/01 00:00:00.000,E2E-order-shipment-event
19a1881d-4f44-43d0-80d4-b75f93de28e4,"{""order_id"":""O100094"",""tracking_number"":""1Z25654554767589"",""carrier"":""USPS"",""status"":""LABEL_CREATED"",""status_ts"":""2024-02-02T08:08:00Z"",""location"":{""city"":""Chicago"",""region"":""East""},""warehouse_id"":31,""notes"":""Status update: Label Created""}",2024-02-02,retail.order.shipment,5,12,2024/02/01 00:00:00.000,E2E-order-shipment-event
e5c3b929-a172-4894-96e8-7c43272ea458,"{""order_id"":""O100094"",""tracking_number"":""1Z25654554767589"",""carrier"":""USPS"",""status"":""PICKED_UP"",""status_ts"":""2024-02-04T11:39:00Z"",""location"":{""city"":""Louisville"",""region"":""North""},""warehouse_id"":31,""notes"":""Status update: Picked Up""}",2024-02-04,retail.order.shipment,5,13,2024/02/01 00:00:00.000,E2E-order-shipment-event
5927fe0a-d1c1-4590-a384-a2a2d6a70428,"{""order_id"":""O100094"",""tracking_number"":""1Z25654554767589"",""carrier"":""USPS"",""status"":""IN_TRANSIT"",""status_ts"":""2024-02-07T14:59:00Z"",""location"":{""city"":""Columbus"",""region"":""North""},""warehouse_id"":31,""notes"":""Status update: In Transit""}",2024-02-07,retail.order.shipment,5,14,2024/02/01 00:00:00.000,E2E-order-shipment-event
cd5c4a0b-403b-4e66-ab29-c30d31b7c202,"{""order_id"":""O100100"",""tracking_number"":""1Z25286635925231"",""carrier"":""USPS"",""status"":""LABEL_CREATED"",""status_ts"":""2024-02-19T08:51:00Z"",""location"":{""city"":""Columbus"",""region"":""South""},""warehouse_id"":4,""notes"":""Status update: Label Created""}",2024-02-19,retail.order.shipment,1,7,2024/02/01 00:00:00.000,E2E-order-shipment-event
8fa82693-ab2d-470b-881a-8702f263720e,"{""order_id"":""O100100"",""tracking_number"":""1Z25286635925231"",""carrier"":""USPS"",""status"":""PICKED_UP"",""status_ts"":""2024-02-21T11:39:00Z"",""location"":{""city"":""Chicago"",""region"":""West""},""warehouse_id"":4,""notes"":""Status update: Picked Up""}",2024-02-21,retail.order.shipment,1,8,2024/02/01 00:00:00.000,E2E-order-shipment-event
f63b91a6-e04e-4b8c-941a-ae75950b100f,"{""order_id"":""O100100"",""tracking_number"":""1Z25286635925231"",""carrier"":""USPS"",""status"":""IN_TRANSIT"",""status_ts"":""2024-02-24T14:28:00Z"",""location"":{""city"":""Atlanta"",""region"":""West""},""warehouse_id"":4,""notes"":""Status update: In Transit""}",2024-02-24,retail.order.shipment,1,9,2024/02/01 00:00:00.000,E2E-order-shipment-event
7b298792-0695-4409-9908-c309a3376dde,"{""order_id"":""O100100"",""tracking_number"":""1Z25286635925231"",""carrier"":""USPS"",""status"":""OUT_FOR_DELIVERY"",""status_ts"":""2024-02-24T17:20:00Z"",""location"":{""city"":""Denver"",""region"":""North""},""warehouse_id"":4,""notes"":""Status update: Out For Delivery""}",2024-02-24,retail.order.shipment,1,10,2024/02/01 00:00:00.000,E2E-order-shipment-event
75b0a991-7aeb-4b9b-b0ef-d27c4bc45bc8,"{""order_id"":""O100101"",""tracking_number"":""1Z99003896495964"",""carrier"":""FEDEX"",""status"":""LABEL_CREATED"",""status_ts"":""2024-02-10T08:32:00Z"",""location"":{""city"":""Chicago"",""region"":""West""},""warehouse_id"":97,""notes"":""Status update: Label Created""}",2024-02-10,retail.order.shipment,2,14,2024/02/01 00:00:00.000,E2E-order-shipment-event
4fdcdc43-2a02-43d4-9469-253079f24c6f,"{""order_id"":""O100101"",""tracking_number"":""1Z99003896495964"",""carrier"":""FEDEX"",""status"":""PICKED_UP"",""status_ts"":""2024-02-12T11:48:00Z"",""location"":{""city"":""Seattle"",""region"":""South""},""warehouse_id"":97,""notes"":""Status update: Picked Up""}",2024-02-12,retail.order.shipment,2,15,2024/02/01 00:00:00.000,E2E-order-shipment-event
370a8aa4-c317-4dd2-a849-114cf56f791f,"{""order_id"":""O100101"",""tracking_number"":""1Z99003896495964"",""carrier"":""FEDEX"",""status"":""IN_TRANSIT"",""status_ts"":""2024-02-16T14:47:00Z"",""location"":{""city"":""Denver"",""region"":""East""},""warehouse_id"":97,""notes"":""Status update: In Transit""}",2024-02-16,retail.order.shipment,2,16,2024/02/01 00:00:00.000,E2E-order-shipment-event
f34ec9f8-9805-4748-8f57-87c3589db0f3,"{""order_id"":""O100101"",""tracking_number"":""1Z99003896495964"",""carrier"":""FEDEX"",""status"":""OUT_FOR_DELIVERY"",""status_ts"":""2024-02-16T17:37:00Z"",""location"":{""city"":""Louisville"",""region"":""North""},""warehouse_id"":97,""notes"":""Status update: Out For Delivery""}",2024-02-16,retail.order.shipment,2,17,2024/02/01 00:00:00.000,E2E-order-shipment-event
81afb48f-03dc-4782-8323-8a2f5f0ea767,"{""order_id"":""O100101"",""tracking_number"":""1Z99003896495964"",""carrier"":""FEDEX"",""status"":""DELIVERED"",""status_ts"":""2024-02-17T08:20:00Z"",""location"":{""city"":""Columbus"",""region"":""North""},""warehouse_id"":97,""notes"":""Status update: Delivered""}",2024-02-17,retail.order.shipment,2,18,2024/02/01 00:00:00.000,E2E-order-shipment-event
76a1308a-8651-4615-a066-100e4c88fbaf,"{""order_id"":""O100106"",""tracking_number"":""1Z54034699190301"",""carrier"":""USPS"",""status"":""LABEL_CREATED"",""status_ts"":""2024-02-10T08:39:00Z"",""location"":{""city"":""Memphis"",""region"":""East""},""warehouse_id"":7,""notes"":""Status update: Label Created""}",2024-02-10,retail.order.shipment,7,9,2024/02/01 00:00:00.000,E2E-order-shipment-event
ed1e39bf-a859-4cee-abeb-ed68ff829159,"{""order_id"":""O100106"",""tracking_number"":""1Z54034699190301"",""carrier"":""USPS"",""status"":""PICKED_UP"",""status_ts"":""2024-02-13T11:11:00Z"",""location"":{""city"":""Columbus"",""region"":""East""},""warehouse_id"":7,""notes"":""Status update: Picked Up""}",2024-02-13,retail.order.shipment,7,10,2024/02/01 00:00:00.000,E2E-order-shipment-event
e3d155db-a0c0-4385-a0a0-40f64e2f4bb7,"{""order_id"":""O100106"",""tracking_number"":""1Z54034699190301"",""carrier"":""USPS"",""status"":""IN_TRANSIT"",""status_ts"":""2024-02-15T14:00:00Z"",""location"":{""city"":""Atlanta"",""region"":""South""},""warehouse_id"":7,""notes"":""Status update: In Transit""}",2024-02-15,retail.order.shipment,7,11,2024/02/01 00:00:00.000,E2E-order-shipment-event
2dba3d02-d8f3-441e-bff3-81809edb5049,"{""order_id"":""O100110"",""tracking_number"":""1Z58734131548995"",""carrier"":""FEDEX"",""status"":""LABEL_CREATED"",""status_ts"":""2024-02-27T08:37:00Z"",""location"":{""city"":""Columbus"",""region"":""East""},""warehouse_id"":30,""notes"":""Status update: Label Created""}",2024-02-27,retail.order.shipment,2,19,2024/02/01 00:00:00.000,E2E-order-shipment-event
c493b2b0-2448-4da6-a3c3-86469f1fcc22,"{""order_id"":""O100111"",""tracking_number"":""1Z34573223681546"",""carrier"":""USPS"",""status"":""EXCEPTION"",""status_ts"":""2024-02-13T08:39:00Z"",""location"":{""city"":""Denver"",""region"":""West""},""warehouse_id"":26,""notes"":""Status update: Exception""}",2024-02-13,retail.order.shipment,3,19,2024/02/01 00:00:00.000,E2E-order-shipment-event
a694c42f-3503-4a7d-8df3-23d3d1a05019,"{""order_id"":""O100114"",""tracking_number"":""1Z92767537588192"",""carrier"":""FEDEX"",""status"":""LABEL_CREATED"",""status_ts"":""2024-02-14T08:11:00Z"",""location"":{""city"":""Chicago"",""region"":""West""},""warehouse_id"":65,""notes"":""Status update: Label Created""}",2024-02-14,retail.order.shipment,6,15,2024/02/01 00:00:00.000,E2E-order-shipment-event
5ab378a2-89df-433b-b541-b286cd59e78d,"{""order_id"":""O100114"",""tracking_number"":""1Z92767537588192"",""carrier"":""FEDEX"",""status"":""PICKED_UP"",""status_ts"":""2024-02-15T11:51:00Z"",""location"":{""city"":""Chicago"",""region"":""East""},""warehouse_id"":65,""notes"":""Status update: Picked Up""}",2024-02-15,retail.order.shipment,6,16,2024/02/01 00:00:00.000,E2E-order-shipment-event
3365bed4-4001-4071-ab2e-55b5994bc1a8,"{""order_id"":""O100114"",""tracking_number"":""1Z92767537588192"",""carrier"":""FEDEX"",""status"":""IN_TRANSIT"",""status_ts"":""2024-02-19T14:22:00Z"",""location"":{""city"":""Dallas"",""region"":""North""},""warehouse_id"":65,""notes"":""Status update: In Transit""}",2024-02-19,retail.order.shipment,6,17,2024/02/01 00:00:00.000,E2E-order-shipment-event
168899b9-5e61-4668-b10d-6ac2c798d298,"{""order_id"":""O100118"",""tracking_number"":""1Z14832648524699"",""carrier"":""USPS"",""status"":""LABEL_CREATED"",""status_ts"":""2024-02-08T08:03:00Z"",""location"":{""city"":""Columbus"",""region"":""East""},""warehouse_id"":63,""notes"":""Status update: Label Created""}",2024-02-08,retail.order.shipment,2,20,2024/02/01 00:00:00.000,E2E-order-shipment-event
3334856d-75b3-44c1-9d73-401b4c07fc75,"{""order_id"":""O100118"",""tracking_number"":""1Z14832648524699"",""carrier"":""USPS"",""status"":""PICKED_UP"",""status_ts"":""2024-02-11T11:00:00Z"",""location"":{""city"":""Columbus"",""region"":""East""},""warehouse_id"":63,""notes"":""Status update: Picked Up""}",2024-02-11,retail.order.shipment,2,21,2024/02/01 00:00:00.000,E2E-order-shipment-event
ce6f39f7-7513-4aa0-b944-b46d34193307,"{""order_id"":""O100120"",""tracking_number"":""1Z88145036775498"",""carrier"":""UPS"",""status"":""LABEL_CREATED"",""status_ts"":""2024-02-15T08:48:00Z"",""location"":{""city"":""Chicago"",""region"":""West""},""warehouse_id"":25,""notes"":""Status update: Label Created""}",2024-02-15,retail.order.shipment,3,20,2024/02/01 00:00:00.000,E2E-order-shipment-event
9adafbfc-9363-4393-99cb-0bb60b7f1a9c,"{""order_id"":""O100120"",""tracking_number"":""1Z88145036775498"",""carrier"":""UPS"",""status"":""PICKED_UP"",""status_ts"":""2024-02-16T11:07:00Z"",""location"":{""city"":""Columbus"",""region"":""North""},""warehouse_id"":25,""notes"":""Status update: Picked Up""}",2024-02-16,retail.order.shipment,3,21,2024/02/01 00:00:00.000,E2E-order-shipment-event
6e865769-9eaa-4a28-a9f3-b32006124e3e,"{""order_id"":""O100120"",""tracking_number"":""1Z88145036775498"",""carrier"":""UPS"",""status"":""IN_TRANSIT"",""status_ts"":""2024-02-20T14:00:00Z"",""location"":{""city"":""Columbus"",""region"":""East""},""warehouse_id"":25,""notes"":""Status update: In Transit""}",2024-02-20,retail.order.shipment,3,22,2024/02/01 00:00:00.000,E2E-order-shipment-event
cf35758b-48f9-41e1-87bc-563352881cb0,"{""order_id"":""O100120"",""tracking_number"":""1Z88145036775498"",""carrier"":""UPS"",""status"":""OUT_FOR_DELIVERY"",""status_ts"":""2024-02-20T17:23:00Z"",""location"":{""city"":""Columbus"",""region"":""West""},""warehouse_id"":25,""notes"":""Status update: Out For Delivery""}",2024-02-20,retail.order.shipment,3,23,2024/02/01 00:00:00.000,E2E-order-shipment-event
f5711d53-717e-4cad-a1f0-876e80b4c5d5,"{""order_id"":""O100120"",""tracking_number"":""1Z88145036775498"",""carrier"":""UPS"",""status"":""DELIVERED"",""status_ts"":""2024-02-21T08:49:00Z"",""location"":{""city"":""Columbus"",""region"":""South""},""warehouse_id"":25,""notes"":""Status update: Delivered""}",2024-02-21,retail.order.shipment,3,24,2024/02/01 00:00:00.000,E2E-order-shipment-event
3b630fe1-6e13-4546-aa89-a64abe2c6d9f,"{""order_id"":""O100127"",""tracking_number"":""1Z63554471190498"",""carrier"":""FEDEX"",""status"":""EXCEPTION"",""status_ts"":""2024-02-25T08:39:00Z"",""location"":{""city"":""Louisville"",""region"":""East""},""warehouse_id"":90,""notes"":""Status update: Exception""}",2024-02-25,retail.order.shipment,2,22,2024/02/01 00:00:00.000,E2E-order-shipment-event
5d5fad0a-0371-45f4-a459-139301140afa,"{""order_id"":""O100129"",""tracking_number"":""1Z28021581650165"",""carrier"":""FEDEX"",""status"":""LABEL_CREATED"",""status_ts"":""2024-02-22T08:46:00Z"",""location"":{""city"":""Seattle"",""region"":""North""},""warehouse_id"":82,""notes"":""Status update: Label Created""}",2024-02-22,retail.order.shipment,4,23,2024/02/01 00:00:00.000,E2E-order-shipment-event
c58fc107-407a-4c5e-a847-f2e91f268ddf,"{""order_id"":""O100129"",""tracking_number"":""1Z28021581650165"",""carrier"":""FEDEX"",""status"":""PICKED_UP"",""status_ts"":""2024-02-23T11:27:00Z"",""location"":{""city"":""Chicago"",""region"":""South""},""warehouse_id"":82,""notes"":""Status update: Picked Up""}",2024-02-23,retail.order.shipment,4,24,2024/02/01 00:00:00.000,E2E-order-shipment-event
9be8c374-113e-4760-9eca-84256342a975,"{""order_id"":""O100129"",""tracking_number"":""1Z28021581650165"",""carrier"":""FEDEX"",""status"":""IN_TRANSIT"",""status_ts"":""2024-02-27T14:47:00Z"",""location"":{""city"":""Denver"",""region"":""North""},""warehouse_id"":82,""notes"":""Status update: In Transit""}",2024-02-27,retail.order.shipment,4,25,2024/02/01 00:00:00.000,E2E-order-shipment-event
a1215e2e-9174-46bf-ae06-ca11045f4a75,"{""order_id"":""O100129"",""tracking_number"":""1Z28021581650165"",""carrier"":""FEDEX"",""status"":""OUT_FOR_DELIVERY"",""status_ts"":""2024-02-27T17:15:00Z"",""location"":{""city"":""Atlanta"",""region"":""South""},""warehouse_id"":82,""notes"":""Status update: Out For Delivery""}",2024-02-27,retail.order.shipment,4,26,2024/02/01 00:00:00.000,E2E-order-shipment-event
d1a2d855-2978-4ec5-bd66-532e522df151,"{""order_id"":""O100130"",""tracking_number"":""1Z64164277334223"",""carrier"":""DHL"",""status"":""LABEL_CREATED"",""status_ts"":""2024-02-24T08:15:00Z"",""location"":{""city"":""Atlanta"",""region"":""West""},""warehouse_id"":52,""notes"":""Status update: Label Created""}",2024-02-24,retail.order.shipment,4,27,2024/02/01 00:00:00.000,E2E-order-shipment-event
e67dc87c-b83f-4c88-a78a-2571122d2a38,"{""order_id"":""O100130"",""tracking_number"":""1Z64164277334223"",""carrier"":""DHL"",""status"":""PICKED_UP"",""status_ts"":""2024-02-26T11:52:00Z"",""location"":{""city"":""Memphis"",""region"":""South""},""warehouse_id"":52,""notes"":""Status update: Picked Up""}",2024-02-26,retail.order.shipment,4,28,2024/02/01 00:00:00.000,E2E-order-shipment-event
368238d0-2180-4741-8156-232420ca2488,"{""order_id"":""O100130"",""tracking_number"":""1Z64164277334223"",""carrier"":""DHL"",""status"":""IN_TRANSIT"",""status_ts"":""2024-03-01T14:42:00Z"",""location"":{""city"":""Denver"",""region"":""East""},""warehouse_id"":52,""notes"":""Status update: In Transit""}",2024-03-01,retail.order.shipment,4,29,2024/02/01 00:00:00.000,E2E-order-shipment-event
942dc6c8-2457-45e9-aed6-7bb94706bed9,"{""order_id"":""O100130"",""tracking_number"":""1Z64164277334223"",""carrier"":""DHL"",""status"":""OUT_FOR_DELIVERY"",""status_ts"":""2024-03-01T17:47:00Z"",""location"":{""city"":""Dallas"",""region"":""North""},""warehouse_id"":52,""notes"":""Status update: Out For Delivery""}",2024-03-01,retail.order.shipment,4,30,2024/02/01 00:00:00.000,E2E-order-shipment-event
e1ac6261-d9d4-48ef-ab81-8235b6754e52,"{""order_id"":""O100130"",""tracking_number"":""1Z64164277334223"",""carrier"":""DHL"",""status"":""DELIVERED"",""status_ts"":""2024-03-01T08:55:00Z"",""location"":{""city"":""Denver"",""region"":""West""},""warehouse_id"":52,""notes"":""Status update: Delivered""}",2024-03-01,retail.order.shipment,4,31,2024/02/01 00:00:00.000,E2E-order-shipment-event
87539274-e0f1-4d53-99bc-6ab8772b1ef6,"{""order_id"":""O100132"",""tracking_number"":""1Z47747562918804"",""carrier"":""DHL"",""status"":""LABEL_CREATED"",""status_ts"":""2024-02-18T08:45:00Z"",""location"":{""city"":""Chicago"",""region"":""North""},""warehouse_id"":95,""notes"":""Status update: Label Created""}",2024-02-18,retail.order.shipment,6,18,2024/02/01 00:00:00.000,E2E-order-shipment-event
7f275a14-13a4-4f3a-8d77-9eeb01c744e1,"{""order_id"":""O100132"",""tracking_number"":""1Z47747562918804"",""carrier"":""DHL"",""status"":""PICKED_UP"",""status_ts"":""2024-02-19T11:53:00Z"",""location"":{""city"":""Columbus"",""region"":""East""},""warehouse_id"":95,""notes"":""Status update: Picked Up""}",2024-02-19,retail.order.shipment,6,19,2024/02/01 00:00:00.000,E2E-order-shipment-event
9b91c136-9f2e-408a-83ed-47702f4f4b1d,"{""order_id"":""O100139"",""tracking_number"":""1Z42791195913336"",""carrier"":""USPS"",""status"":""LABEL_CREATED"",""status_ts"":""2024-02-25T08:44:00Z"",""location"":{""city"":""Atlanta"",""region"":""South""},""warehouse_id"":68,""notes"":""Status update: Label Created""}",2024-02-25,retail.order.shipment,5,15,2024/02/01 00:00:00.000,E2E-order-shipment-event
c3a1f047-beb6-4f22-8c2a-b84a6fff0e45,"{""order_id"":""O100139"",""tracking_number"":""1Z42791195913336"",""carrier"":""USPS"",""status"":""PICKED_UP"",""status_ts"":""2024-02-28T11:27:00Z"",""location"":{""city"":""Memphis"",""region"":""East""},""warehouse_id"":68,""notes"":""Status update: Picked Up""}",2024-02-28,retail.order.shipment,5,16,2024/02/01 00:00:00.000,E2E-order-shipment-event
af1761e3-20bf-4f7d-8510-1dc6f339ca87,"{""order_id"":""O100139"",""tracking_number"":""1Z42791195913336"",""carrier"":""USPS"",""status"":""IN_TRANSIT"",""status_ts"":""2024-03-02T14:19:00Z"",""location"":{""city"":""Memphis"",""region"":""North""},""warehouse_id"":68,""notes"":""Status update: In Transit""}",2024-03-02,retail.order.shipment,5,17,2024/02/01 00:00:00.000,E2E-order-shipment-event
9ed3a1f2-ef89-48c8-abc0-644f4f6c6df3,"{""order_id"":""O100139"",""tracking_number"":""1Z42791195913336"",""carrier"":""USPS"",""status"":""OUT_FOR_DELIVERY"",""status_ts"":""2024-03-02T17:56:00Z"",""location"":{""city"":""Dallas"",""region"":""East""},""warehouse_id"":68,""notes"":""Status update: Out For Delivery""}",2024-03-02,retail.order.shipment,5,18,2024/02/01 00:00:00.000,E2E-order-shipment-event
bf516387-a83e-42b0-bd4c-a53cbef1724b,"{""order_id"":""O100141"",""tracking_number"":""1Z41625298866080"",""carrier"":""DHL"",""status"":""LABEL_CREATED"",""status_ts"":""2024-02-08T08:55:00Z"",""location"":{""city"":""Denver"",""region"":""North""},""warehouse_id"":58,""notes"":""Status update: Label Created""}",2024-02-08,retail.order.shipment,6,20,2024/02/01 00:00:00.000,E2E-order-shipment-event
120459cb-bcd4-4ccd-926c-18dd4ce98983,"{""order_id"":""O100141"",""tracking_number"":""1Z41625298866080"",""carrier"":""DHL"",""status"":""PICKED_UP"",""status_ts"":""2024-02-10T11:52:00Z"",""location"":{""city"":""Chicago"",""region"":""West""},""warehouse_id"":58,""notes"":""Status update: Picked Up""}",2024-02-10,retail.order.shipment,6,21,2024/02/01 00:00:00.000,E2E-order-shipment-event
512714f8-bf3c-4323-87eb-e3a7bb35ad60,"{""order_id"":""O100144"",""tracking_number"":""1Z57156897260825"",""carrier"":""DHL"",""status"":""LABEL_CREATED"",""status_ts"":""2024-02-19T08:37:00Z"",""location"":{""city"":""Dallas"",""region"":""North""},""warehouse_id"":93,""notes"":""Status update: Label Created""}",2024-02-19,retail.order.shipment,1,11,2024/02/01 00:00:00.000,E2E-order-shipment-event
0c359953-23f3-476b-890a-f0ef094ee087,"{""order_id"":""O100145"",""tracking_number"":""1Z57064015306817"",""carrier"":""FEDEX"",""status"":""LABEL_CREATED"",""status_ts"":""2024-02-09T08:46:00Z"",""location"":{""city"":""Columbus"",""region"":""East""},""warehouse_id"":90,""notes"":""Status update: Label Created""}",2024-02-09,retail.order.shipment,2,23,2024/02/01 00:00:00.000,E2E-order-shipment-event
34177001-fd70-4509-b7f9-c0b8cf78ff17,"{""order_id"":""O100145"",""tracking_number"":""1Z57064015306817"",""carrier"":""FEDEX"",""status"":""PICKED_UP"",""status_ts"":""2024-02-12T11:38:00Z"",""location"":{""city"":""Columbus"",""region"":""East""},""warehouse_id"":90,""notes"":""Status update: Picked Up""}",2024-02-12,retail.order.shipment,2,24,2024/02/01 00:00:00.000,E2E-order-shipment-event
127481c6-4cfa-4545-b06c-a388b63bd035,"{""order_id"":""O100145"",""tracking_number"":""1Z57064015306817"",""carrier"":""FEDEX"",""status"":""IN_TRANSIT"",""status_ts"":""2024-02-15T14:53:00Z"",""location"":{""city"":""Seattle"",""region"":""North""},""warehouse_id"":90,""notes"":""Status update: In Transit""}",2024-02-15,retail.order.shipment,2,25,2024/02/01 00:00:00.000,E2E-order-shipment-event
7968fcde-6346-426b-a040-b1d4fdb0a82c,"{""order_id"":""O100145"",""tracking_number"":""1Z57064015306817"",""carrier"":""FEDEX"",""status"":""OUT_FOR_DELIVERY"",""status_ts"":""2024-02-15T17:12:00Z"",""location"":{""city"":""Denver"",""region"":""North""},""warehouse_id"":90,""notes"":""Status update: Out For Delivery""}",2024-02-15,retail.order.shipment,2,26,2024/02/01 00:00:00.000,E2E-order-shipment-event
09fab9be-ceef-4c2a-8b11-e2b1824c566e,"{""order_id"":""O100145"",""tracking_number"":""1Z57064015306817"",""carrier"":""FEDEX"",""status"":""DELIVERED"",""status_ts"":""2024-02-15T08:49:00Z"",""location"":{""city"":""Dallas"",""region"":""East""},""warehouse_id"":90,""notes"":""Status update: Delivered""}",2024-02-15,retail.order.shipment,2,27,2024/02/01 00:00:00.000,E2E-order-shipment-event
c6264765-4132-4e8d-bef8-78d263e59da1,"{""order_id"":""O100152"",""tracking_number"":""1Z63716715836407"",""carrier"":""FEDEX"",""status"":""LABEL_CREATED"",""status_ts"":""2024-02-08T08:51:00Z"",""location"":{""city"":""Louisville"",""region"":""South""},""warehouse_id"":5,""notes"":""Status update: Label Created""}",2024-02-08,retail.order.shipment,0,5,2024/02/01 00:00:00.000,E2E-order-shipment-event
4c3e8ff0-c598-495b-a943-18e2a55d5572,"{""order_id"":""O100152"",""tracking_number"":""1Z63716715836407"",""carrier"":""FEDEX"",""status"":""PICKED_UP"",""status_ts"":""2024-02-10T11:52:00Z"",""location"":{""city"":""Memphis"",""region"":""South""},""warehouse_id"":5,""notes"":""Status update: Picked Up""}",2024-02-10,retail.order.shipment,0,6,2024/02/01 00:00:00.000,E2E-order-shipment-event
a9352312-0c61-47b0-9c5a-14418e5cb90e,"{""order_id"":""O100152"",""tracking_number"":""1Z63716715836407"",""carrier"":""FEDEX"",""status"":""IN_TRANSIT"",""status_ts"":""2024-02-14T14:45:00Z"",""location"":{""city"":""Memphis"",""region"":""East""},""warehouse_id"":5,""notes"":""Status update: In Transit""}",2024-02-14,retail.order.shipment,0,7,2024/02/01 00:00:00.000,E2E-order-shipment-event
d7ba23e6-c650-482a-b26b-d772ee4cd5ba,"{""order_id"":""O100152"",""tracking_number"":""1Z63716715836407"",""carrier"":""FEDEX"",""status"":""OUT_FOR_DELIVERY"",""status_ts"":""2024-02-14T17:49:00Z"",""location"":{""city"":""Seattle"",""region"":""East""},""warehouse_id"":5,""notes"":""Status update: Out For Delivery""}",2024-02-14,retail.order.shipment,0,8,2024/02/01 00:00:00.000,E2E-order-shipment-event
2e30ef9b-de24-4aeb-b766-64af04acbe4d,"{""order_id"":""O100152"",""tracking_number"":""1Z63716715836407"",""carrier"":""FEDEX"",""status"":""DELIVERED"",""status_ts"":""2024-02-14T08:56:00Z"",""location"":{""city"":""Seattle"",""region"":""West""},""warehouse_id"":5,""notes"":""Status update: Delivered""}",2024-02-14,retail.order.shipment,0,9,2024/02/01 00:00:00.000,E2E-order-shipment-event
5aadac34-16ff-4959-aef6-e5eb3cf26c08,"{""order_id"":""O100153"",""tracking_number"":""1Z40293251271614"",""carrier"":""USPS"",""status"":""LABEL_CREATED"",""status_ts"":""2024-02-13T08:03:00Z"",""location"":{""city"":""Atlanta"",""region"":""North""},""warehouse_id"":33,""notes"":""Status update: Label Created""}",2024-02-13,retail.order.shipment,1,12,2024/02/01 00:00:00.000,E2E-order-shipment-event
6a8e4c59-a389-4a99-8457-6cf7940367b7,"{""order_id"":""O100153"",""tracking_number"":""1Z40293251271614"",""carrier"":""USPS"",""status"":""PICKED_UP"",""status_ts"":""2024-02-14T11:50:00Z"",""location"":{""city"":""Seattle"",""region"":""South""},""warehouse_id"":33,""notes"":""Status update: Picked Up""}",2024-02-14,retail.order.shipment,1,13,2024/02/01 00:00:00.000,E2E-order-shipment-event
8265dfe3-90d2-4e44-8b79-0d079a1a7201,"{""order_id"":""O100157"",""tracking_number"":""1Z13709683764816"",""carrier"":""FEDEX"",""status"":""LABEL_CREATED"",""status_ts"":""2024-02-12T08:54:00Z"",""location"":{""city"":""Columbus"",""region"":""South""},""warehouse_id"":84,""notes"":""Status update: Label Created""}",2024-02-12,retail.order.shipment,5,19,2024/02/01 00:00:00.000,E2E-order-shipment-event
c662573f-17f8-4cea-a371-f9bdac5f66bf,"{""order_id"":""O100157"",""tracking_number"":""1Z13709683764816"",""carrier"":""FEDEX"",""status"":""PICKED_UP"",""status_ts"":""2024-02-14T11:08:00Z"",""location"":{""city"":""Chicago"",""region"":""East""},""warehouse_id"":84,""notes"":""Status update: Picked Up""}",2024-02-14,retail.order.shipment,5,20,2024/02/01 00:00:00.000,E2E-order-shipment-event
23bd4d08-09df-4be1-a7e7-75f182b405ef,"{""order_id"":""O100157"",""tracking_number"":""1Z13709683764816"",""carrier"":""FEDEX"",""status"":""IN_TRANSIT"",""status_ts"":""2024-02-18T14:15:00Z"",""location"":{""city"":""Dallas"",""region"":""South""},""warehouse_id"":84,""notes"":""Status update: In Transit""}",2024-02-18,retail.order.shipment,5,21,2024/02/01 00:00:00.000,E2E-order-shipment-event
ffdc3308-8fa1-4173-bf1f-c2392307ab95,"{""order_id"":""O100160"",""tracking_number"":""1Z47140036691343"",""carrier"":""USPS"",""status"":""EXCEPTION"",""status_ts"":""2024-02-28T08:23:00Z"",""location"":{""city"":""Louisville"",""region"":""East""},""warehouse_id"":100,""notes"":""Status update: Exception""}",2024-02-28,retail.order.shipment,7,12,2024/02/01 00:00:00.000,E2E-order-shipment-event
4ca031df-169c-439f-8554-819ef97a2645,"{""order_id"":""O100161"",""tracking_number"":""1Z56922451674790"",""carrier"":""FEDEX"",""status"":""EXCEPTION"",""status_ts"":""2024-02-08T08:50:00Z"",""location"":{""city"":""Dallas"",""region"":""North""},""warehouse_id"":54,""notes"":""Status update: Exception""}",2024-02-08,retail.order.shipment,0,10,2024/02/01 00:00:00.000,E2E-order-shipment-event
fcac959d-8083-40b1-a046-7e134e36d2cd,"{""order_id"":""O100163"",""tracking_number"":""1Z73720246231112"",""carrier"":""USPS"",""status"":""LABEL_CREATED"",""status_ts"":""2024-02-22T08:49:00Z"",""location"":{""city"":""Chicago"",""region"":""East""},""warehouse_id"":71,""notes"":""Status update: Label Created""}",2024-02-22,retail.order.shipment,2,28,2024/02/01 00:00:00.000,E2E-order-shipment-event
f38de4bc-a1f4-413a-bc8e-db5ee4502f59,"{""order_id"":""O100163"",""tracking_number"":""1Z73720246231112"",""carrier"":""USPS"",""status"":""PICKED_UP"",""status_ts"":""2024-02-25T11:45:00Z"",""location"":{""city"":""Columbus"",""region"":""North""},""warehouse_id"":71,""notes"":""Status update: Picked Up""}",2024-02-25,retail.order.shipment,2,29,2024/02/01 00:00:00.000,E2E-order-shipment-event
99ac8466-8cab-44de-87f2-04f42a30ccad,"{""order_id"":""O100168"",""tracking_number"":""1Z96297647898522"",""carrier"":""DHL"",""status"":""LABEL_CREATED"",""status_ts"":""2024-02-18T08:02:00Z"",""location"":{""city"":""Dallas"",""region"":""South""},""warehouse_id"":20,""notes"":""Status update: Label Created""}",2024-02-18,retail.order.shipment,7,13,2024/02/01 00:00:00.000,E2E-order-shipment-event
9f244c70-2f2e-4e38-84ab-1d313400e790,"{""order_id"":""O100168"",""tracking_number"":""1Z96297647898522"",""carrier"":""DHL"",""status"":""PICKED_UP"",""status_ts"":""2024-02-20T11:58:00Z"",""location"":{""city"":""Seattle"",""region"":""North""},""warehouse_id"":20,""notes"":""Status update: Picked Up""}",2024-02-20,retail.order.shipment,7,14,2024/02/01 00:00:00.000,E2E-order-shipment-event
5410a1a4-3d62-429f-ab74-717530426ec3,"{""order_id"":""O100168"",""tracking_number"":""1Z96297647898522"",""carrier"":""DHL"",""status"":""IN_TRANSIT"",""status_ts"":""2024-02-24T14:32:00Z"",""location"":{""city"":""Denver"",""region"":""West""},""warehouse_id"":20,""notes"":""Status update: In Transit""}",2024-02-24,retail.order.shipment,7,15,2024/02/01 00:00:00.000,E2E-order-shipment-event
0c18a692-f958-46a6-9a13-b411e35f51fe,"{""order_id"":""O100168"",""tracking_number"":""1Z96297647898522"",""carrier"":""DHL"",""status"":""OUT_FOR_DELIVERY"",""status_ts"":""2024-02-24T17:18:00Z"",""location"":{""city"":""Atlanta"",""region"":""West""},""warehouse_id"":20,""notes"":""Status update: Out For Delivery""}",2024-02-24,retail.order.shipment,7,16,2024/02/01 00:00:00.000,E2E-order-shipment-event
68777301-d1ca-4696-bec4-c3114e88f7ff,"{""order_id"":""O100168"",""tracking_number"":""1Z96297647898522"",""carrier"":""DHL"",""status"":""DELIVERED"",""status_ts"":""2024-02-24T08:15:00Z"",""location"":{""city"":""Seattle"",""region"":""North""},""warehouse_id"":20,""notes"":""Status update: Delivered""}",2024-02-24,retail.order.shipment,7,17,2024/02/01 00:00:00.000,E2E-order-shipment-event
91939cbf-0adf-4543-936e-0ddfd9f35178,"{""order_id"":""O100176"",""tracking_number"":""1Z95199192019284"",""carrier"":""DHL"",""status"":""LABEL_CREATED"",""status_ts"":""2024-02-11T08:49:00Z"",""location"":{""city"":""Denver"",""region"":""East""},""warehouse_id"":66,""notes"":""Status update: Label Created""}",2024-02-11,retail.order.shipment,6,22,2024/02/01 00:00:00.000,E2E-order-shipment-event
1810accb-c277-4695-8e01-066a8c914c41,"{""order_id"":""O100176"",""tracking_number"":""1Z95199192019284"",""carrier"":""DHL"",""status"":""PICKED_UP"",""status_ts"":""2024-02-14T11:49:00Z"",""location"":{""city"":""Columbus"",""region"":""West""},""warehouse_id"":66,""notes"":""Status update: Picked Up""}",2024-02-14,retail.order.shipment,6,23,2024/02/01 00:00:00.000,E2E-order-shipment-event
acf75371-2611-4d75-9466-9a9e4416af0a,"{""order_id"":""O100178"",""tracking_number"":""1Z33985934955825"",""carrier"":""UPS"",""status"":""LABEL_CREATED"",""status_ts"":""2024-02-27T08:00:00Z"",""location"":{""city"":""Dallas"",""region"":""West""},""warehouse_id"":23,""notes"":""Status update: Label Created""}",2024-02-27,retail.order.shipment,0,11,2024/02/01 00:00:00.000,E2E-order-shipment-event
79e6306e-d787-4841-b822-c06bb2c92ee0,"{""order_id"":""O100178"",""tracking_number"":""1Z33985934955825"",""carrier"":""UPS"",""status"":""PICKED_UP"",""status_ts"":""2024-02-28T11:23:00Z"",""location"":{""city"":""Denver"",""region"":""East""},""warehouse_id"":23,""notes"":""Status update: Picked Up""}",2024-02-28,retail.order.shipment,0,12,2024/02/01 00:00:00.000,E2E-order-shipment-event
9ca1026c-b9ad-4616-bf0e-d84670deaccc,"{""order_id"":""O100180"",""tracking_number"":""1Z17147830702809"",""carrier"":""USPS"",""status"":""LABEL_CREATED"",""status_ts"":""2024-02-08T08:32:00Z"",""location"":{""city"":""Denver"",""region"":""East""},""warehouse_id"":19,""notes"":""Status update: Label Created""}",2024-02-08,retail.order.shipment,1,14,2024/02/01 00:00:00.000,E2E-order-shipment-event
fcc08530-40bf-4c86-b631-4d9e26f4e96f,"{""order_id"":""O100180"",""tracking_number"":""1Z17147830702809"",""carrier"":""USPS"",""status"":""PICKED_UP"",""status_ts"":""2024-02-09T11:03:00Z"",""location"":{""city"":""Denver"",""region"":""East""},""warehouse_id"":19,""notes"":""Status update: Picked Up""}",2024-02-09,retail.order.shipment,1,15,2024/02/01 00:00:00.000,E2E-order-shipment-event
6e60362b-dd34-4bb7-b39d-df25ef1af2b8,"{""order_id"":""O100180"",""tracking_number"":""1Z17147830702809"",""carrier"":""USPS"",""status"":""IN_TRANSIT"",""status_ts"":""2024-02-12T14:08:00Z"",""location"":{""city"":""Louisville"",""region"":""East""},""warehouse_id"":19,""notes"":""Status update: In Transit""}",2024-02-12,retail.order.shipment,1,16,2024/02/01 00:00:00.000,E2E-order-shipment-event
cbc3d75a-4708-4fe7-9242-984386f66bcc,"{""order_id"":""O100183"",""tracking_number"":""1Z84680882877037"",""carrier"":""DHL"",""status"":""LABEL_CREATED"",""status_ts"":""2024-02-02T08:36:00Z"",""location"":{""city"":""Atlanta"",""region"":""South""},""warehouse_id"":99,""notes"":""Status update: Label Created""}",2024-02-02,retail.order.shipment,4,32,2024/02/01 00:00:00.000,E2E-order-shipment-event
cb7d7956-c35f-4291-8fc5-bb7784e1a597,"{""order_id"":""O100183"",""tracking_number"":""1Z84680882877037"",""carrier"":""DHL"",""status"":""PICKED_UP"",""status_ts"":""2024-02-05T11:33:00Z"",""location"":{""city"":""Denver"",""region"":""West""},""warehouse_id"":99,""notes"":""Status update: Picked Up""}",2024-02-05,retail.order.shipment,4,33,2024/02/01 00:00:00.000,E2E-order-shipment-event
2297fa9a-8fc0-4b6b-adf0-9ced6c0ef90c,"{""order_id"":""O100184"",""tracking_number"":""1Z15479065566002"",""carrier"":""UPS"",""status"":""LABEL_CREATED"",""status_ts"":""2024-02-13T08:57:00Z"",""location"":{""city"":""Chicago"",""region"":""South""},""warehouse_id"":76,""notes"":""Status update: Label Created""}",2024-02-13,retail.order.shipment,5,22,2024/02/01 00:00:00.000,E2E-order-shipment-event
510207cd-f8a2-4b65-b38c-97062a3a4108,"{""order_id"":""O100184"",""tracking_number"":""1Z15479065566002"",""carrier"":""UPS"",""status"":""PICKED_UP"",""status_ts"":""2024-02-14T11:07:00Z"",""location"":{""city"":""Seattle"",""region"":""West""},""warehouse_id"":76,""notes"":""Status update: Picked Up""}",2024-02-14,retail.order.shipment,5,23,2024/02/01 00:00:00.000,E2E-order-shipment-event
bfe42fb9-f12d-42d4-856f-96b699fa65b2,"{""order_id"":""O100184"",""tracking_number"":""1Z15479065566002"",""carrier"":""UPS"",""status"":""IN_TRANSIT"",""status_ts"":""2024-02-18T14:40:00Z"",""location"":{""city"":""Dallas"",""region"":""East""},""warehouse_id"":76,""notes"":""Status update: In Transit""}",2024-02-18,retail.order.shipment,5,24,2024/02/01 00:00:00.000,E2E-order-shipment-event
016ebca7-f83d-4d22-b0f4-d1ea7bb3cf70,"{""order_id"":""O100184"",""tracking_number"":""1Z15479065566002"",""carrier"":""UPS"",""status"":""OUT_FOR_DELIVERY"",""status_ts"":""2024-02-18T17:12:00Z"",""location"":{""city"":""Seattle"",""region"":""East""},""warehouse_id"":76,""notes"":""Status update: Out For Delivery""}",2024-02-18,retail.order.shipment,5,25,2024/02/01 00:00:00.000,E2E-order-shipment-event
c16624ea-84f5-4391-a5c8-40b8ee206269,"{""order_id"":""O100189"",""tracking_number"":""1Z35592015258860"",""carrier"":""FEDEX"",""status"":""EXCEPTION"",""status_ts"":""2024-02-10T08:54:00Z"",""location"":{""city"":""Dallas"",""region"":""West""},""warehouse_id"":91,""notes"":""Status update: Exception""}",2024-02-10,retail.order.shipment,2,30,2024/02/01 00:00:00.000,E2E-order-shipment-event
f75ef552-c165-4325-b9d3-4a26ed09e1ab,"{""order_id"":""O100192"",""tracking_number"":""1Z63087220153800"",""carrier"":""USPS"",""status"":""LABEL_CREATED"",""status_ts"":""2024-02-03T08:45:00Z"",""location"":{""city"":""Memphis"",""region"":""North""},""warehouse_id"":63,""notes"":""Status update: Label Created""}",2024-02-03,retail.order.shipment,4,34,2024/02/01 00:00:00.000,E2E-order-shipment-event
460f1bf7-3f64-4c84-a37a-cc52c64819cf,"{""order_id"":""O100192"",""tracking_number"":""1Z63087220153800"",""carrier"":""USPS"",""status"":""PICKED_UP"",""status_ts"":""2024-02-06T11:33:00Z"",""location"":{""city"":""Louisville"",""region"":""East""},""warehouse_id"":63,""notes"":""Status update: Picked Up""}",2024-02-06,retail.order.shipment,4,35,2024/02/01 00:00:00.000,E2E-order-shipment-event
40eaa26e-6c7f-40d5-a1ab-c54f3e624c0f,"{""order_id"":""O100192"",""tracking_number"":""1Z63087220153800"",""carrier"":""USPS"",""status"":""IN_TRANSIT"",""status_ts"":""2024-02-09T14:12:00Z"",""location"":{""city"":""Chicago"",""region"":""South""},""warehouse_id"":63,""notes"":""Status update: In Transit""}",2024-02-09,retail.order.shipment,4,36,2024/02/01 00:00:00.000,E2E-order-shipment-event
15dbba55-c264-45ff-9049-51043dfb6036,"{""order_id"":""O100192"",""tracking_number"":""1Z63087220153800"",""carrier"":""USPS"",""status"":""OUT_FOR_DELIVERY"",""status_ts"":""2024-02-09T17:15:00Z"",""location"":{""city"":""Memphis"",""region"":""North""},""warehouse_id"":63,""notes"":""Status update: Out For Delivery""}",2024-02-09,retail.order.shipment,4,37,2024/02/01 00:00:00.000,E2E-order-shipment-event
742b7be4-1374-47e7-9aba-f4803cdaf055,"{""order_id"":""O100200"",""tracking_number"":""1Z65258078694381"",""carrier"":""USPS"",""status"":""LABEL_CREATED"",""status_ts"":""2024-02-11T08:24:00Z"",""location"":{""city"":""Denver"",""region"":""South""},""warehouse_id"":31,""notes"":""Status update: Label Created""}",2024-02-11,retail.order.shipment,2,31,2024/02/01 00:00:00.000,E2E-order-shipment-event
90a31d1d-eff8-4d18-ab12-c75da1c873e3,"{""order_id"":""O100200"",""tracking_number"":""1Z65258078694381"",""carrier"":""USPS"",""status"":""PICKED_UP"",""status_ts"":""2024-02-13T11:57:00Z"",""location"":{""city"":""Atlanta"",""region"":""South""},""warehouse_id"":31,""notes"":""Status update: Picked Up""}",2024-02-13,retail.order.shipment,2,32,2024/02/01 00:00:00.000,E2E-order-shipment-event
23473c04-e077-4e76-98ea-a576b5317c2f,"{""order_id"":""O100200"",""tracking_number"":""1Z65258078694381"",""carrier"":""USPS"",""status"":""IN_TRANSIT"",""status_ts"":""2024-02-17T14:10:00Z"",""location"":{""city"":""Denver"",""region"":""West""},""warehouse_id"":31,""notes"":""Status update: In Transit""}",2024-02-17,retail.order.shipment,2,33,2024/02/01 00:00:00.000,E2E-order-shipment-event
48136063-5142-45ac-94c9-84c59f4400cf,"{""order_id"":""O100200"",""tracking_number"":""1Z65258078694381"",""carrier"":""USPS"",""status"":""OUT_FOR_DELIVERY"",""status_ts"":""2024-02-17T17:58:00Z"",""location"":{""city"":""Seattle"",""region"":""West""},""warehouse_id"":31,""notes"":""Status update: Out For Delivery""}",2024-02-17,retail.order.shipment,2,34,2024/02/01 00:00:00.000,E2E-order-shipment-event
2e3690aa-69c4-43b8-99ba-c849b74d7e6f,"{""order_id"":""O100200"",""tracking_number"":""1Z65258078694381"",""carrier"":""USPS"",""status"":""DELIVERED"",""status_ts"":""2024-02-18T08:41:00Z"",""location"":{""city"":""Seattle"",""region"":""South""},""warehouse_id"":31,""notes"":""Status update: Delivered""}",2024-02-18,retail.order.shipment,2,35,2024/02/01 00:00:00.000,E2E-order-shipment-event
29b3efd0-d629-419c-b14c-4afb1b8c0738,"{""order_id"":""O100201"",""tracking_number"":""1Z39039713132132"",""carrier"":""FEDEX"",""status"":""EXCEPTION"",""status_ts"":""2024-02-16T08:59:00Z"",""location"":{""city"":""Denver"",""region"":""South""},""warehouse_id"":42,""notes"":""Status update: Exception""}",2024-02-16,retail.order.shipment,3,25,2024/02/01 00:00:00.000,E2E-order-shipment-event
e4e61460-e5d0-4763-acd7-950680e23c7c,"{""order_id"":""O100207"",""tracking_number"":""1Z80779035969852"",""carrier"":""USPS"",""status"":""LABEL_CREATED"",""status_ts"":""2024-02-10T08:13:00Z"",""location"":{""city"":""Atlanta"",""region"":""East""},""warehouse_id"":28,""notes"":""Status update: Label Created""}",2024-02-10,retail.order.shipment,1,17,2024/02/01 00:00:00.000,E2E-order-shipment-event
c832ee19-160f-4d23-a4a0-3f4f327d263d,"{""order_id"":""O100207"",""tracking_number"":""1Z80779035969852"",""carrier"":""USPS"",""status"":""PICKED_UP"",""status_ts"":""2024-02-13T11:17:00Z"",""location"":{""city"":""Columbus"",""region"":""East""},""warehouse_id"":28,""notes"":""Status update: Picked Up""}",2024-02-13,retail.order.shipment,1,18,2024/02/01 00:00:00.000,E2E-order-shipment-event
4717ac1b-bd1e-480f-ba0a-666adefbd84d,"{""order_id"":""O100207"",""tracking_number"":""1Z80779035969852"",""carrier"":""USPS"",""status"":""IN_TRANSIT"",""status_ts"":""2024-02-16T14:44:00Z"",""location"":{""city"":""Dallas"",""region"":""East""},""warehouse_id"":28,""notes"":""Status update: In Transit""}",2024-02-16,retail.order.shipment,1,19,2024/02/01 00:00:00.000,E2E-order-shipment-event
78139102-3d44-4f06-9ec1-9ac0bb152a7a,"{""order_id"":""O100207"",""tracking_number"":""1Z80779035969852"",""carrier"":""USPS"",""status"":""OUT_FOR_DELIVERY"",""status_ts"":""2024-02-16T17:04:00Z"",""location"":{""city"":""Columbus"",""region"":""West""},""warehouse_id"":28,""notes"":""Status update: Out For Delivery""}",2024-02-16,retail.order.shipment,1,20,2024/02/01 00:00:00.000,E2E-order-shipment-event
d7622f2d-8acd-4a4f-8be6-63e927ad1eaf,"{""order_id"":""O100207"",""tracking_number"":""1Z80779035969852"",""carrier"":""USPS"",""status"":""DELIVERED"",""status_ts"":""2024-02-16T08:50:00Z"",""location"":{""city"":""Denver"",""region"":""South""},""warehouse_id"":28,""notes"":""Status update: Delivered""}",2024-02-16,retail.order.shipment,1,21,2024/02/01 00:00:00.000,E2E-order-shipment-event
08a5b447-fc2f-4918-b333-d0d00b8a3bea,"{""order_id"":""O100214"",""tracking_number"":""1Z25773147750726"",""carrier"":""DHL"",""status"":""LABEL_CREATED"",""status_ts"":""2024-02-02T08:05:00Z"",""location"":{""city"":""Atlanta"",""region"":""West""},""warehouse_id"":28,""notes"":""Status update: Label Created""}",2024-02-02,retail.order.shipment,7,18,2024/02/01 00:00:00.000,E2E-order-shipment-event
2e13b961-6604-49df-888a-ee89017f60db,"{""order_id"":""O100214"",""tracking_number"":""1Z25773147750726"",""carrier"":""DHL"",""status"":""PICKED_UP"",""status_ts"":""2024-02-04T11:48:00Z"",""location"":{""city"":""Denver"",""region"":""West""},""warehouse_id"":28,""notes"":""Status update: Picked Up""}",2024-02-04,retail.order.shipment,7,19,2024/02/01 00:00:00.000,E2E-order-shipment-event
e66de03f-6dd9-4924-9afa-a9370acc0cd8,"{""order_id"":""O100214"",""tracking_number"":""1Z25773147750726"",""carrier"":""DHL"",""status"":""IN_TRANSIT"",""status_ts"":""2024-02-08T14:50:00Z"",""location"":{""city"":""Memphis"",""region"":""North""},""warehouse_id"":28,""notes"":""Status update: In Transit""}",2024-02-08,retail.order.shipment,7,20,2024/02/01 00:00:00.000,E2E-order-shipment-event
e3c6f36b-e56c-4f80-99c5-2fb3a2165e73,"{""order_id"":""O100215"",""tracking_number"":""1Z14928727990700"",""carrier"":""DHL"",""status"":""EXCEPTION"",""status_ts"":""2024-02-15T08:49:00Z"",""location"":{""city"":""Louisville"",""region"":""North""},""warehouse_id"":53,""notes"":""Status update: Exception""}",2024-02-15,retail.order.shipment,0,13,2024/02/01 00:00:00.000,E2E-order-shipment-event
48610e8a-d651-4f11-a450-10947297c232,"{""order_id"":""O100216"",""tracking_number"":""1Z50711568028980"",""carrier"":""DHL"",""status"":""LABEL_CREATED"",""status_ts"":""2024-02-01T08:09:00Z"",""location"":{""city"":""Chicago"",""region"":""South""},""warehouse_id"":41,""notes"":""Status update: Label Created""}",2024-02-01,retail.order.shipment,1,22,2024/02/01 00:00:00.000,E2E-order-shipment-event
1a0fa607-34b1-432c-9677-70cbd93f9550,"{""order_id"":""O100216"",""tracking_number"":""1Z50711568028980"",""carrier"":""DHL"",""status"":""PICKED_UP"",""status_ts"":""2024-02-04T11:17:00Z"",""location"":{""city"":""Denver"",""region"":""South""},""warehouse_id"":41,""notes"":""Status update: Picked Up""}",2024-02-04,retail.order.shipment,1,23,2024/02/01 00:00:00.000,E2E-order-shipment-event
95fd1415-a63c-42d0-bb86-df2953c7d71f,"{""order_id"":""O100217"",""tracking_number"":""1Z95572626736604"",""carrier"":""USPS"",""status"":""LABEL_CREATED"",""status_ts"":""2024-02-16T08:34:00Z"",""location"":{""city"":""Atlanta"",""region"":""East""},""warehouse_id"":5,""notes"":""Status update: Label Created""}",2024-02-16,retail.order.shipment,2,36,2024/02/01 00:00:00.000,E2E-order-shipment-event
608453b1-ce9c-4311-901e-4156d7d7bd07,"{""order_id"":""O100217"",""tracking_number"":""1Z95572626736604"",""carrier"":""USPS"",""status"":""PICKED_UP"",""status_ts"":""2024-02-19T11:08:00Z"",""location"":{""city"":""Chicago"",""region"":""South""},""warehouse_id"":5,""notes"":""Status update: Picked Up""}",2024-02-19,retail.order.shipment,2,37,2024/02/01 00:00:00.000,E2E-order-shipment-event
d8847c58-32d9-49b0-907b-495f5dfc689f,"{""order_id"":""O100217"",""tracking_number"":""1Z95572626736604"",""carrier"":""USPS"",""status"":""IN_TRANSIT"",""status_ts"":""2024-02-21T14:24:00Z"",""location"":{""city"":""Denver"",""region"":""South""},""warehouse_id"":5,""notes"":""Status update: In Transit""}",2024-02-21,retail.order.shipment,2,38,2024/02/01 00:00:00.000,E2E-order-shipment-event
1d99b627-9c32-41d7-b822-fe5ebbda3957,"{""order_id"":""O100217"",""tracking_number"":""1Z95572626736604"",""carrier"":""USPS"",""status"":""OUT_FOR_DELIVERY"",""status_ts"":""2024-02-21T17:18:00Z"",""location"":{""city"":""Columbus"",""region"":""East""},""warehouse_id"":5,""notes"":""Status update: Out For Delivery""}",2024-02-21,retail.order.shipment,2,39,2024/02/01 00:00:00.000,E2E-order-shipment-event
03c255e3-3f4c-46eb-afbf-d213c4503b27,"{""order_id"":""O100218"",""tracking_number"":""1Z35530713189157"",""carrier"":""USPS"",""status"":""LABEL_CREATED"",""status_ts"":""2024-02-14T08:06:00Z"",""location"":{""city"":""Memphis"",""region"":""South""},""warehouse_id"":97,""notes"":""Status update: Label Created""}",2024-02-14,retail.order.shipment,3,26,2024/02/01 00:00:00.000,E2E-order-shipment-event
00027c3d-ee38-4512-8fac-88d7b7ffb5b7,"{""order_id"":""O100218"",""tracking_number"":""1Z35530713189157"",""carrier"":""USPS"",""status"":""PICKED_UP"",""status_ts"":""2024-02-15T11:53:00Z"",""location"":{""city"":""Memphis"",""region"":""North""},""warehouse_id"":97,""notes"":""Status update: Picked Up""}",2024-02-15,retail.order.shipment,3,27,2024/02/01 00:00:00.000,E2E-order-shipment-event
f714913e-a98e-4dc2-9acc-3032365e061a,"{""order_id"":""O100218"",""tracking_number"":""1Z35530713189157"",""carrier"":""USPS"",""status"":""IN_TRANSIT"",""status_ts"":""2024-02-19T14:28:00Z"",""location"":{""city"":""Atlanta"",""region"":""South""},""warehouse_id"":97,""notes"":""Status update: In Transit""}",2024-02-19,retail.order.shipment,3,28,2024/02/01 00:00:00.000,E2E-order-shipment-event
e00665af-bd14-4970-97ad-195cf46325f7,"{""order_id"":""O100218"",""tracking_number"":""1Z35530713189157"",""carrier"":""USPS"",""status"":""OUT_FOR_DELIVERY"",""status_ts"":""2024-02-19T17:34:00Z"",""location"":{""city"":""Seattle"",""region"":""South""},""warehouse_id"":97,""notes"":""Status update: Out For Delivery""}",2024-02-19,retail.order.shipment,3,29,2024/02/01 00:00:00.000,E2E-order-shipment-event
77827267-e016-496b-81a6-5277d9e2d33d,"{""order_id"":""O100218"",""tracking_number"":""1Z35530713189157"",""carrier"":""USPS"",""status"":""DELIVERED"",""status_ts"":""2024-02-19T08:33:00Z"",""location"":{""city"":""Chicago"",""region"":""North""},""warehouse_id"":97,""notes"":""Status update: Delivered""}",2024-02-19,retail.order.shipment,3,30,2024/02/01 00:00:00.000,E2E-order-shipment-event
219a4f67-9945-4289-9129-ddbc72b75212,"{""order_id"":""O100220"",""tracking_number"":""1Z60681293191296"",""carrier"":""DHL"",""status"":""EXCEPTION"",""status_ts"":""2024-02-14T08:16:00Z"",""location"":{""city"":""Atlanta"",""region"":""South""},""warehouse_id"":45,""notes"":""Status update: Exception""}",2024-02-14,retail.order.shipment,4,38,2024/02/01 00:00:00.000,E2E-order-shipment-event
d8d94492-60c5-4fcf-aa70-005b2af5efbd,"{""order_id"":""O100226"",""tracking_number"":""1Z41955463297267"",""carrier"":""DHL"",""status"":""LABEL_CREATED"",""status_ts"":""2024-02-26T08:12:00Z"",""location"":{""city"":""Atlanta"",""region"":""South""},""warehouse_id"":55,""notes"":""Status update: Label Created""}",2024-02-26,retail.order.shipment,2,40,2024/02/01 00:00:00.000,E2E-order-shipment-event
9b9f5195-7ede-4e22-b792-750dfa313566,"{""order_id"":""O100226"",""tracking_number"":""1Z41955463297267"",""carrier"":""DHL"",""status"":""PICKED_UP"",""status_ts"":""2024-02-28T11:48:00Z"",""location"":{""city"":""Chicago"",""region"":""West""},""warehouse_id"":55,""notes"":""Status update: Picked Up""}",2024-02-28,retail.order.shipment,2,41,2024/02/01 00:00:00.000,E2E-order-shipment-event
b8b7a58f-6feb-4a7b-b04e-becdc7d0f457,"{""order_id"":""O100226"",""tracking_number"":""1Z41955463297267"",""carrier"":""DHL"",""status"":""IN_TRANSIT"",""status_ts"":""2024-03-01T14:01:00Z"",""location"":{""city"":""Seattle"",""region"":""North""},""warehouse_id"":55,""notes"":""Status update: In Transit""}",2024-03-01,retail.order.shipment,2,42,2024/02/01 00:00:00.000,E2E-order-shipment-event
cbfcff87-36e6-494c-a018-802fb094cbfa,"{""order_id"":""O100226"",""tracking_number"":""1Z41955463297267"",""carrier"":""DHL"",""status"":""OUT_FOR_DELIVERY"",""status_ts"":""2024-03-01T17:34:00Z"",""location"":{""city"":""Dallas"",""region"":""North""},""warehouse_id"":55,""notes"":""Status update: Out For Delivery""}",2024-03-01,retail.order.shipment,2,43,2024/02/01 00:00:00.000,E2E-order-shipment-event
85ffa6e6-0abc-45db-a181-8f04d25d5be5,"{""order_id"":""O100226"",""tracking_number"":""1Z41955463297267"",""carrier"":""DHL"",""status"":""DELIVERED"",""status_ts"":""2024-02-29T08:30:00Z"",""location"":{""city"":""Chicago"",""region"":""West""},""warehouse_id"":55,""notes"":""Status update: Delivered""}",2024-02-29,retail.order.shipment,2,44,2024/02/01 00:00:00.000,E2E-order-shipment-event
ea699ffa-dc7e-4046-a756-1a50b8e0752e,"{""order_id"":""O100231"",""tracking_number"":""1Z82023080885751"",""carrier"":""DHL"",""status"":""LABEL_CREATED"",""status_ts"":""2024-02-23T08:24:00Z"",""location"":{""city"":""Atlanta"",""region"":""East""},""warehouse_id"":61,""notes"":""Status update: Label Created""}",2024-02-23,retail.order.shipment,6,24,2024/02/01 00:00:00.000,E2E-order-shipment-event
cfb9d512-9643-4f99-8e6a-542e6aaa7d19,"{""order_id"":""O100231"",""tracking_number"":""1Z82023080885751"",""carrier"":""DHL"",""status"":""PICKED_UP"",""status_ts"":""2024-02-24T11:27:00Z"",""location"":{""city"":""Chicago"",""region"":""South""},""warehouse_id"":61,""notes"":""Status update: Picked Up""}",2024-02-24,retail.order.shipment,6,25,2024/02/01 00:00:00.000,E2E-order-shipment-event
087ebfba-2d12-498e-8340-5e7118215c64,"{""order_id"":""O100231"",""tracking_number"":""1Z82023080885751"",""carrier"":""DHL"",""status"":""IN_TRANSIT"",""status_ts"":""2024-02-28T14:39:00Z"",""location"":{""city"":""Louisville"",""region"":""East""},""warehouse_id"":61,""notes"":""Status update: In Transit""}",2024-02-28,retail.order.shipment,6,26,2024/02/01 00:00:00.000,E2E-order-shipment-event
431eac30-04aa-4488-af8b-3dd125082afe,"{""order_id"":""O100231"",""tracking_number"":""1Z82023080885751"",""carrier"":""DHL"",""status"":""OUT_FOR_DELIVERY"",""status_ts"":""2024-02-28T17:33:00Z"",""location"":{""city"":""Denver"",""region"":""West""},""warehouse_id"":61,""notes"":""Status update: Out For Delivery""}",2024-02-28,retail.order.shipment,6,27,2024/02/01 00:00:00.000,E2E-order-shipment-event
b2aa8014-b92e-4a6e-b561-213e9ade2d4e,"{""order_id"":""O100232"",""tracking_number"":""1Z71107848214171"",""carrier"":""USPS"",""status"":""LABEL_CREATED"",""status_ts"":""2024-02-24T08:23:00Z"",""location"":{""city"":""Louisville"",""region"":""South""},""warehouse_id"":26,""notes"":""Status update: Label Created""}",2024-02-24,retail.order.shipment,7,21,2024/02/01 00:00:00.000,E2E-order-shipment-event
eed7911f-27c3-44c7-b559-d8cd2dd3ef1b,"{""order_id"":""O100232"",""tracking_number"":""1Z71107848214171"",""carrier"":""USPS"",""status"":""PICKED_UP"",""status_ts"":""2024-02-25T11:09:00Z"",""location"":{""city"":""Seattle"",""region"":""South""},""warehouse_id"":26,""notes"":""Status update: Picked Up""}",2024-02-25,retail.order.shipment,7,22,2024/02/01 00:00:00.000,E2E-order-shipment-event
dd15e3bd-e794-4447-82ad-018853da4d87,"{""order_id"":""O100232"",""tracking_number"":""1Z71107848214171"",""carrier"":""USPS"",""status"":""IN_TRANSIT"",""status_ts"":""2024-02-28T14:18:00Z"",""location"":{""city"":""Memphis"",""region"":""North""},""warehouse_id"":26,""notes"":""Status update: In Transit""}",2024-02-28,retail.order.shipment,7,23,2024/02/01 00:00:00.000,E2E-order-shipment-event
3232b37c-39b2-4561-b904-7b1486c88162,"{""order_id"":""O100232"",""tracking_number"":""1Z71107848214171"",""carrier"":""USPS"",""status"":""OUT_FOR_DELIVERY"",""status_ts"":""2024-02-28T17:09:00Z"",""location"":{""city"":""Memphis"",""region"":""North""},""warehouse_id"":26,""notes"":""Status update: Out For Delivery""}",2024-02-28,retail.order.shipment,7,24,2024/02/01 00:00:00.000,E2E-order-shipment-event
011fc41a-a5c7-484a-9c8e-238755c018c5,"{""order_id"":""O100232"",""tracking_number"":""1Z71107848214171"",""carrier"":""USPS"",""status"":""DELIVERED"",""status_ts"":""2024-02-28T08:48:00Z"",""location"":{""city"":""Atlanta"",""region"":""North""},""warehouse_id"":26,""notes"":""Status update: Delivered""}",2024-02-28,retail.order.shipment,7,25,2024/02/01 00:00:00.000,E2E-order-shipment-event
7dccead0-6a38-4498-8d9f-6e7499b6e660,"{""order_id"":""O100233"",""tracking_number"":""1Z37156056625199"",""carrier"":""DHL"",""status"":""LABEL_CREATED"",""status_ts"":""2024-02-09T08:01:00Z"",""location"":{""city"":""Chicago"",""region"":""East""},""warehouse_id"":39,""notes"":""Status update: Label Created""}",2024-02-09,retail.order.shipment,0,14,2024/02/01 00:00:00.000,E2E-order-shipment-event
5560040d-ca0d-43e1-a5ad-834809320263,"{""order_id"":""O100233"",""tracking_number"":""1Z37156056625199"",""carrier"":""DHL"",""status"":""PICKED_UP"",""status_ts"":""2024-02-10T11:56:00Z"",""location"":{""city"":""Seattle"",""region"":""East""},""warehouse_id"":39,""notes"":""Status update: Picked Up""}",2024-02-10,retail.order.shipment,0,15,2024/02/01 00:00:00.000,E2E-order-shipment-event
781f428a-b2e9-4641-a810-1c463d8f4b70,"{""order_id"":""O100233"",""tracking_number"":""1Z37156056625199"",""carrier"":""DHL"",""status"":""IN_TRANSIT"",""status_ts"":""2024-02-13T14:07:00Z"",""location"":{""city"":""Dallas"",""region"":""South""},""warehouse_id"":39,""notes"":""Status update: In Transit""}",2024-02-13,retail.order.shipment,0,16,2024/02/01 00:00:00.000,E2E-order-shipment-event
377f39ff-bf3e-4733-a80c-cf56551edf69,"{""order_id"":""O100233"",""tracking_number"":""1Z37156056625199"",""carrier"":""DHL"",""status"":""OUT_FOR_DELIVERY"",""status_ts"":""2024-02-13T17:39:00Z"",""location"":{""city"":""Atlanta"",""region"":""North""},""warehouse_id"":39,""notes"":""Status update: Out For Delivery""}",2024-02-13,retail.order.shipment,0,17,2024/02/01 00:00:00.000,E2E-order-shipment-event
666be9c3-a830-4f5c-a095-74889363ca1f,"{""order_id"":""O100233"",""tracking_number"":""1Z37156056625199"",""carrier"":""DHL"",""status"":""DELIVERED"",""status_ts"":""2024-02-13T08:21:00Z"",""location"":{""city"":""Louisville"",""region"":""East""},""warehouse_id"":39,""notes"":""Status update: Delivered""}",2024-02-13,retail.order.shipment,0,18,2024/02/01 00:00:00.000,E2E-order-shipment-event
769d23b4-41f0-46aa-b3d5-7e44e28dfc0c,"{""order_id"":""O100234"",""tracking_number"":""1Z63023613817059"",""carrier"":""USPS"",""status"":""LABEL_CREATED"",""status_ts"":""2024-02-26T08:54:00Z"",""location"":{""city"":""Atlanta"",""region"":""North""},""warehouse_id"":34,""notes"":""Status update: Label Created""}",2024-02-26,retail.order.shipment,1,24,2024/02/01 00:00:00.000,E2E-order-shipment-event
3efeab1a-7789-4d16-a327-271f921056ef,"{""order_id"":""O100234"",""tracking_number"":""1Z63023613817059"",""carrier"":""USPS"",""status"":""PICKED_UP"",""status_ts"":""2024-02-29T11:17:00Z"",""location"":{""city"":""Atlanta"",""region"":""South""},""warehouse_id"":34,""notes"":""Status update: Picked Up""}",2024-02-29,retail.order.shipment,1,25,2024/02/01 00:00:00.000,E2E-order-shipment-event
dcabd6aa-8449-46c0-a0b9-af241baf74d1,"{""order_id"":""O100234"",""tracking_number"":""1Z63023613817059"",""carrier"":""USPS"",""status"":""IN_TRANSIT"",""status_ts"":""2024-03-02T14:05:00Z"",""location"":{""city"":""Denver"",""region"":""East""},""warehouse_id"":34,""notes"":""Status update: In Transit""}",2024-03-02,retail.order.shipment,1,26,2024/02/01 00:00:00.000,E2E-order-shipment-event
22feade0-4077-48fb-b5b1-8a6020b476e3,"{""order_id"":""O100234"",""tracking_number"":""1Z63023613817059"",""carrier"":""USPS"",""status"":""OUT_FOR_DELIVERY"",""status_ts"":""2024-03-02T17:01:00Z"",""location"":{""city"":""Dallas"",""region"":""West""},""warehouse_id"":34,""notes"":""Status update: Out For Delivery""}",2024-03-02,retail.order.shipment,1,27,2024/02/01 00:00:00.000,E2E-order-shipment-event
8a4fe831-2030-4d26-afc9-9b781a74ce6a,"{""order_id"":""O100234"",""tracking_number"":""1Z63023613817059"",""carrier"":""USPS"",""status"":""DELIVERED"",""status_ts"":""2024-03-01T08:22:00Z"",""location"":{""city"":""Denver"",""region"":""North""},""warehouse_id"":34,""notes"":""Status update: Delivered""}",2024-03-01,retail.order.shipment,1,28,2024/02/01 00:00:00.000,E2E-order-shipment-event
ac1abb03-8fee-478b-9217-8fe5cdc4876b,"{""order_id"":""O100239"",""tracking_number"":""1Z51520257941153"",""carrier"":""FEDEX"",""status"":""LABEL_CREATED"",""status_ts"":""2024-02-24T08:08:00Z"",""location"":{""city"":""Atlanta"",""region"":""North""},""warehouse_id"":86,""notes"":""Status update: Label Created""}",2024-02-24,retail.order.shipment,6,28,2024/02/01 00:00:00.000,E2E-order-shipment-event
b859ec12-1a91-4efe-8f8d-ef20106422f0,"{""order_id"":""O100239"",""tracking_number"":""1Z51520257941153"",""carrier"":""FEDEX"",""status"":""PICKED_UP"",""status_ts"":""2024-02-27T11:30:00Z"",""location"":{""city"":""Memphis"",""region"":""North""},""warehouse_id"":86,""notes"":""Status update: Picked Up""}",2024-02-27,retail.order.shipment,6,29,2024/02/01 00:00:00.000,E2E-order-shipment-event
a1e79f4a-e1e8-401d-8606-1b8305065004,"{""order_id"":""O100239"",""tracking_number"":""1Z51520257941153"",""carrier"":""FEDEX"",""status"":""IN_TRANSIT"",""status_ts"":""2024-03-02T14:33:00Z"",""location"":{""city"":""Memphis"",""region"":""North""},""warehouse_id"":86,""notes"":""Status update: In Transit""}",2024-03-02,retail.order.shipment,6,30,2024/02/01 00:00:00.000,E2E-order-shipment-event
84e3ef75-b53b-4d98-9cac-b6054ec23112,"{""order_id"":""O100241"",""tracking_number"":""1Z21953723354852"",""carrier"":""USPS"",""status"":""LABEL_CREATED"",""status_ts"":""2024-02-25T08:43:00Z"",""location"":{""city"":""Columbus"",""region"":""South""},""warehouse_id"":55,""notes"":""Status update: Label Created""}",2024-02-25,retail.order.shipment,7,26,2024/02/01 00:00:00.000,E2E-order-shipment-event
039a4f95-1eff-4c1c-b7e8-109011276f7e,"{""order_id"":""O100241"",""tracking_number"":""1Z21953723354852"",""carrier"":""USPS"",""status"":""PICKED_UP"",""status_ts"":""2024-02-26T11:17:00Z"",""location"":{""city"":""Denver"",""region"":""West""},""warehouse_id"":55,""notes"":""Status update: Picked Up""}",2024-02-26,retail.order.shipment,7,27,2024/02/01 00:00:00.000,E2E-order-shipment-event
a9726c69-fa21-44ed-9b02-ce1e7a1c5e31,"{""order_id"":""O100241"",""tracking_number"":""1Z21953723354852"",""carrier"":""USPS"",""status"":""IN_TRANSIT"",""status_ts"":""2024-03-01T14:18:00Z"",""location"":{""city"":""Atlanta"",""region"":""South""},""warehouse_id"":55,""notes"":""Status update: In Transit""}",2024-03-01,retail.order.shipment,7,28,2024/02/01 00:00:00.000,E2E-order-shipment-event
538f9ea8-7b6b-41ee-892c-a2523e0bca78,"{""order_id"":""O100241"",""tracking_number"":""1Z21953723354852"",""carrier"":""USPS"",""status"":""OUT_FOR_DELIVERY"",""status_ts"":""2024-03-01T17:23:00Z"",""location"":{""city"":""Dallas"",""region"":""South""},""warehouse_id"":55,""notes"":""Status update: Out For Delivery""}",2024-03-01,retail.order.shipment,7,29,2024/02/01 00:00:00.000,E2E-order-shipment-event
6d5f495d-1700-4e8f-8413-a5eb22214535,"{""order_id"":""O100241"",""tracking_number"":""1Z21953723354852"",""carrier"":""USPS"",""status"":""DELIVERED"",""status_ts"":""2024-03-01T08:45:00Z"",""location"":{""city"":""Dallas"",""region"":""North""},""warehouse_id"":55,""notes"":""Status update: Delivered""}",2024-03-01,retail.order.shipment,7,30,2024/02/01 00:00:00.000,E2E-order-shipment-event
da308b4d-ad53-4a1c-967b-9d0323d147f3,"{""order_id"":""O100243"",""tracking_number"":""1Z51936810481344"",""carrier"":""USPS"",""status"":""EXCEPTION"",""status_ts"":""2024-02-26T08:52:00Z"",""location"":{""city"":""Chicago"",""region"":""West""},""warehouse_id"":52,""notes"":""Status update: Exception""}",2024-02-26,retail.order.shipment,1,29,2024/02/01 00:00:00.000,E2E-order-shipment-event
0d78c460-4d72-4fdc-88a2-4ae55ef80713,"{""order_id"":""O100244"",""tracking_number"":""1Z28975026100114"",""carrier"":""DHL"",""status"":""LABEL_CREATED"",""status_ts"":""2024-02-09T08:53:00Z"",""location"":{""city"":""Atlanta"",""region"":""West""},""warehouse_id"":86,""notes"":""Status update: Label Created""}",2024-02-09,retail.order.shipment,2,45,2024/02/01 00:00:00.000,E2E-order-shipment-event
00b43807-57f3-4807-ac23-63ff2356654f,"{""order_id"":""O100244"",""tracking_number"":""1Z28975026100114"",""carrier"":""DHL"",""status"":""PICKED_UP"",""status_ts"":""2024-02-10T11:09:00Z"",""location"":{""city"":""Louisville"",""region"":""West""},""warehouse_id"":86,""notes"":""Status update: Picked Up""}",2024-02-10,retail.order.shipment,2,46,2024/02/01 00:00:00.000,E2E-order-shipment-event
f0990b22-08ca-4655-8273-ba06ccb0bbfb,"{""order_id"":""O100244"",""tracking_number"":""1Z28975026100114"",""carrier"":""DHL"",""status"":""IN_TRANSIT"",""status_ts"":""2024-02-13T14:24:00Z"",""location"":{""city"":""Memphis"",""region"":""South""},""warehouse_id"":86,""notes"":""Status update: In Transit""}",2024-02-13,retail.order.shipment,2,47,2024/02/01 00:00:00.000,E2E-order-shipment-event
5415bbfb-609c-499a-a7b6-918257fc28cf,"{""order_id"":""O100245"",""tracking_number"":""1Z65918953246041"",""carrier"":""USPS"",""status"":""LABEL_CREATED"",""status_ts"":""2024-02-15T08:47:00Z"",""location"":{""city"":""Louisville"",""region"":""North""},""warehouse_id"":58,""notes"":""Status update: Label Created""}",2024-02-15,retail.order.shipment,3,31,2024/02/01 00:00:00.000,E2E-order-shipment-event
c10ade17-d11b-4e2c-8117-7563ca35665c,"{""order_id"":""O100245"",""tracking_number"":""1Z65918953246041"",""carrier"":""USPS"",""status"":""PICKED_UP"",""status_ts"":""2024-02-17T11:13:00Z"",""location"":{""city"":""Seattle"",""region"":""West""},""warehouse_id"":58,""notes"":""Status update: Picked Up""}",2024-02-17,retail.order.shipment,3,32,2024/02/01 00:00:00.000,E2E-order-shipment-event
58b76376-1b86-4943-b318-b84a6ff1bac6,"{""order_id"":""O100245"",""tracking_number"":""1Z65918953246041"",""carrier"":""USPS"",""status"":""IN_TRANSIT"",""status_ts"":""2024-02-21T14:55:00Z"",""location"":{""city"":""Louisville"",""region"":""East""},""warehouse_id"":58,""notes"":""Status update: In Transit""}",2024-02-21,retail.order.shipment,3,33,2024/02/01 00:00:00.000,E2E-order-shipment-event
fc8fec00-cb57-4121-9104-b637d36886a9,"{""order_id"":""O100248"",""tracking_number"":""1Z81899738548240"",""carrier"":""FEDEX"",""status"":""LABEL_CREATED"",""status_ts"":""2024-02-07T08:26:00Z"",""location"":{""city"":""Columbus"",""region"":""West""},""warehouse_id"":16,""notes"":""Status update: Label Created""}",2024-02-07,retail.order.shipment,6,31,2024/02/01 00:00:00.000,E2E-order-shipment-event
3f007f1b-d179-405a-935b-a202351abc70,"{""order_id"":""O100249"",""tracking_number"":""1Z30775068992503"",""carrier"":""USPS"",""status"":""LABEL_CREATED"",""status_ts"":""2024-02-04T08:29:00Z"",""location"":{""city"":""Columbus"",""region"":""East""},""warehouse_id"":79,""notes"":""Status update: Label Created""}",2024-02-04,retail.order.shipment,7,31,2024/02/01 00:00:00.000,E2E-order-shipment-event
bf958ed0-a4f3-4359-9302-d56959c40b56,"{""order_id"":""O100249"",""tracking_number"":""1Z30775068992503"",""carrier"":""USPS"",""status"":""PICKED_UP"",""status_ts"":""2024-02-07T11:06:00Z"",""location"":{""city"":""Denver"",""region"":""East""},""warehouse_id"":79,""notes"":""Status update: Picked Up""}",2024-02-07,retail.order.shipment,7,32,2024/02/01 00:00:00.000,E2E-order-shipment-event
6a9d2016-9a70-4040-a4ad-be3cc67e13fe,"{""order_id"":""O100249"",""tracking_number"":""1Z30775068992503"",""carrier"":""USPS"",""status"":""IN_TRANSIT"",""status_ts"":""2024-02-10T14:36:00Z"",""location"":{""city"":""Denver"",""region"":""West""},""warehouse_id"":79,""notes"":""Status update: In Transit""}",2024-02-10,retail.order.shipment,7,33,2024/02/01 00:00:00.000,E2E-order-shipment-event
075664e6-484f-4aa3-875b-48de05d24dca,"{""order_id"":""O100252"",""tracking_number"":""1Z98324844876175"",""carrier"":""USPS"",""status"":""LABEL_CREATED"",""status_ts"":""2024-02-07T08:37:00Z"",""location"":{""city"":""Louisville"",""region"":""North""},""warehouse_id"":79,""notes"":""Status update: Label Created""}",2024-02-07,retail.order.shipment,1,30,2024/02/01 00:00:00.000,E2E-order-shipment-event
bd15dc6d-44e1-47a6-a608-9e5253d6cd98,"{""order_id"":""O100254"",""tracking_number"":""1Z12342627202077"",""carrier"":""DHL"",""status"":""LABEL_CREATED"",""status_ts"":""2024-02-21T08:18:00Z"",""location"":{""city"":""Memphis"",""region"":""West""},""warehouse_id"":32,""notes"":""Status update: Label Created""}",2024-02-21,retail.order.shipment,3,34,2024/02/01 00:00:00.000,E2E-order-shipment-event
a7c73aee-6b61-4705-a6bd-e3cc2c30b169,"{""order_id"":""O100254"",""tracking_number"":""1Z12342627202077"",""carrier"":""DHL"",""status"":""PICKED_UP"",""status_ts"":""2024-02-22T11:31:00Z"",""location"":{""city"":""Denver"",""region"":""North""},""warehouse_id"":32,""notes"":""Status update: Picked Up""}",2024-02-22,retail.order.shipment,3,35,2024/02/01 00:00:00.000,E2E-order-shipment-event
8e501bcb-bf07-4109-831c-c4a2c499436e,"{""order_id"":""O100254"",""tracking_number"":""1Z12342627202077"",""carrier"":""DHL"",""status"":""IN_TRANSIT"",""status_ts"":""2024-02-26T14:38:00Z"",""location"":{""city"":""Columbus"",""region"":""East""},""warehouse_id"":32,""notes"":""Status update: In Transit""}",2024-02-26,retail.order.shipment,3,36,2024/02/01 00:00:00.000,E2E-order-shipment-event
b879227f-d0f2-4dce-bd46-f5b7dd5c3d92,"{""order_id"":""O100254"",""tracking_number"":""1Z12342627202077"",""carrier"":""DHL"",""status"":""OUT_FOR_DELIVERY"",""status_ts"":""2024-02-26T17:25:00Z"",""location"":{""city"":""Louisville"",""region"":""East""},""warehouse_id"":32,""notes"":""Status update: Out For Delivery""}",2024-02-26,retail.order.shipment,3,37,2024/02/01 00:00:00.000,E2E-order-shipment-event
35cf2eb0-5e51-48b4-a656-f801137759eb,"{""order_id"":""O100256"",""tracking_number"":""1Z83998040940949"",""carrier"":""USPS"",""status"":""LABEL_CREATED"",""status_ts"":""2024-02-26T08:46:00Z"",""location"":{""city"":""Columbus"",""region"":""North""},""warehouse_id"":17,""notes"":""Status update: Label Created""}",2024-02-26,retail.order.shipment,5,26,2024/02/01 00:00:00.000,E2E-order-shipment-event
be33b3ca-ac2f-4323-a2b3-a886b95c3a3f,"{""order_id"":""O100256"",""tracking_number"":""1Z83998040940949"",""carrier"":""USPS"",""status"":""PICKED_UP"",""status_ts"":""2024-02-27T11:20:00Z"",""location"":{""city"":""Seattle"",""region"":""West""},""warehouse_id"":17,""notes"":""Status update: Picked Up""}",2024-02-27,retail.order.shipment,5,27,2024/02/01 00:00:00.000,E2E-order-shipment-event
dd472801-4e30-44a6-8552-d9a82f12f8f8,"{""order_id"":""O100256"",""tracking_number"":""1Z83998040940949"",""carrier"":""USPS"",""status"":""IN_TRANSIT"",""status_ts"":""2024-02-29T14:11:00Z"",""location"":{""city"":""Louisville"",""region"":""West""},""warehouse_id"":17,""notes"":""Status update: In Transit""}",2024-02-29,retail.order.shipment,5,28,2024/02/01 00:00:00.000,E2E-order-shipment-event
5dd9e11a-62d6-4cd0-8756-3428cec9ffd1,"{""order_id"":""O100263"",""tracking_number"":""1Z24940377441807"",""carrier"":""UPS"",""status"":""LABEL_CREATED"",""status_ts"":""2024-02-01T08:16:00Z"",""location"":{""city"":""Chicago"",""region"":""West""},""warehouse_id"":33,""notes"":""Status update: Label Created""}",2024-02-01,retail.order.shipment,3,38,2024/02/01 00:00:00.000,E2E-order-shipment-event
64c846ac-94a7-4ff0-a6e6-6cd9268a9460,"{""order_id"":""O100263"",""tracking_number"":""1Z24940377441807"",""carrier"":""UPS"",""status"":""PICKED_UP"",""status_ts"":""2024-02-02T11:08:00Z"",""location"":{""city"":""Chicago"",""region"":""West""},""warehouse_id"":33,""notes"":""Status update: Picked Up""}",2024-02-02,retail.order.shipment,3,39,2024/02/01 00:00:00.000,E2E-order-shipment-event
9511579c-e567-41cf-93da-3ebcd9b5aafa,"{""order_id"":""O100263"",""tracking_number"":""1Z24940377441807"",""carrier"":""UPS"",""status"":""IN_TRANSIT"",""status_ts"":""2024-02-06T14:17:00Z"",""location"":{""city"":""Denver"",""region"":""South""},""warehouse_id"":33,""notes"":""Status update: In Transit""}",2024-02-06,retail.order.shipment,3,40,2024/02/01 00:00:00.000,E2E-order-shipment-event
3d51b4da-7464-4d7d-90da-668ee709c137,"{""order_id"":""O100264"",""tracking_number"":""1Z56325232306625"",""carrier"":""DHL"",""status"":""LABEL_CREATED"",""status_ts"":""2024-02-27T08:06:00Z"",""location"":{""city"":""Columbus"",""region"":""South""},""warehouse_id"":34,""notes"":""Status update: Label Created""}",2024-02-27,retail.order.shipment,4,39,2024/02/01 00:00:00.000,E2E-order-shipment-event
c02a5c13-17da-4539-8bae-2ecc8948f89c,"{""order_id"":""O100264"",""tracking_number"":""1Z56325232306625"",""carrier"":""DHL"",""status"":""PICKED_UP"",""status_ts"":""2024-03-01T11:16:00Z"",""location"":{""city"":""Atlanta"",""region"":""East""},""warehouse_id"":34,""notes"":""Status update: Picked Up""}",2024-03-01,retail.order.shipment,4,40,2024/02/01 00:00:00.000,E2E-order-shipment-event
d16f6117-ce23-448b-b060-7fa8b555dede,"{""order_id"":""O100264"",""tracking_number"":""1Z56325232306625"",""carrier"":""DHL"",""status"":""IN_TRANSIT"",""status_ts"":""2024-03-05T14:00:00Z"",""location"":{""city"":""Louisville"",""region"":""East""},""warehouse_id"":34,""notes"":""Status update: In Transit""}",2024-03-05,retail.order.shipment,4,41,2024/02/01 00:00:00.000,E2E-order-shipment-event
d6e162b1-9fc1-4b00-a186-7d4054d2d94d,"{""order_id"":""O100264"",""tracking_number"":""1Z56325232306625"",""carrier"":""DHL"",""status"":""OUT_FOR_DELIVERY"",""status_ts"":""2024-03-05T17:30:00Z"",""location"":{""city"":""Memphis"",""region"":""South""},""warehouse_id"":34,""notes"":""Status update: Out For Delivery""}",2024-03-05,retail.order.shipment,4,42,2024/02/01 00:00:00.000,E2E-order-shipment-event
e04bb96a-36e0-4254-816d-03c99cb74dbd,"{""order_id"":""O100264"",""tracking_number"":""1Z56325232306625"",""carrier"":""DHL"",""status"":""DELIVERED"",""status_ts"":""2024-03-06T08:08:00Z"",""location"":{""city"":""Denver"",""region"":""East""},""warehouse_id"":34,""notes"":""Status update: Delivered""}",2024-03-06,retail.order.shipment,4,43,2024/02/01 00:00:00.000,E2E-order-shipment-event
34c3f244-0b6e-4871-89d9-46cac167157e,"{""order_id"":""O100267"",""tracking_number"":""1Z46796581511525"",""carrier"":""USPS"",""status"":""LABEL_CREATED"",""status_ts"":""2024-02-27T08:47:00Z"",""location"":{""city"":""Dallas"",""region"":""East""},""warehouse_id"":100,""notes"":""Status update: Label Created""}",2024-02-27,retail.order.shipment,7,34,2024/02/01 00:00:00.000,E2E-order-shipment-event
0418feb5-f219-4299-8aee-a193e853bc70,"{""order_id"":""O100267"",""tracking_number"":""1Z46796581511525"",""carrier"":""USPS"",""status"":""PICKED_UP"",""status_ts"":""2024-02-28T11:30:00Z"",""location"":{""city"":""Louisville"",""region"":""East""},""warehouse_id"":100,""notes"":""Status update: Picked Up""}",2024-02-28,retail.order.shipment,7,35,2024/02/01 00:00:00.000,E2E-order-shipment-event
13564f8d-879a-4853-bdc5-419824136ff0,"{""order_id"":""O100268"",""tracking_number"":""1Z91841739083802"",""carrier"":""DHL"",""status"":""LABEL_CREATED"",""status_ts"":""2024-02-10T08:38:00Z"",""location"":{""city"":""Dallas"",""region"":""South""},""warehouse_id"":38,""notes"":""Status update: Label Created""}",2024-02-10,retail.order.shipment,0,19,2024/02/01 00:00:00.000,E2E-order-shipment-event
e5cefbc2-6424-4efb-94c5-9265881cdbae,"{""order_id"":""O100268"",""tracking_number"":""1Z91841739083802"",""carrier"":""DHL"",""status"":""PICKED_UP"",""status_ts"":""2024-02-13T11:10:00Z"",""location"":{""city"":""Denver"",""region"":""West""},""warehouse_id"":38,""notes"":""Status update: Picked Up""}",2024-02-13,retail.order.shipment,0,20,2024/02/01 00:00:00.000,E2E-order-shipment-event
f1cca494-5d4a-407b-9097-20cb86f79f36,"{""order_id"":""O100273"",""tracking_number"":""1Z68253052564533"",""carrier"":""DHL"",""status"":""LABEL_CREATED"",""status_ts"":""2024-02-08T08:57:00Z"",""location"":{""city"":""Seattle"",""region"":""East""},""warehouse_id"":72,""notes"":""Status update: Label Created""}",2024-02-08,retail.order.shipment,4,44,2024/02/01 00:00:00.000,E2E-order-shipment-event
a6796910-8bf0-4bfd-9695-cf1331a0996d,"{""order_id"":""O100273"",""tracking_number"":""1Z68253052564533"",""carrier"":""DHL"",""status"":""PICKED_UP"",""status_ts"":""2024-02-10T11:37:00Z"",""location"":{""city"":""Chicago"",""region"":""South""},""warehouse_id"":72,""notes"":""Status update: Picked Up""}",2024-02-10,retail.order.shipment,4,45,2024/02/01 00:00:00.000,E2E-order-shipment-event
88ad8c8a-676b-46cb-869e-0088b093aafd,"{""order_id"":""O100274"",""tracking_number"":""1Z33834130063647"",""carrier"":""FEDEX"",""status"":""LABEL_CREATED"",""status_ts"":""2024-02-19T08:10:00Z"",""location"":{""city"":""Memphis"",""region"":""North""},""warehouse_id"":78,""notes"":""Status update: Label Created""}",2024-02-19,retail.order.shipment,5,29,2024/02/01 00:00:00.000,E2E-order-shipment-event
cfbddb5d-5421-4760-8ba3-8e7eb3249d56,"{""order_id"":""O100276"",""tracking_number"":""1Z53712432580899"",""carrier"":""FEDEX"",""status"":""LABEL_CREATED"",""status_ts"":""2024-02-02T08:04:00Z"",""location"":{""city"":""Columbus"",""region"":""East""},""warehouse_id"":12,""notes"":""Status update: Label Created""}",2024-02-02,retail.order.shipment,7,36,2024/02/01 00:00:00.000,E2E-order-shipment-event
9d2716bf-937c-44fa-9ad4-05be5e32e37e,"{""order_id"":""O100276"",""tracking_number"":""1Z53712432580899"",""carrier"":""FEDEX"",""status"":""PICKED_UP"",""status_ts"":""2024-02-03T11:11:00Z"",""location"":{""city"":""Dallas"",""region"":""East""},""warehouse_id"":12,""notes"":""Status update: Picked Up""}",2024-02-03,retail.order.shipment,7,37,2024/02/01 00:00:00.000,E2E-order-shipment-event
209ffcbf-8ca5-4679-b8db-2cad312683ce,"{""order_id"":""O100276"",""tracking_number"":""1Z53712432580899"",""carrier"":""FEDEX"",""status"":""IN_TRANSIT"",""status_ts"":""2024-02-06T14:03:00Z"",""location"":{""city"":""Atlanta"",""region"":""West""},""warehouse_id"":12,""notes"":""Status update: In Transit""}",2024-02-06,retail.order.shipment,7,38,2024/02/01 00:00:00.000,E2E-order-shipment-event
dd0d3bd1-de12-4590-8db3-b2f980753e4c,"{""order_id"":""O100276"",""tracking_number"":""1Z53712432580899"",""carrier"":""FEDEX"",""status"":""OUT_FOR_DELIVERY"",""status_ts"":""2024-02-06T17:40:00Z"",""location"":{""city"":""Seattle"",""region"":""East""},""warehouse_id"":12,""notes"":""Status update: Out For Delivery""}",2024-02-06,retail.order.shipment,7,39,2024/02/01 00:00:00.000,E2E-order-shipment-event
0dd4582b-a36e-4c4c-9229-83c90798d352,"{""order_id"":""O100276"",""tracking_number"":""1Z53712432580899"",""carrier"":""FEDEX"",""status"":""DELIVERED"",""status_ts"":""2024-02-05T08:17:00Z"",""location"":{""city"":""Memphis"",""region"":""North""},""warehouse_id"":12,""notes"":""Status update: Delivered""}",2024-02-05,retail.order.shipment,7,40,2024/02/01 00:00:00.000,E2E-order-shipment-event
f34a5d86-9165-4397-a84f-b5e0ce187568,"{""order_id"":""O100277"",""tracking_number"":""1Z93541992956338"",""carrier"":""UPS"",""status"":""LABEL_CREATED"",""status_ts"":""2024-02-28T08:52:00Z"",""location"":{""city"":""Memphis"",""region"":""West""},""warehouse_id"":44,""notes"":""Status update: Label Created""}",2024-02-28,retail.order.shipment,0,21,2024/02/01 00:00:00.000,E2E-order-shipment-event
2c7ad655-df46-425c-af39-ad3dd5b04dcb,"{""order_id"":""O100277"",""tracking_number"":""1Z93541992956338"",""carrier"":""UPS"",""status"":""PICKED_UP"",""status_ts"":""2024-02-29T11:17:00Z"",""location"":{""city"":""Atlanta"",""region"":""East""},""warehouse_id"":44,""notes"":""Status update: Picked Up""}",2024-02-29,retail.order.shipment,0,22,2024/02/01 00:00:00.000,E2E-order-shipment-event
86152ce9-781f-4172-aca6-92d31d2cdac3,"{""order_id"":""O100277"",""tracking_number"":""1Z93541992956338"",""carrier"":""UPS"",""status"":""IN_TRANSIT"",""status_ts"":""2024-03-03T14:51:00Z"",""location"":{""city"":""Denver"",""region"":""North""},""warehouse_id"":44,""notes"":""Status update: In Transit""}",2024-03-03,retail.order.shipment,0,23,2024/02/01 00:00:00.000,E2E-order-shipment-event
8f3b2a2b-1a0c-48db-81de-d96bd1916010,"{""order_id"":""O100277"",""tracking_number"":""1Z93541992956338"",""carrier"":""UPS"",""status"":""OUT_FOR_DELIVERY"",""status_ts"":""2024-03-03T17:03:00Z"",""location"":{""city"":""Chicago"",""region"":""North""},""warehouse_id"":44,""notes"":""Status update: Out For Delivery""}",2024-03-03,retail.order.shipment,0,24,2024/02/01 00:00:00.000,E2E-order-shipment-event
cab0c13e-40fb-4d87-951a-8dc0345fe979,"{""order_id"":""O100277"",""tracking_number"":""1Z93541992956338"",""carrier"":""UPS"",""status"":""DELIVERED"",""status_ts"":""2024-03-02T08:28:00Z"",""location"":{""city"":""Dallas"",""region"":""North""},""warehouse_id"":44,""notes"":""Status update: Delivered""}",2024-03-02,retail.order.shipment,0,25,2024/02/01 00:00:00.000,E2E-order-shipment-event
61e890a3-d8c1-47f4-aa88-7fb366f570ec,"{""order_id"":""O100279"",""tracking_number"":""1Z78792095751770"",""carrier"":""DHL"",""status"":""LABEL_CREATED"",""status_ts"":""2024-02-18T08:54:00Z"",""location"":{""city"":""Memphis"",""region"":""East""},""warehouse_id"":11,""notes"":""Status update: Label Created""}",2024-02-18,retail.order.shipment,2,48,2024/02/01 00:00:00.000,E2E-order-shipment-event
297690c8-bc25-4379-8be3-89b550f37fb5,"{""order_id"":""O100279"",""tracking_number"":""1Z78792095751770"",""carrier"":""DHL"",""status"":""PICKED_UP"",""status_ts"":""2024-02-20T11:43:00Z"",""location"":{""city"":""Seattle"",""region"":""West""},""warehouse_id"":11,""notes"":""Status update: Picked Up""}",2024-02-20,retail.order.shipment,2,49,2024/02/01 00:00:00.000,E2E-order-shipment-event
e7cddcd5-16f9-45e9-9d81-bd833359193a,"{""order_id"":""O100279"",""tracking_number"":""1Z78792095751770"",""carrier"":""DHL"",""status"":""IN_TRANSIT"",""status_ts"":""2024-02-22T14:01:00Z"",""location"":{""city"":""Memphis"",""region"":""North""},""warehouse_id"":11,""notes"":""Status update: In Transit""}",2024-02-22,retail.order.shipment,2,50,2024/02/01 00:00:00.000,E2E-order-shipment-event
2afefa62-e89b-4f46-b92d-1f75f49e2dcf,"{""order_id"":""O100281"",""tracking_number"":""1Z14276012962570"",""carrier"":""DHL"",""status"":""LABEL_CREATED"",""status_ts"":""2024-02-02T08:43:00Z"",""location"":{""city"":""Columbus"",""region"":""North""},""warehouse_id"":53,""notes"":""Status update: Label Created""}",2024-02-02,retail.order.shipment,3,41,2024/02/01 00:00:00.000,E2E-order-shipment-event
46f921c3-5ee3-4fa2-af77-2bc40d0f1af4,"{""order_id"":""O100281"",""tracking_number"":""1Z14276012962570"",""carrier"":""DHL"",""status"":""PICKED_UP"",""status_ts"":""2024-02-04T11:18:00Z"",""location"":{""city"":""Memphis"",""region"":""South""},""warehouse_id"":53,""notes"":""Status update: Picked Up""}",2024-02-04,retail.order.shipment,3,42,2024/02/01 00:00:00.000,E2E-order-shipment-event
0586fe44-65c7-497d-9d5d-6ebb5d7f2b24,"{""order_id"":""O100286"",""tracking_number"":""1Z51381711816552"",""carrier"":""FEDEX"",""status"":""LABEL_CREATED"",""status_ts"":""2024-02-16T08:44:00Z"",""location"":{""city"":""Memphis"",""region"":""West""},""warehouse_id"":32,""notes"":""Status update: Label Created""}",2024-02-16,retail.order.shipment,0,26,2024/02/01 00:00:00.000,E2E-order-shipment-event
ad1e16a4-7e27-4472-a0b7-10cf5a4028c7,"{""order_id"":""O100286"",""tracking_number"":""1Z51381711816552"",""carrier"":""FEDEX"",""status"":""PICKED_UP"",""status_ts"":""2024-02-17T11:31:00Z"",""location"":{""city"":""Atlanta"",""region"":""East""},""warehouse_id"":32,""notes"":""Status update: Picked Up""}",2024-02-17,retail.order.shipment,0,27,2024/02/01 00:00:00.000,E2E-order-shipment-event
ba26803b-b271-44ca-b076-df396420a6b3,"{""order_id"":""O100287"",""tracking_number"":""1Z62295216679589"",""carrier"":""FEDEX"",""status"":""LABEL_CREATED"",""status_ts"":""2024-02-23T08:41:00Z"",""location"":{""city"":""Dallas"",""region"":""West""},""warehouse_id"":18,""notes"":""Status update: Label Created""}",2024-02-23,retail.order.shipment,1,31,2024/02/01 00:00:00.000,E2E-order-shipment-event
45e6165a-332b-49cc-8f53-4afdffcc49cc,"{""order_id"":""O100287"",""tracking_number"":""1Z62295216679589"",""carrier"":""FEDEX"",""status"":""PICKED_UP"",""status_ts"":""2024-02-25T11:17:00Z"",""location"":{""city"":""Memphis"",""region"":""West""},""warehouse_id"":18,""notes"":""Status update: Picked Up""}",2024-02-25,retail.order.shipment,1,32,2024/02/01 00:00:00.000,E2E-order-shipment-event
30b2b76d-f6ad-4c40-9123-140e3a0809fe,"{""order_id"":""O100287"",""tracking_number"":""1Z62295216679589"",""carrier"":""FEDEX"",""status"":""IN_TRANSIT"",""status_ts"":""2024-02-29T14:58:00Z"",""location"":{""city"":""Denver"",""region"":""East""},""warehouse_id"":18,""notes"":""Status update: In Transit""}",2024-02-29,retail.order.shipment,1,33,2024/02/01 00:00:00.000,E2E-order-shipment-event
3aaa286b-71d9-4f2e-a762-1038743744fe,"{""order_id"":""O100287"",""tracking_number"":""1Z62295216679589"",""carrier"":""FEDEX"",""status"":""OUT_FOR_DELIVERY"",""status_ts"":""2024-02-29T17:42:00Z"",""location"":{""city"":""Columbus"",""region"":""North""},""warehouse_id"":18,""notes"":""Status update: Out For Delivery""}",2024-02-29,retail.order.shipment,1,34,2024/02/01 00:00:00.000,E2E-order-shipment-event
ce1a81f2-43dd-4f1f-988e-f2d858d4746b,"{""order_id"":""O100287"",""tracking_number"":""1Z62295216679589"",""carrier"":""FEDEX"",""status"":""DELIVERED"",""status_ts"":""2024-02-29T08:41:00Z"",""location"":{""city"":""Louisville"",""region"":""East""},""warehouse_id"":18,""notes"":""Status update: Delivered""}",2024-02-29,retail.order.shipment,1,35,2024/02/01 00:00:00.000,E2E-order-shipment-event
aa48303a-6ba0-47a3-8f6d-5ffd83eaf103,"{""order_id"":""O100288"",""tracking_number"":""1Z97234541799773"",""carrier"":""USPS"",""status"":""LABEL_CREATED"",""status_ts"":""2024-02-26T08:19:00Z"",""location"":{""city"":""Seattle"",""region"":""North""},""warehouse_id"":87,""notes"":""Status update: Label Created""}",2024-02-26,retail.order.shipment,2,51,2024/02/01 00:00:00.000,E2E-order-shipment-event
aa3e3d5b-620b-407d-a188-7e50c4e4d1a5,"{""order_id"":""O100288"",""tracking_number"":""1Z97234541799773"",""carrier"":""USPS"",""status"":""PICKED_UP"",""status_ts"":""2024-02-28T11:28:00Z"",""location"":{""city"":""Memphis"",""region"":""South""},""warehouse_id"":87,""notes"":""Status update: Picked Up""}",2024-02-28,retail.order.shipment,2,52,2024/02/01 00:00:00.000,E2E-order-shipment-event
461c442e-de97-4e37-ac8e-9d20a40eeb87,"{""order_id"":""O100288"",""tracking_number"":""1Z97234541799773"",""carrier"":""USPS"",""status"":""IN_TRANSIT"",""status_ts"":""2024-03-02T14:31:00Z"",""location"":{""city"":""Seattle"",""region"":""East""},""warehouse_id"":87,""notes"":""Status update: In Transit""}",2024-03-02,retail.order.shipment,2,53,2024/02/01 00:00:00.000,E2E-order-shipment-event
ed0c14cf-06c3-4247-8aaf-433ed61c1714,"{""order_id"":""O100288"",""tracking_number"":""1Z97234541799773"",""carrier"":""USPS"",""status"":""OUT_FOR_DELIVERY"",""status_ts"":""2024-03-02T17:10:00Z"",""location"":{""city"":""Columbus"",""region"":""West""},""warehouse_id"":87,""notes"":""Status update: Out For Delivery""}",2024-03-02,retail.order.shipment,2,54,2024/02/01 00:00:00.000,E2E-order-shipment-event
6a73c510-51dc-4414-9214-4b4416f60dea,"{""order_id"":""O100288"",""tracking_number"":""1Z97234541799773"",""carrier"":""USPS"",""status"":""DELIVERED"",""status_ts"":""2024-03-01T08:18:00Z"",""location"":{""city"":""Chicago"",""region"":""North""},""warehouse_id"":87,""notes"":""Status update: Delivered""}",2024-03-01,retail.order.shipment,2,55,2024/02/01 00:00:00.000,E2E-order-shipment-event
9d1f496f-b3c4-4ca6-b640-7c8a44557ea4,"{""order_id"":""O100289"",""tracking_number"":""1Z78807516996495"",""carrier"":""DHL"",""status"":""LABEL_CREATED"",""status_ts"":""2024-02-25T08:24:00Z"",""location"":{""city"":""Columbus"",""region"":""East""},""warehouse_id"":71,""notes"":""Status update: Label Created""}",2024-02-25,retail.order.shipment,3,43,2024/02/01 00:00:00.000,E2E-order-shipment-event
99711faa-ecb3-45c5-b7b9-a580529fd672,"{""order_id"":""O100289"",""tracking_number"":""1Z78807516996495"",""carrier"":""DHL"",""status"":""PICKED_UP"",""status_ts"":""2024-02-26T11:51:00Z"",""location"":{""city"":""Denver"",""region"":""West""},""warehouse_id"":71,""notes"":""Status update: Picked Up""}",2024-02-26,retail.order.shipment,3,44,2024/02/01 00:00:00.000,E2E-order-shipment-event
20f0f2aa-e267-40ea-8772-a34c3bc1ce8e,"{""order_id"":""O100289"",""tracking_number"":""1Z78807516996495"",""carrier"":""DHL"",""status"":""IN_TRANSIT"",""status_ts"":""2024-03-01T14:06:00Z"",""location"":{""city"":""Dallas"",""region"":""East""},""warehouse_id"":71,""notes"":""Status update: In Transit""}",2024-03-01,retail.order.shipment,3,45,2024/02/01 00:00:00.000,E2E-order-shipment-event
617a6b21-1c29-4129-94a7-0424a583e587,"{""order_id"":""O100289"",""tracking_number"":""1Z78807516996495"",""carrier"":""DHL"",""status"":""OUT_FOR_DELIVERY"",""status_ts"":""2024-03-01T17:25:00Z"",""location"":{""city"":""Louisville"",""region"":""West""},""warehouse_id"":71,""notes"":""Status update: Out For Delivery""}",2024-03-01,retail.order.shipment,3,46,2024/02/01 00:00:00.000,E2E-order-shipment-event
2f7daa08-eee2-4aec-b854-96e5035ed4b6,"{""order_id"":""O100291"",""tracking_number"":""1Z34321975508360"",""carrier"":""DHL"",""status"":""EXCEPTION"",""status_ts"":""2024-02-20T08:08:00Z"",""location"":{""city"":""Dallas"",""region"":""East""},""warehouse_id"":29,""notes"":""Status update: Exception""}",2024-02-20,retail.order.shipment,4,46,2024/02/01 00:00:00.000,E2E-order-shipment-event
f63027cb-a8c1-4245-918d-a1474de0ec66,"{""order_id"":""O100294"",""tracking_number"":""1Z56416262329319"",""carrier"":""UPS"",""status"":""LABEL_CREATED"",""status_ts"":""2024-02-28T08:29:00Z"",""location"":{""city"":""Memphis"",""region"":""North""},""warehouse_id"":36,""notes"":""Status update: Label Created""}",2024-02-28,retail.order.shipment,7,41,2024/02/01 00:00:00.000,E2E-order-shipment-event
114c3e7a-682e-40d7-91a3-9f4fb14d1ee6,"{""order_id"":""O100294"",""tracking_number"":""1Z56416262329319"",""carrier"":""UPS"",""status"":""PICKED_UP"",""status_ts"":""2024-02-29T11:39:00Z"",""location"":{""city"":""Seattle"",""region"":""East""},""warehouse_id"":36,""notes"":""Status update: Picked Up""}",2024-02-29,retail.order.shipment,7,42,2024/02/01 00:00:00.000,E2E-order-shipment-event
82d74b0e-70cf-48e0-87dd-c04e4efb6930,"{""order_id"":""O100294"",""tracking_number"":""1Z56416262329319"",""carrier"":""UPS"",""status"":""IN_TRANSIT"",""status_ts"":""2024-03-03T14:54:00Z"",""location"":{""city"":""Louisville"",""region"":""North""},""warehouse_id"":36,""notes"":""Status update: In Transit""}",2024-03-03,retail.order.shipment,7,43,2024/02/01 00:00:00.000,E2E-order-shipment-event
a3d96466-6d92-4043-965d-53df35cd410c,"{""order_id"":""O100295"",""tracking_number"":""1Z12679962116998"",""carrier"":""DHL"",""status"":""EXCEPTION"",""status_ts"":""2024-02-12T08:33:00Z"",""location"":{""city"":""Dallas"",""region"":""West""},""warehouse_id"":84,""notes"":""Status update: Exception""}",2024-02-12,retail.order.shipment,0,28,2024/02/01 00:00:00.000,E2E-order-shipment-event
06ba1527-061b-4942-9bad-a1c1d82cdafc,"{""order_id"":""O100296"",""tracking_number"":""1Z64794086403758"",""carrier"":""USPS"",""status"":""LABEL_CREATED"",""status_ts"":""2024-02-06T08:39:00Z"",""location"":{""city"":""Denver"",""region"":""South""},""warehouse_id"":52,""notes"":""Status update: Label Created""}",2024-02-06,retail.order.shipment,1,36,2024/02/01 00:00:00.000,E2E-order-shipment-event
db00ea60-3966-4b41-83ac-053e1ed7110f,"{""order_id"":""O100296"",""tracking_number"":""1Z64794086403758"",""carrier"":""USPS"",""status"":""PICKED_UP"",""status_ts"":""2024-02-08T11:05:00Z"",""location"":{""city"":""Denver"",""region"":""West""},""warehouse_id"":52,""notes"":""Status update: Picked Up""}",2024-02-08,retail.order.shipment,1,37,2024/02/01 00:00:00.000,E2E-order-shipment-event
e16464ab-2d3d-43a5-9f1b-b456d35210dd,"{""order_id"":""O100296"",""tracking_number"":""1Z64794086403758"",""carrier"":""USPS"",""status"":""IN_TRANSIT"",""status_ts"":""2024-02-12T14:32:00Z"",""location"":{""city"":""Atlanta"",""region"":""West""},""warehouse_id"":52,""notes"":""Status update: In Transit""}",2024-02-12,retail.order.shipment,1,38,2024/02/01 00:00:00.000,E2E-order-shipment-event
73f11137-07bc-4d7f-a394-305d49bc9656,"{""order_id"":""O100300"",""tracking_number"":""1Z69198442393572"",""carrier"":""FEDEX"",""status"":""LABEL_CREATED"",""status_ts"":""2024-02-21T08:32:00Z"",""location"":{""city"":""Denver"",""region"":""East""},""warehouse_id"":19,""notes"":""Status update: Label Created""}",2024-02-21,retail.order.shipment,3,47,2024/02/01 00:00:00.000,E2E-order-shipment-event
dd965f27-16a1-4818-a718-6e0acfcd3aef,"{""order_id"":""O100300"",""tracking_number"":""1Z69198442393572"",""carrier"":""FEDEX"",""status"":""PICKED_UP"",""status_ts"":""2024-02-22T11:48:00Z"",""location"":{""city"":""Dallas"",""region"":""North""},""warehouse_id"":19,""notes"":""Status update: Picked Up""}",2024-02-22,retail.order.shipment,3,48,2024/02/01 00:00:00.000,E2E-order-shipment-event
9ea937b8-6b23-4bee-a3a2-bdcd1a5afcc5,"{""order_id"":""O100300"",""tracking_number"":""1Z69198442393572"",""carrier"":""FEDEX"",""status"":""IN_TRANSIT"",""status_ts"":""2024-02-26T14:39:00Z"",""location"":{""city"":""Denver"",""region"":""North""},""warehouse_id"":19,""notes"":""Status update: In Transit""}",2024-02-26,retail.order.shipment,3,49,2024/02/01 00:00:00.000,E2E-order-shipment-event
77118b45-95f5-4584-82b0-b45d63764f55,"{""order_id"":""O100306"",""tracking_number"":""1Z90056322567245"",""carrier"":""UPS"",""status"":""LABEL_CREATED"",""status_ts"":""2024-02-05T08:10:00Z"",""location"":{""city"":""Denver"",""region"":""West""},""warehouse_id"":59,""notes"":""Status update: Label Created""}",2024-02-05,retail.order.shipment,1,39,2024/02/01 00:00:00.000,E2E-order-shipment-event
99bf6f8f-789e-4fe8-9a19-e870face717d,"{""order_id"":""O100306"",""tracking_number"":""1Z90056322567245"",""carrier"":""UPS"",""status"":""PICKED_UP"",""status_ts"":""2024-02-06T11:41:00Z"",""location"":{""city"":""Denver"",""region"":""West""},""warehouse_id"":59,""notes"":""Status update: Picked Up""}",2024-02-06,retail.order.shipment,1,40,2024/02/01 00:00:00.000,E2E-order-shipment-event
ed91ccf1-d309-4e34-ba22-760f5e1d9e7e,"{""order_id"":""O100306"",""tracking_number"":""1Z90056322567245"",""carrier"":""UPS"",""status"":""IN_TRANSIT"",""status_ts"":""2024-02-09T14:15:00Z"",""location"":{""city"":""Dallas"",""region"":""South""},""warehouse_id"":59,""notes"":""Status update: In Transit""}",2024-02-09,retail.order.shipment,1,41,2024/02/01 00:00:00.000,E2E-order-shipment-event
2f30dbba-e986-46ca-9996-95878100831c,"{""order_id"":""O100306"",""tracking_number"":""1Z90056322567245"",""carrier"":""UPS"",""status"":""OUT_FOR_DELIVERY"",""status_ts"":""2024-02-09T17:47:00Z"",""location"":{""city"":""Seattle"",""region"":""North""},""warehouse_id"":59,""notes"":""Status update: Out For Delivery""}",2024-02-09,retail.order.shipment,1,42,2024/02/01 00:00:00.000,E2E-order-shipment-event
c5d88652-46bd-4838-b2a2-37a8d610ccc6,"{""order_id"":""O100306"",""tracking_number"":""1Z90056322567245"",""carrier"":""UPS"",""status"":""DELIVERED"",""status_ts"":""2024-02-08T08:49:00Z"",""location"":{""city"":""Columbus"",""region"":""North""},""warehouse_id"":59,""notes"":""Status update: Delivered""}",2024-02-08,retail.order.shipment,1,43,2024/02/01 00:00:00.000,E2E-order-shipment-event
290dcce6-d691-42d1-9802-ea39bb1a7c60,"{""order_id"":""O100309"",""tracking_number"":""1Z45697157791506"",""carrier"":""FEDEX"",""status"":""EXCEPTION"",""status_ts"":""2024-02-18T08:20:00Z"",""location"":{""city"":""Seattle"",""region"":""West""},""warehouse_id"":46,""notes"":""Status update: Exception""}",2024-02-18,retail.order.shipment,4,47,2024/02/01 00:00:00.000,E2E-order-shipment-event
be1d0041-ff04-426e-8789-f93c75954a01,"{""order_id"":""O100310"",""tracking_number"":""1Z49697711754862"",""carrier"":""USPS"",""status"":""LABEL_CREATED"",""status_ts"":""2024-02-13T08:01:00Z"",""location"":{""city"":""Chicago"",""region"":""South""},""warehouse_id"":28,""notes"":""Status update: Label Created""}",2024-02-13,retail.order.shipment,4,48,2024/02/01 00:00:00.000,E2E-order-shipment-event
d28b9a6e-41ed-4892-8a82-1710ea78ce94,"{""order_id"":""O100310"",""tracking_number"":""1Z49697711754862"",""carrier"":""USPS"",""status"":""PICKED_UP"",""status_ts"":""2024-02-16T11:25:00Z"",""location"":{""city"":""Columbus"",""region"":""East""},""warehouse_id"":28,""notes"":""Status update: Picked Up""}",2024-02-16,retail.order.shipment,4,49,2024/02/01 00:00:00.000,E2E-order-shipment-event
ff77cffd-4e34-4d25-b6a3-64c3d6248c33,"{""order_id"":""O100310"",""tracking_number"":""1Z49697711754862"",""carrier"":""USPS"",""status"":""IN_TRANSIT"",""status_ts"":""2024-02-18T14:30:00Z"",""location"":{""city"":""Dallas"",""region"":""North""},""warehouse_id"":28,""notes"":""Status update: In Transit""}",2024-02-18,retail.order.shipment,4,50,2024/02/01 00:00:00.000,E2E-order-shipment-event
4a6370f1-2aec-4f31-8421-bb18d53846a8,"{""order_id"":""O100310"",""tracking_number"":""1Z49697711754862"",""carrier"":""USPS"",""status"":""OUT_FOR_DELIVERY"",""status_ts"":""2024-02-18T17:04:00Z"",""location"":{""city"":""Denver"",""region"":""East""},""warehouse_id"":28,""notes"":""Status update: Out For Delivery""}",2024-02-18,retail.order.shipment,4,51,2024/02/01 00:00:00.000,E2E-order-shipment-event
19abe0bd-0d15-4b45-8a3b-a654586ed67d,"{""order_id"":""O100312"",""tracking_number"":""1Z54104874924460"",""carrier"":""UPS"",""status"":""LABEL_CREATED"",""status_ts"":""2024-02-13T08:19:00Z"",""location"":{""city"":""Dallas"",""region"":""North""},""warehouse_id"":96,""notes"":""Status update: Label Created""}",2024-02-13,retail.order.shipment,6,32,2024/02/01 00:00:00.000,E2E-order-shipment-event
bc528a5d-412f-4293-841b-9b11933cb578,"{""order_id"":""O100312"",""tracking_number"":""1Z54104874924460"",""carrier"":""UPS"",""status"":""PICKED_UP"",""status_ts"":""2024-02-15T11:19:00Z"",""location"":{""city"":""Denver"",""region"":""North""},""warehouse_id"":96,""notes"":""Status update: Picked Up""}",2024-02-15,retail.order.shipment,6,33,2024/02/01 00:00:00.000,E2E-order-shipment-event
7f003de0-255f-4d04-85dc-8d0026ff29d1,"{""order_id"":""O100315"",""tracking_number"":""1Z66468818317352"",""carrier"":""FEDEX"",""status"":""LABEL_CREATED"",""status_ts"":""2024-02-24T08:58:00Z"",""location"":{""city"":""Memphis"",""region"":""West""},""warehouse_id"":44,""notes"":""Status update: Label Created""}",2024-02-24,retail.order.shipment,1,44,2024/02/01 00:00:00.000,E2E-order-shipment-event
10c2ca7d-3a26-4081-bd84-1cab459ea007,"{""order_id"":""O100315"",""tracking_number"":""1Z66468818317352"",""carrier"":""FEDEX"",""status"":""PICKED_UP"",""status_ts"":""2024-02-27T11:41:00Z"",""location"":{""city"":""Seattle"",""region"":""South""},""warehouse_id"":44,""notes"":""Status update: Picked Up""}",2024-02-27,retail.order.shipment,1,45,2024/02/01 00:00:00.000,E2E-order-shipment-event
f6e69149-8e43-4bbb-bda4-091430b7e40d,"{""order_id"":""O100317"",""tracking_number"":""1Z26056560007755"",""carrier"":""DHL"",""status"":""LABEL_CREATED"",""status_ts"":""2024-02-18T08:48:00Z"",""location"":{""city"":""Dallas"",""region"":""East""},""warehouse_id"":93,""notes"":""Status update: Label Created""}",2024-02-18,retail.order.shipment,3,50,2024/02/01 00:00:00.000,E2E-order-shipment-event
a28783a7-782b-4e41-8a82-d743f53eff46,"{""order_id"":""O100317"",""tracking_number"":""1Z26056560007755"",""carrier"":""DHL"",""status"":""PICKED_UP"",""status_ts"":""2024-02-21T11:55:00Z"",""location"":{""city"":""Seattle"",""region"":""East""},""warehouse_id"":93,""notes"":""Status update: Picked Up""}",2024-02-21,retail.order.shipment,3,51,2024/02/01 00:00:00.000,E2E-order-shipment-event
d2616bc3-476b-48b5-b0a5-750cf2a6d9df,"{""order_id"":""O100319"",""tracking_number"":""1Z95080487388792"",""carrier"":""UPS"",""status"":""LABEL_CREATED"",""status_ts"":""2024-02-21T08:20:00Z"",""location"":{""city"":""Chicago"",""region"":""West""},""warehouse_id"":10,""notes"":""Status update: Label Created""}",2024-02-21,retail.order.shipment,5,30,2024/02/01 00:00:00.000,E2E-order-shipment-event
9cfecfd7-b304-4143-af49-67bccde02aee,"{""order_id"":""O100319"",""tracking_number"":""1Z95080487388792"",""carrier"":""UPS"",""status"":""PICKED_UP"",""status_ts"":""2024-02-23T11:02:00Z"",""location"":{""city"":""Columbus"",""region"":""East""},""warehouse_id"":10,""notes"":""Status update: Picked Up""}",2024-02-23,retail.order.shipment,5,31,2024/02/01 00:00:00.000,E2E-order-shipment-event
7047649b-6b90-42a0-9ae8-177d975c7365,"{""order_id"":""O100319"",""tracking_number"":""1Z95080487388792"",""carrier"":""UPS"",""status"":""IN_TRANSIT"",""status_ts"":""2024-02-27T14:41:00Z"",""location"":{""city"":""Columbus"",""region"":""North""},""warehouse_id"":10,""notes"":""Status update: In Transit""}",2024-02-27,retail.order.shipment,5,32,2024/02/01 00:00:00.000,E2E-order-shipment-event
7031bcdc-54a6-4d03-baca-1a0cada9d6b8,"{""order_id"":""O100319"",""tracking_number"":""1Z95080487388792"",""carrier"":""UPS"",""status"":""OUT_FOR_DELIVERY"",""status_ts"":""2024-02-27T17:07:00Z"",""location"":{""city"":""Columbus"",""region"":""East""},""warehouse_id"":10,""notes"":""Status update: Out For Delivery""}",2024-02-27,retail.order.shipment,5,33,2024/02/01 00:00:00.000,E2E-order-shipment-event
375d1edc-ae5c-4634-827a-6b38aa8c00ff,"{""order_id"":""O100322"",""tracking_number"":""1Z39898195092982"",""carrier"":""UPS"",""status"":""LABEL_CREATED"",""status_ts"":""2024-02-01T08:42:00Z"",""location"":{""city"":""Denver"",""region"":""West""},""warehouse_id"":30,""notes"":""Status update: Label Created""}",2024-02-01,retail.order.shipment,7,44,2024/02/01 00:00:00.000,E2E-order-shipment-event
0bb54bdd-a4c4-4930-9076-ef75b6519949,"{""order_id"":""O100322"",""tracking_number"":""1Z39898195092982"",""carrier"":""UPS"",""status"":""PICKED_UP"",""status_ts"":""2024-02-02T11:03:00Z"",""location"":{""city"":""Chicago"",""region"":""East""},""warehouse_id"":30,""notes"":""Status update: Picked Up""}",2024-02-02,retail.order.shipment,7,45,2024/02/01 00:00:00.000,E2E-order-shipment-event
1d94ea76-650f-4e24-880c-92e259badd46,"{""order_id"":""O100322"",""tracking_number"":""1Z39898195092982"",""carrier"":""UPS"",""status"":""IN_TRANSIT"",""status_ts"":""2024-02-04T14:01:00Z"",""location"":{""city"":""Louisville"",""region"":""North""},""warehouse_id"":30,""notes"":""Status update: In Transit""}",2024-02-04,retail.order.shipment,7,46,2024/02/01 00:00:00.000,E2E-order-shipment-event
55fa2ddc-062e-4758-970b-93cbad845cce,"{""order_id"":""O100323"",""tracking_number"":""1Z49538683166873"",""carrier"":""DHL"",""status"":""LABEL_CREATED"",""status_ts"":""2024-02-14T08:33:00Z"",""location"":{""city"":""Columbus"",""region"":""West""},""warehouse_id"":85,""notes"":""Status update: Label Created""}",2024-02-14,retail.order.shipment,0,29,2024/02/01 00:00:00.000,E2E-order-shipment-event
b17fe9e7-a411-4b73-8c2e-26dce0364f6e,"{""order_id"":""O100323"",""tracking_number"":""1Z49538683166873"",""carrier"":""DHL"",""status"":""PICKED_UP"",""status_ts"":""2024-02-15T11:36:00Z"",""location"":{""city"":""Chicago"",""region"":""West""},""warehouse_id"":85,""notes"":""Status update: Picked Up""}",2024-02-15,retail.order.shipment,0,30,2024/02/01 00:00:00.000,E2E-order-shipment-event
1747d29f-cdc2-43fe-b9cb-2d0e09737eba,"{""order_id"":""O100323"",""tracking_number"":""1Z49538683166873"",""carrier"":""DHL"",""status"":""IN_TRANSIT"",""status_ts"":""2024-02-19T14:19:00Z"",""location"":{""city"":""Seattle"",""region"":""South""},""warehouse_id"":85,""notes"":""Status update: In Transit""}",2024-02-19,retail.order.shipment,0,31,2024/02/01 00:00:00.000,E2E-order-shipment-event
bc991073-884b-44d7-ad64-4ecf01a4200c,"{""order_id"":""O100325"",""tracking_number"":""1Z48517175417000"",""carrier"":""UPS"",""status"":""LABEL_CREATED"",""status_ts"":""2024-02-20T08:29:00Z"",""location"":{""city"":""Dallas"",""region"":""East""},""warehouse_id"":71,""notes"":""Status update: Label Created""}",2024-02-20,retail.order.shipment,2,56,2024/02/01 00:00:00.000,E2E-order-shipment-event
29a1727a-a984-420f-9b20-7d1525989d14,"{""order_id"":""O100325"",""tracking_number"":""1Z48517175417000"",""carrier"":""UPS"",""status"":""PICKED_UP"",""status_ts"":""2024-02-23T11:30:00Z"",""location"":{""city"":""Chicago"",""region"":""South""},""warehouse_id"":71,""notes"":""Status update: Picked Up""}",2024-02-23,retail.order.shipment,2,57,2024/02/01 00:00:00.000,E2E-order-shipment-event
485384e8-8f7f-4f42-95af-513a3e5d8836,"{""order_id"":""O100325"",""tracking_number"":""1Z48517175417000"",""carrier"":""UPS"",""status"":""IN_TRANSIT"",""status_ts"":""2024-02-26T14:43:00Z"",""location"":{""city"":""Dallas"",""region"":""South""},""warehouse_id"":71,""notes"":""Status update: In Transit""}",2024-02-26,retail.order.shipment,2,58,2024/02/01 00:00:00.000,E2E-order-shipment-event
e63e599f-35c2-4ad0-9285-3d870e93cba4,"{""order_id"":""O100325"",""tracking_number"":""1Z48517175417000"",""carrier"":""UPS"",""status"":""OUT_FOR_DELIVERY"",""status_ts"":""2024-02-26T17:59:00Z"",""location"":{""city"":""Seattle"",""region"":""East""},""warehouse_id"":71,""notes"":""Status update: Out For Delivery""}",2024-02-26,retail.order.shipment,2,59,2024/02/01 00:00:00.000,E2E-order-shipment-event
319175a1-5524-465d-ba77-74978aa01494,"{""order_id"":""O100325"",""tracking_number"":""1Z48517175417000"",""carrier"":""UPS"",""status"":""DELIVERED"",""status_ts"":""2024-02-26T08:54:00Z"",""location"":{""city"":""Dallas"",""region"":""East""},""warehouse_id"":71,""notes"":""Status update: Delivered""}",2024-02-26,retail.order.shipment,2,60,2024/02/01 00:00:00.000,E2E-order-shipment-event
22a88c9d-a22a-42b8-a40e-8bc68a92d2b3,"{""order_id"":""O100331"",""tracking_number"":""1Z30952334761646"",""carrier"":""FEDEX"",""status"":""EXCEPTION"",""status_ts"":""2024-02-20T08:16:00Z"",""location"":{""city"":""Atlanta"",""region"":""West""},""warehouse_id"":15,""notes"":""Status update: Exception""}",2024-02-20,retail.order.shipment,7,47,2024/02/01 00:00:00.000,E2E-order-shipment-event
445284d3-3eec-4a89-b7c8-b690a15a6efc,"{""order_id"":""O100334"",""tracking_number"":""1Z93812493136435"",""carrier"":""UPS"",""status"":""LABEL_CREATED"",""status_ts"":""2024-02-23T08:51:00Z"",""location"":{""city"":""Seattle"",""region"":""West""},""warehouse_id"":6,""notes"":""Status update: Label Created""}",2024-02-23,retail.order.shipment,2,61,2024/02/01 00:00:00.000,E2E-order-shipment-event
3791f40a-e806-459a-936a-40d5271b5506,"{""order_id"":""O100334"",""tracking_number"":""1Z93812493136435"",""carrier"":""UPS"",""status"":""PICKED_UP"",""status_ts"":""2024-02-24T11:30:00Z"",""location"":{""city"":""Memphis"",""region"":""East""},""warehouse_id"":6,""notes"":""Status update: Picked Up""}",2024-02-24,retail.order.shipment,2,62,2024/02/01 00:00:00.000,E2E-order-shipment-event
326d13d9-cb67-42c2-ba11-49668f50fd41,"{""order_id"":""O100334"",""tracking_number"":""1Z93812493136435"",""carrier"":""UPS"",""status"":""IN_TRANSIT"",""status_ts"":""2024-02-27T14:44:00Z"",""location"":{""city"":""Louisville"",""region"":""West""},""warehouse_id"":6,""notes"":""Status update: In Transit""}",2024-02-27,retail.order.shipment,2,63,2024/02/01 00:00:00.000,E2E-order-shipment-event
a7076de4-3954-4daf-9aca-46c064b59a06,"{""order_id"":""O100334"",""tracking_number"":""1Z93812493136435"",""carrier"":""UPS"",""status"":""OUT_FOR_DELIVERY"",""status_ts"":""2024-02-27T17:52:00Z"",""location"":{""city"":""Seattle"",""region"":""East""},""warehouse_id"":6,""notes"":""Status update: Out For Delivery""}",2024-02-27,retail.order.shipment,2,64,2024/02/01 00:00:00.000,E2E-order-shipment-event
f03b6842-e468-4ae9-b1e3-45e2708c61cc,"{""order_id"":""O100338"",""tracking_number"":""1Z88229282940900"",""carrier"":""FEDEX"",""status"":""LABEL_CREATED"",""status_ts"":""2024-02-12T08:23:00Z"",""location"":{""city"":""Atlanta"",""region"":""North""},""warehouse_id"":36,""notes"":""Status update: Label Created""}",2024-02-12,retail.order.shipment,6,34,2024/02/01 00:00:00.000,E2E-order-shipment-event
020ef426-cfb1-4e72-a445-f0ef71444275,"{""order_id"":""O100338"",""tracking_number"":""1Z88229282940900"",""carrier"":""FEDEX"",""status"":""PICKED_UP"",""status_ts"":""2024-02-13T11:50:00Z"",""location"":{""city"":""Denver"",""region"":""East""},""warehouse_id"":36,""notes"":""Status update: Picked Up""}",2024-02-13,retail.order.shipment,6,35,2024/02/01 00:00:00.000,E2E-order-shipment-event
77e6e6a0-4845-4e5b-952d-335dd94d73b8,"{""order_id"":""O100338"",""tracking_number"":""1Z88229282940900"",""carrier"":""FEDEX"",""status"":""IN_TRANSIT"",""status_ts"":""2024-02-15T14:33:00Z"",""location"":{""city"":""Dallas"",""region"":""East""},""warehouse_id"":36,""notes"":""Status update: In Transit""}",2024-02-15,retail.order.shipment,6,36,2024/02/01 00:00:00.000,E2E-order-shipment-event
200c3142-b6f9-4269-a5b8-b0a53aa63c23,"{""order_id"":""O100338"",""tracking_number"":""1Z88229282940900"",""carrier"":""FEDEX"",""status"":""OUT_FOR_DELIVERY"",""status_ts"":""2024-02-15T17:42:00Z"",""location"":{""city"":""Denver"",""region"":""West""},""warehouse_id"":36,""notes"":""Status update: Out For Delivery""}",2024-02-15,retail.order.shipment,6,37,2024/02/01 00:00:00.000,E2E-order-shipment-event
9a604020-4c79-44e6-b422-055d7bfa6eca,"{""order_id"":""O100340"",""tracking_number"":""1Z57800419233121"",""carrier"":""USPS"",""status"":""LABEL_CREATED"",""status_ts"":""2024-02-12T08:36:00Z"",""location"":{""city"":""Chicago"",""region"":""East""},""warehouse_id"":73,""notes"":""Status update: Label Created""}",2024-02-12,retail.order.shipment,7,48,2024/02/01 00:00:00.000,E2E-order-shipment-event
8354a6a8-0faf-4e31-a1a7-6a357822b405,"{""order_id"":""O100342"",""tracking_number"":""1Z56274798235561"",""carrier"":""UPS"",""status"":""LABEL_CREATED"",""status_ts"":""2024-02-27T08:01:00Z"",""location"":{""city"":""Columbus"",""region"":""South""},""warehouse_id"":28,""notes"":""Status update: Label Created""}",2024-02-27,retail.order.shipment,1,46,2024/02/01 00:00:00.000,E2E-order-shipment-event
c06b9b44-3b00-45e0-9260-292df555dc4e,"{""order_id"":""O100342"",""tracking_number"":""1Z56274798235561"",""carrier"":""UPS"",""status"":""PICKED_UP"",""status_ts"":""2024-02-29T11:24:00Z"",""location"":{""city"":""Dallas"",""region"":""South""},""warehouse_id"":28,""notes"":""Status update: Picked Up""}",2024-02-29,retail.order.shipment,1,47,2024/02/01 00:00:00.000,E2E-order-shipment-event
9c527c05-093e-43c3-a25e-df316ec142c7,"{""order_id"":""O100342"",""tracking_number"":""1Z56274798235561"",""carrier"":""UPS"",""status"":""IN_TRANSIT"",""status_ts"":""2024-03-04T14:40:00Z"",""location"":{""city"":""Memphis"",""region"":""South""},""warehouse_id"":28,""notes"":""Status update: In Transit""}",2024-03-04,retail.order.shipment,1,48,2024/02/01 00:00:00.000,E2E-order-shipment-event
f2f4e4b1-fb57-4742-b7ef-624dbbb2ef95,"{""order_id"":""O100346"",""tracking_number"":""1Z57563287271908"",""carrier"":""DHL"",""status"":""LABEL_CREATED"",""status_ts"":""2024-02-09T08:50:00Z"",""location"":{""city"":""Atlanta"",""region"":""South""},""warehouse_id"":37,""notes"":""Status update: Label Created""}",2024-02-09,retail.order.shipment,5,34,2024/02/01 00:00:00.000,E2E-order-shipment-event
798eb187-0f55-4f9a-8883-4ade7d004e14,"{""order_id"":""O100346"",""tracking_number"":""1Z57563287271908"",""carrier"":""DHL"",""status"":""PICKED_UP"",""status_ts"":""2024-02-10T11:35:00Z"",""location"":{""city"":""Seattle"",""region"":""South""},""warehouse_id"":37,""notes"":""Status update: Picked Up""}",2024-02-10,retail.order.shipment,5,35,2024/02/01 00:00:00.000,E2E-order-shipment-event
836dfce9-580e-4db5-bc7b-798b495cf05a,"{""order_id"":""O100347"",""tracking_number"":""1Z27211754784013"",""carrier"":""UPS"",""status"":""LABEL_CREATED"",""status_ts"":""2024-02-08T08:50:00Z"",""location"":{""city"":""Louisville"",""region"":""East""},""warehouse_id"":72,""notes"":""Status update: Label Created""}",2024-02-08,retail.order.shipment,6,38,2024/02/01 00:00:00.000,E2E-order-shipment-event
d0003935-a03c-4b33-9037-ddce0b0914c9,"{""order_id"":""O100347"",""tracking_number"":""1Z27211754784013"",""carrier"":""UPS"",""status"":""PICKED_UP"",""status_ts"":""2024-02-09T11:38:00Z"",""location"":{""city"":""Seattle"",""region"":""South""},""warehouse_id"":72,""notes"":""Status update: Picked Up""}",2024-02-09,retail.order.shipment,6,39,2024/02/01 00:00:00.000,E2E-order-shipment-event
10544ab9-5eea-4e6b-ae6b-10baf9f714d5,"{""order_id"":""O100347"",""tracking_number"":""1Z27211754784013"",""carrier"":""UPS"",""status"":""IN_TRANSIT"",""status_ts"":""2024-02-13T14:20:00Z"",""location"":{""city"":""Columbus"",""region"":""North""},""warehouse_id"":72,""notes"":""Status update: In Transit""}",2024-02-13,retail.order.shipment,6,40,2024/02/01 00:00:00.000,E2E-order-shipment-event
a464b828-d896-4564-a28a-e555cea31042,"{""order_id"":""O100347"",""tracking_number"":""1Z27211754784013"",""carrier"":""UPS"",""status"":""OUT_FOR_DELIVERY"",""status_ts"":""2024-02-13T17:55:00Z"",""location"":{""city"":""Atlanta"",""region"":""South""},""warehouse_id"":72,""notes"":""Status update: Out For Delivery""}",2024-02-13,retail.order.shipment,6,41,2024/02/01 00:00:00.000,E2E-order-shipment-event
62000779-d286-4a71-b79f-7812973ca2c2,"{""order_id"":""O100351"",""tracking_number"":""1Z19170948994472"",""carrier"":""DHL"",""status"":""LABEL_CREATED"",""status_ts"":""2024-02-13T08:37:00Z"",""location"":{""city"":""Denver"",""region"":""South""},""warehouse_id"":8,""notes"":""Status update: Label Created""}",2024-02-13,retail.order.shipment,1,49,2024/02/01 00:00:00.000,E2E-order-shipment-event
0a46c25f-12e1-4016-9fb7-9f5de19d768c,"{""order_id"":""O100351"",""tracking_number"":""1Z19170948994472"",""carrier"":""DHL"",""status"":""PICKED_UP"",""status_ts"":""2024-02-15T11:08:00Z"",""location"":{""city"":""Atlanta"",""region"":""South""},""warehouse_id"":8,""notes"":""Status update: Picked Up""}",2024-02-15,retail.order.shipment,1,50,2024/02/01 00:00:00.000,E2E-order-shipment-event
9d3a5a36-a222-494d-88cf-0f4e570929fd,"{""order_id"":""O100351"",""tracking_number"":""1Z19170948994472"",""carrier"":""DHL"",""status"":""IN_TRANSIT"",""status_ts"":""2024-02-19T14:05:00Z"",""location"":{""city"":""Seattle"",""region"":""East""},""warehouse_id"":8,""notes"":""Status update: In Transit""}",2024-02-19,retail.order.shipment,1,51,2024/02/01 00:00:00.000,E2E-order-shipment-event
2eb6ae25-7368-45a2-95d5-f916b373d35e,"{""order_id"":""O100351"",""tracking_number"":""1Z19170948994472"",""carrier"":""DHL"",""status"":""OUT_FOR_DELIVERY"",""status_ts"":""2024-02-19T17:52:00Z"",""location"":{""city"":""Dallas"",""region"":""East""},""warehouse_id"":8,""notes"":""Status update: Out For Delivery""}",2024-02-19,retail.order.shipment,1,52,2024/02/01 00:00:00.000,E2E-order-shipment-event
36c252f1-d152-436f-b8b8-00c5b0032fd3,"{""order_id"":""O100351"",""tracking_number"":""1Z19170948994472"",""carrier"":""DHL"",""status"":""DELIVERED"",""status_ts"":""2024-02-20T08:21:00Z"",""location"":{""city"":""Columbus"",""region"":""West""},""warehouse_id"":8,""notes"":""Status update: Delivered""}",2024-02-20,retail.order.shipment,1,53,2024/02/01 00:00:00.000,E2E-order-shipment-event
3c3f8281-2c69-4a55-968f-1f30b0baef4b,"{""order_id"":""O100354"",""tracking_number"":""1Z78093332180772"",""carrier"":""UPS"",""status"":""LABEL_CREATED"",""status_ts"":""2024-02-08T08:48:00Z"",""location"":{""city"":""Atlanta"",""region"":""South""},""warehouse_id"":46,""notes"":""Status update: Label Created""}",2024-02-08,retail.order.shipment,4,52,2024/02/01 00:00:00.000,E2E-order-shipment-event
ceb0ba25-17b2-4212-bd16-ef47e76105c7,"{""order_id"":""O100364"",""tracking_number"":""1Z86986199878335"",""carrier"":""UPS"",""status"":""LABEL_CREATED"",""status_ts"":""2024-02-10T08:05:00Z"",""location"":{""city"":""Memphis"",""region"":""North""},""warehouse_id"":1,""notes"":""Status update: Label Created""}",2024-02-10,retail.order.shipment,5,36,2024/02/01 00:00:00.000,E2E-order-shipment-event
9e2f3cb0-a9aa-4a5c-ad6a-9a4758d63c85,"{""order_id"":""O100364"",""tracking_number"":""1Z86986199878335"",""carrier"":""UPS"",""status"":""PICKED_UP"",""status_ts"":""2024-02-11T11:29:00Z"",""location"":{""city"":""Chicago"",""region"":""East""},""warehouse_id"":1,""notes"":""Status update: Picked Up""}",2024-02-11,retail.order.shipment,5,37,2024/02/01 00:00:00.000,E2E-order-shipment-event
4a24d547-cd65-431f-b700-3b8194089f19,"{""order_id"":""O100364"",""tracking_number"":""1Z86986199878335"",""carrier"":""UPS"",""status"":""IN_TRANSIT"",""status_ts"":""2024-02-14T14:50:00Z"",""location"":{""city"":""Atlanta"",""region"":""West""},""warehouse_id"":1,""notes"":""Status update: In Transit""}",2024-02-14,retail.order.shipment,5,38,2024/02/01 00:00:00.000,E2E-order-shipment-event
6664c5e9-60a4-4fa4-b121-6f098248e3f9,"{""order_id"":""O100364"",""tracking_number"":""1Z86986199878335"",""carrier"":""UPS"",""status"":""OUT_FOR_DELIVERY"",""status_ts"":""2024-02-14T17:33:00Z"",""location"":{""city"":""Denver"",""region"":""East""},""warehouse_id"":1,""notes"":""Status update: Out For Delivery""}",2024-02-14,retail.order.shipment,5,39,2024/02/01 00:00:00.000,E2E-order-shipment-event
ba61e0c0-facb-44e5-bdbf-50aeacb8c799,"{""order_id"":""O100368"",""tracking_number"":""1Z40163269810574"",""carrier"":""DHL"",""status"":""LABEL_CREATED"",""status_ts"":""2024-02-04T08:46:00Z"",""location"":{""city"":""Seattle"",""region"":""South""},""warehouse_id"":36,""notes"":""Status update: Label Created""}",2024-02-04,retail.order.shipment,1,54,2024/02/01 00:00:00.000,E2E-order-shipment-event
c2bdc742-45cc-41b5-9a12-b26eb69eb54f,"{""order_id"":""O100370"",""tracking_number"":""1Z46303659004603"",""carrier"":""UPS"",""status"":""LABEL_CREATED"",""status_ts"":""2024-02-01T08:09:00Z"",""location"":{""city"":""Louisville"",""region"":""North""},""warehouse_id"":27,""notes"":""Status update: Label Created""}",2024-02-01,retail.order.shipment,2,65,2024/02/01 00:00:00.000,E2E-order-shipment-event
f7f8eb8a-2cf8-4c9e-99a1-080ba3b40efe,"{""order_id"":""O100370"",""tracking_number"":""1Z46303659004603"",""carrier"":""UPS"",""status"":""PICKED_UP"",""status_ts"":""2024-02-03T11:36:00Z"",""location"":{""city"":""Atlanta"",""region"":""East""},""warehouse_id"":27,""notes"":""Status update: Picked Up""}",2024-02-03,retail.order.shipment,2,66,2024/02/01 00:00:00.000,E2E-order-shipment-event
c830e7fc-ee6a-4f9f-8c61-b59f29c4e0be,"{""order_id"":""O100371"",""tracking_number"":""1Z36274680041567"",""carrier"":""FEDEX"",""status"":""LABEL_CREATED"",""status_ts"":""2024-02-13T08:17:00Z"",""location"":{""city"":""Memphis"",""region"":""South""},""warehouse_id"":41,""notes"":""Status update: Label Created""}",2024-02-13,retail.order.shipment,3,52,2024/02/01 00:00:00.000,E2E-order-shipment-event
abf3992f-07f5-41de-9459-e431ac77c44c,"{""order_id"":""O100371"",""tracking_number"":""1Z36274680041567"",""carrier"":""FEDEX"",""status"":""PICKED_UP"",""status_ts"":""2024-02-14T11:14:00Z"",""location"":{""city"":""Louisville"",""region"":""East""},""warehouse_id"":41,""notes"":""Status update: Picked Up""}",2024-02-14,retail.order.shipment,3,53,2024/02/01 00:00:00.000,E2E-order-shipment-event
4a30191b-ed4c-4461-96b2-7c5d541c97a0,"{""order_id"":""O100371"",""tracking_number"":""1Z36274680041567"",""carrier"":""FEDEX"",""status"":""IN_TRANSIT"",""status_ts"":""2024-02-16T14:13:00Z"",""location"":{""city"":""Seattle"",""region"":""East""},""warehouse_id"":41,""notes"":""Status update: In Transit""}",2024-02-16,retail.order.shipment,3,54,2024/02/01 00:00:00.000,E2E-order-shipment-event
6e4f6963-0f89-4f8d-9b8c-941e9dd97d0b,"{""order_id"":""O100371"",""tracking_number"":""1Z36274680041567"",""carrier"":""FEDEX"",""status"":""OUT_FOR_DELIVERY"",""status_ts"":""2024-02-16T17:26:00Z"",""location"":{""city"":""Dallas"",""region"":""East""},""warehouse_id"":41,""notes"":""Status update: Out For Delivery""}",2024-02-16,retail.order.shipment,3,55,2024/02/01 00:00:00.000,E2E-order-shipment-event
71c0f6b8-cf27-4cc6-92ea-845c623d2b2f,"{""order_id"":""O100371"",""tracking_number"":""1Z36274680041567"",""carrier"":""FEDEX"",""status"":""DELIVERED"",""status_ts"":""2024-02-15T08:50:00Z"",""location"":{""city"":""Seattle"",""region"":""North""},""warehouse_id"":41,""notes"":""Status update: Delivered""}",2024-02-15,retail.order.shipment,3,56,2024/02/01 00:00:00.000,E2E-order-shipment-event
b1ce7e84-7b64-4db2-a311-f1b411f460bf,"{""order_id"":""O100374"",""tracking_number"":""1Z15505429422550"",""carrier"":""FEDEX"",""status"":""LABEL_CREATED"",""status_ts"":""2024-02-04T08:44:00Z"",""location"":{""city"":""Seattle"",""region"":""South""},""warehouse_id"":78,""notes"":""Status update: Label Created""}",2024-02-04,retail.order.shipment,6,42,2024/02/01 00:00:00.000,E2E-order-shipment-event
057ba42a-ba9b-40c7-a70b-51112fa401d8,"{""order_id"":""O100374"",""tracking_number"":""1Z15505429422550"",""carrier"":""FEDEX"",""status"":""PICKED_UP"",""status_ts"":""2024-02-06T11:12:00Z"",""location"":{""city"":""Columbus"",""region"":""North""},""warehouse_id"":78,""notes"":""Status update: Picked Up""}",2024-02-06,retail.order.shipment,6,43,2024/02/01 00:00:00.000,E2E-order-shipment-event
5b8d257f-6006-4fc4-b6fe-4db1f6468423,"{""order_id"":""O100374"",""tracking_number"":""1Z15505429422550"",""carrier"":""FEDEX"",""status"":""IN_TRANSIT"",""status_ts"":""2024-02-10T14:28:00Z"",""location"":{""city"":""Memphis"",""region"":""North""},""warehouse_id"":78,""notes"":""Status update: In Transit""}",2024-02-10,retail.order.shipment,6,44,2024/02/01 00:00:00.000,E2E-order-shipment-event
facd275b-03b5-4c9f-8fd0-aa149e75cff3,"{""order_id"":""O100374"",""tracking_number"":""1Z15505429422550"",""carrier"":""FEDEX"",""status"":""OUT_FOR_DELIVERY"",""status_ts"":""2024-02-10T17:57:00Z"",""location"":{""city"":""Denver"",""region"":""South""},""warehouse_id"":78,""notes"":""Status update: Out For Delivery""}",2024-02-10,retail.order.shipment,6,45,2024/02/01 00:00:00.000,E2E-order-shipment-event
b2d6e7be-a231-495d-b415-bc9eedda8a04,"{""order_id"":""O100380"",""tracking_number"":""1Z73524237208300"",""carrier"":""DHL"",""status"":""EXCEPTION"",""status_ts"":""2024-02-19T08:50:00Z"",""location"":{""city"":""Chicago"",""region"":""North""},""warehouse_id"":74,""notes"":""Status update: Exception""}",2024-02-19,retail.order.shipment,3,57,2024/02/01 00:00:00.000,E2E-order-shipment-event
90d171b3-1207-456f-85ec-1fd388559a53,"{""order_id"":""O100383"",""tracking_number"":""1Z87820372875495"",""carrier"":""DHL"",""status"":""LABEL_CREATED"",""status_ts"":""2024-02-24T08:41:00Z"",""location"":{""city"":""Denver"",""region"":""East""},""warehouse_id"":44,""notes"":""Status update: Label Created""}",2024-02-24,retail.order.shipment,6,46,2024/02/01 00:00:00.000,E2E-order-shipment-event
d84220d6-90a7-4180-a793-276ed65f92a2,"{""order_id"":""O100383"",""tracking_number"":""1Z87820372875495"",""carrier"":""DHL"",""status"":""PICKED_UP"",""status_ts"":""2024-02-25T11:08:00Z"",""location"":{""city"":""Columbus"",""region"":""West""},""warehouse_id"":44,""notes"":""Status update: Picked Up""}",2024-02-25,retail.order.shipment,6,47,2024/02/01 00:00:00.000,E2E-order-shipment-event
5abd8fb1-9d94-49d7-89ec-e73dd8262b9e,"{""order_id"":""O100383"",""tracking_number"":""1Z87820372875495"",""carrier"":""DHL"",""status"":""IN_TRANSIT"",""status_ts"":""2024-02-28T14:18:00Z"",""location"":{""city"":""Louisville"",""region"":""North""},""warehouse_id"":44,""notes"":""Status update: In Transit""}",2024-02-28,retail.order.shipment,6,48,2024/02/01 00:00:00.000,E2E-order-shipment-event
24beb057-90ea-4af0-a8ca-dd041b459bd1,"{""order_id"":""O100383"",""tracking_number"":""1Z87820372875495"",""carrier"":""DHL"",""status"":""OUT_FOR_DELIVERY"",""status_ts"":""2024-02-28T17:54:00Z"",""location"":{""city"":""Dallas"",""region"":""West""},""warehouse_id"":44,""notes"":""Status update: Out For Delivery""}",2024-02-28,retail.order.shipment,6,49,2024/02/01 00:00:00.000,E2E-order-shipment-event
e8d86d62-a845-43ca-badc-39f27e04641e,"{""order_id"":""O100383"",""tracking_number"":""1Z87820372875495"",""carrier"":""DHL"",""status"":""DELIVERED"",""status_ts"":""2024-02-27T08:24:00Z"",""location"":{""city"":""Denver"",""region"":""South""},""warehouse_id"":44,""notes"":""Status update: Delivered""}",2024-02-27,retail.order.shipment,6,50,2024/02/01 00:00:00.000,E2E-order-shipment-event
ba233adc-26fd-42ad-a03e-72a450bf949d,"{""order_id"":""O100385"",""tracking_number"":""1Z90116173266225"",""carrier"":""FEDEX"",""status"":""LABEL_CREATED"",""status_ts"":""2024-02-26T08:58:00Z"",""location"":{""city"":""Denver"",""region"":""West""},""warehouse_id"":15,""notes"":""Status update: Label Created""}",2024-02-26,retail.order.shipment,0,32,2024/02/01 00:00:00.000,E2E-order-shipment-event
3f2bcba8-8815-4eac-b4fd-fd1d52503903,"{""order_id"":""O100385"",""tracking_number"":""1Z90116173266225"",""carrier"":""FEDEX"",""status"":""PICKED_UP"",""status_ts"":""2024-02-28T11:17:00Z"",""location"":{""city"":""Columbus"",""region"":""North""},""warehouse_id"":15,""notes"":""Status update: Picked Up""}",2024-02-28,retail.order.shipment,0,33,2024/02/01 00:00:00.000,E2E-order-shipment-event
a95f8987-3ef8-47e5-aa73-e25e083e3f37,"{""order_id"":""O100385"",""tracking_number"":""1Z90116173266225"",""carrier"":""FEDEX"",""status"":""IN_TRANSIT"",""status_ts"":""2024-03-01T14:49:00Z"",""location"":{""city"":""Memphis"",""region"":""South""},""warehouse_id"":15,""notes"":""Status update: In Transit""}",2024-03-01,retail.order.shipment,0,34,2024/02/01 00:00:00.000,E2E-order-shipment-event
18757eec-d011-4065-b22c-3203f9226c4c,"{""order_id"":""O100387"",""tracking_number"":""1Z50161944364989"",""carrier"":""FEDEX"",""status"":""LABEL_CREATED"",""status_ts"":""2024-02-18T08:14:00Z"",""location"":{""city"":""Memphis"",""region"":""East""},""warehouse_id"":44,""notes"":""Status update: Label Created""}",2024-02-18,retail.order.shipment,2,67,2024/02/01 00:00:00.000,E2E-order-shipment-event
571f39d2-5cbe-4278-8d31-3eed7a8e6b73,"{""order_id"":""O100387"",""tracking_number"":""1Z50161944364989"",""carrier"":""FEDEX"",""status"":""PICKED_UP"",""status_ts"":""2024-02-20T11:43:00Z"",""location"":{""city"":""Columbus"",""region"":""East""},""warehouse_id"":44,""notes"":""Status update: Picked Up""}",2024-02-20,retail.order.shipment,2,68,2024/02/01 00:00:00.000,E2E-order-shipment-event
3deab0fb-48ef-476d-9247-90ec6a3e0f6b,"{""order_id"":""O100387"",""tracking_number"":""1Z50161944364989"",""carrier"":""FEDEX"",""status"":""IN_TRANSIT"",""status_ts"":""2024-02-22T14:04:00Z"",""location"":{""city"":""Columbus"",""region"":""North""},""warehouse_id"":44,""notes"":""Status update: In Transit""}",2024-02-22,retail.order.shipment,2,69,2024/02/01 00:00:00.000,E2E-order-shipment-event
63a43567-3c72-4a31-a00c-62ec0e969954,"{""order_id"":""O100392"",""tracking_number"":""1Z52909165357486"",""carrier"":""UPS"",""status"":""LABEL_CREATED"",""status_ts"":""2024-02-18T08:52:00Z"",""location"":{""city"":""Chicago"",""region"":""East""},""warehouse_id"":62,""notes"":""Status update: Label Created""}",2024-02-18,retail.order.shipment,6,51,2024/02/01 00:00:00.000,E2E-order-shipment-event
dba59c7f-2666-4c23-86b4-945014901ad5,"{""order_id"":""O100392"",""tracking_number"":""1Z52909165357486"",""carrier"":""UPS"",""status"":""PICKED_UP"",""status_ts"":""2024-02-21T11:14:00Z"",""location"":{""city"":""Columbus"",""region"":""East""},""warehouse_id"":62,""notes"":""Status update: Picked Up""}",2024-02-21,retail.order.shipment,6,52,2024/02/01 00:00:00.000,E2E-order-shipment-event
97454afd-fc20-4bac-9502-a6815cac3074,"{""order_id"":""O100392"",""tracking_number"":""1Z52909165357486"",""carrier"":""UPS"",""status"":""IN_TRANSIT"",""status_ts"":""2024-02-25T14:56:00Z"",""location"":{""city"":""Dallas"",""region"":""South""},""warehouse_id"":62,""notes"":""Status update: In Transit""}",2024-02-25,retail.order.shipment,6,53,2024/02/01 00:00:00.000,E2E-order-shipment-event
e27359f3-cf5e-4965-b1a6-80015afc3040,"{""order_id"":""O100393"",""tracking_number"":""1Z40006738851094"",""carrier"":""USPS"",""status"":""LABEL_CREATED"",""status_ts"":""2024-02-24T08:07:00Z"",""location"":{""city"":""Atlanta"",""region"":""West""},""warehouse_id"":81,""notes"":""Status update: Label Created""}",2024-02-24,retail.order.shipment,7,49,2024/02/01 00:00:00.000,E2E-order-shipment-event
0829c9e1-5ce2-4fa4-b9e5-40b4d223afaa,"{""order_id"":""O100393"",""tracking_number"":""1Z40006738851094"",""carrier"":""USPS"",""status"":""PICKED_UP"",""status_ts"":""2024-02-25T11:05:00Z"",""location"":{""city"":""Memphis"",""region"":""West""},""warehouse_id"":81,""notes"":""Status update: Picked Up""}",2024-02-25,retail.order.shipment,7,50,2024/02/01 00:00:00.000,E2E-order-shipment-event
376f6c5a-7839-4921-a3ba-2888cddeece7,"{""order_id"":""O100397"",""tracking_number"":""1Z10919415019474"",""carrier"":""DHL"",""status"":""LABEL_CREATED"",""status_ts"":""2024-02-22T08:58:00Z"",""location"":{""city"":""Atlanta"",""region"":""West""},""warehouse_id"":6,""notes"":""Status update: Label Created""}",2024-02-22,retail.order.shipment,3,58,2024/02/01 00:00:00.000,E2E-order-shipment-event
78f7e571-75ae-4820-a2dd-4c3ae8d4a89e,"{""order_id"":""O100397"",""tracking_number"":""1Z10919415019474"",""carrier"":""DHL"",""status"":""PICKED_UP"",""status_ts"":""2024-02-23T11:40:00Z"",""location"":{""city"":""Denver"",""region"":""South""},""warehouse_id"":6,""notes"":""Status update: Picked Up""}",2024-02-23,retail.order.shipment,3,59,2024/02/01 00:00:00.000,E2E-order-shipment-event
6285c1e6-57d4-40ae-9766-a6eb09e9df48,"{""order_id"":""O100397"",""tracking_number"":""1Z10919415019474"",""carrier"":""DHL"",""status"":""IN_TRANSIT"",""status_ts"":""2024-02-25T14:52:00Z"",""location"":{""city"":""Seattle"",""region"":""West""},""warehouse_id"":6,""notes"":""Status update: In Transit""}",2024-02-25,retail.order.shipment,3,60,2024/02/01 00:00:00.000,E2E-order-shipment-event
07181d9c-b8e0-4c39-86d1-df1d872e45a3,"{""order_id"":""O100403"",""tracking_number"":""1Z55717990609206"",""carrier"":""DHL"",""status"":""LABEL_CREATED"",""status_ts"":""2024-02-06T08:03:00Z"",""location"":{""city"":""Chicago"",""region"":""North""},""warehouse_id"":10,""notes"":""Status update: Label Created""}",2024-02-06,retail.order.shipment,7,51,2024/02/01 00:00:00.000,E2E-order-shipment-event
902bb7a4-d70d-4e65-a2b5-b7e7973591cc,"{""order_id"":""O100403"",""tracking_number"":""1Z55717990609206"",""carrier"":""DHL"",""status"":""PICKED_UP"",""status_ts"":""2024-02-08T11:14:00Z"",""location"":{""city"":""Atlanta"",""region"":""North""},""warehouse_id"":10,""notes"":""Status update: Picked Up""}",2024-02-08,retail.order.shipment,7,52,2024/02/01 00:00:00.000,E2E-order-shipment-event
58ae0cad-8cc0-43d4-99cd-e37399e6af71,"{""order_id"":""O100403"",""tracking_number"":""1Z55717990609206"",""carrier"":""DHL"",""status"":""IN_TRANSIT"",""status_ts"":""2024-02-12T14:53:00Z"",""location"":{""city"":""Atlanta"",""region"":""South""},""warehouse_id"":10,""notes"":""Status update: In Transit""}",2024-02-12,retail.order.shipment,7,53,2024/02/01 00:00:00.000,E2E-order-shipment-event
9d02aedb-c03f-4542-838d-9903f03dcba1,"{""order_id"":""O100405"",""tracking_number"":""1Z71038830948347"",""carrier"":""DHL"",""status"":""LABEL_CREATED"",""status_ts"":""2024-02-01T08:55:00Z"",""location"":{""city"":""Chicago"",""region"":""East""},""warehouse_id"":42,""notes"":""Status update: Label Created""}",2024-02-01,retail.order.shipment,1,55,2024/02/01 00:00:00.000,E2E-order-shipment-event
695229f8-469b-4a9b-bea9-4972e258d396,"{""order_id"":""O100405"",""tracking_number"":""1Z71038830948347"",""carrier"":""DHL"",""status"":""PICKED_UP"",""status_ts"":""2024-02-04T11:28:00Z"",""location"":{""city"":""Memphis"",""region"":""West""},""warehouse_id"":42,""notes"":""Status update: Picked Up""}",2024-02-04,retail.order.shipment,1,56,2024/02/01 00:00:00.000,E2E-order-shipment-event
e149ae53-2c17-44ce-bc83-9c9422e74b65,"{""order_id"":""O100405"",""tracking_number"":""1Z71038830948347"",""carrier"":""DHL"",""status"":""IN_TRANSIT"",""status_ts"":""2024-02-08T14:16:00Z"",""location"":{""city"":""Memphis"",""region"":""East""},""warehouse_id"":42,""notes"":""Status update: In Transit""}",2024-02-08,retail.order.shipment,1,57,2024/02/01 00:00:00.000,E2E-order-shipment-event
aaea4f80-1430-4f4c-ad7c-267e26a1a439,"{""order_id"":""O100410"",""tracking_number"":""1Z36472229058020"",""carrier"":""UPS"",""status"":""LABEL_CREATED"",""status_ts"":""2024-02-03T08:23:00Z"",""location"":{""city"":""Denver"",""region"":""South""},""warehouse_id"":32,""notes"":""Status update: Label Created""}",2024-02-03,retail.order.shipment,5,40,2024/02/01 00:00:00.000,E2E-order-shipment-event
1c78b3be-97bc-4996-a750-a750733fa24d,"{""order_id"":""O100410"",""tracking_number"":""1Z36472229058020"",""carrier"":""UPS"",""status"":""PICKED_UP"",""status_ts"":""2024-02-04T11:27:00Z"",""location"":{""city"":""Columbus"",""region"":""West""},""warehouse_id"":32,""notes"":""Status update: Picked Up""}",2024-02-04,retail.order.shipment,5,41,2024/02/01 00:00:00.000,E2E-order-shipment-event
48d3c6f5-3d02-4c1c-ad48-00bc8f573d37,"{""order_id"":""O100410"",""tracking_number"":""1Z36472229058020"",""carrier"":""UPS"",""status"":""IN_TRANSIT"",""status_ts"":""2024-02-08T14:23:00Z"",""location"":{""city"":""Chicago"",""region"":""East""},""warehouse_id"":32,""notes"":""Status update: In Transit""}",2024-02-08,retail.order.shipment,5,42,2024/02/01 00:00:00.000,E2E-order-shipment-event
d09dc886-ff63-4c53-9a83-d8993639bd37,"{""order_id"":""O100410"",""tracking_number"":""1Z36472229058020"",""carrier"":""UPS"",""status"":""OUT_FOR_DELIVERY"",""status_ts"":""2024-02-08T17:56:00Z"",""location"":{""city"":""Atlanta"",""region"":""East""},""warehouse_id"":32,""notes"":""Status update: Out For Delivery""}",2024-02-08,retail.order.shipment,5,43,2024/02/01 00:00:00.000,E2E-order-shipment-event
a6399d4d-6579-4f04-b959-d2ea41acd0fc,"{""order_id"":""O100410"",""tracking_number"":""1Z36472229058020"",""carrier"":""UPS"",""status"":""DELIVERED"",""status_ts"":""2024-02-08T08:54:00Z"",""location"":{""city"":""Chicago"",""region"":""North""},""warehouse_id"":32,""notes"":""Status update: Delivered""}",2024-02-08,retail.order.shipment,5,44,2024/02/01 00:00:00.000,E2E-order-shipment-event
5377c162-5a4e-4943-9cb9-94a8d2182c35,"{""order_id"":""O100412"",""tracking_number"":""1Z53810493473247"",""carrier"":""USPS"",""status"":""LABEL_CREATED"",""status_ts"":""2024-02-17T08:04:00Z"",""location"":{""city"":""Louisville"",""region"":""West""},""warehouse_id"":82,""notes"":""Status update: Label Created""}",2024-02-17,retail.order.shipment,7,54,2024/02/01 00:00:00.000,E2E-order-shipment-event
2ce40ba2-8694-4e10-9b26-076bb647e11c,"{""order_id"":""O100412"",""tracking_number"":""1Z53810493473247"",""carrier"":""USPS"",""status"":""PICKED_UP"",""status_ts"":""2024-02-18T11:08:00Z"",""location"":{""city"":""Atlanta"",""region"":""East""},""warehouse_id"":82,""notes"":""Status update: Picked Up""}",2024-02-18,retail.order.shipment,7,55,2024/02/01 00:00:00.000,E2E-order-shipment-event
06eff7e3-d9e6-4994-a329-63789bf54389,"{""order_id"":""O100412"",""tracking_number"":""1Z53810493473247"",""carrier"":""USPS"",""status"":""IN_TRANSIT"",""status_ts"":""2024-02-21T14:44:00Z"",""location"":{""city"":""Dallas"",""region"":""West""},""warehouse_id"":82,""notes"":""Status update: In Transit""}",2024-02-21,retail.order.shipment,7,56,2024/02/01 00:00:00.000,E2E-order-shipment-event
a5867d71-77d5-420e-b208-775d09de9b18,"{""order_id"":""O100412"",""tracking_number"":""1Z53810493473247"",""carrier"":""USPS"",""status"":""OUT_FOR_DELIVERY"",""status_ts"":""2024-02-21T17:12:00Z"",""location"":{""city"":""Seattle"",""region"":""South""},""warehouse_id"":82,""notes"":""Status update: Out For Delivery""}",2024-02-21,retail.order.shipment,7,57,2024/02/01 00:00:00.000,E2E-order-shipment-event
74d0e457-7738-4be9-b859-aa20abea9a72,"{""order_id"":""O100412"",""tracking_number"":""1Z53810493473247"",""carrier"":""USPS"",""status"":""DELIVERED"",""status_ts"":""2024-02-21T08:36:00Z"",""location"":{""city"":""Columbus"",""region"":""South""},""warehouse_id"":82,""notes"":""Status update: Delivered""}",2024-02-21,retail.order.shipment,7,58,2024/02/01 00:00:00.000,E2E-order-shipment-event
9c32dab5-0765-41d8-90c1-b5d77ffa7af7,"{""order_id"":""O100414"",""tracking_number"":""1Z10383621606120"",""carrier"":""USPS"",""status"":""EXCEPTION"",""status_ts"":""2024-02-08T08:56:00Z"",""location"":{""city"":""Columbus"",""region"":""West""},""warehouse_id"":34,""notes"":""Status update: Exception""}",2024-02-08,retail.order.shipment,1,58,2024/02/01 00:00:00.000,E2E-order-shipment-event
509158d7-7556-4abf-ba23-aec43d1a7ea6,"{""order_id"":""O100416"",""tracking_number"":""1Z23884987081760"",""carrier"":""FEDEX"",""status"":""LABEL_CREATED"",""status_ts"":""2024-02-25T08:50:00Z"",""location"":{""city"":""Dallas"",""region"":""North""},""warehouse_id"":78,""notes"":""Status update: Label Created""}",2024-02-25,retail.order.shipment,3,61,2024/02/01 00:00:00.000,E2E-order-shipment-event
9c334b15-74a3-477f-bf9f-8e75722a3234,"{""order_id"":""O100416"",""tracking_number"":""1Z23884987081760"",""carrier"":""FEDEX"",""status"":""PICKED_UP"",""status_ts"":""2024-02-27T11:25:00Z"",""location"":{""city"":""Seattle"",""region"":""North""},""warehouse_id"":78,""notes"":""Status update: Picked Up""}",2024-02-27,retail.order.shipment,3,62,2024/02/01 00:00:00.000,E2E-order-shipment-event
851e25bc-c963-4646-9580-65b2420b0d53,"{""order_id"":""O100416"",""tracking_number"":""1Z23884987081760"",""carrier"":""FEDEX"",""status"":""IN_TRANSIT"",""status_ts"":""2024-03-01T14:00:00Z"",""location"":{""city"":""Chicago"",""region"":""South""},""warehouse_id"":78,""notes"":""Status update: In Transit""}",2024-03-01,retail.order.shipment,3,63,2024/02/01 00:00:00.000,E2E-order-shipment-event
21d060f3-aa1a-4f87-9599-09b111f50d33,"{""order_id"":""O100416"",""tracking_number"":""1Z23884987081760"",""carrier"":""FEDEX"",""status"":""OUT_FOR_DELIVERY"",""status_ts"":""2024-03-01T17:38:00Z"",""location"":{""city"":""Atlanta"",""region"":""North""},""warehouse_id"":78,""notes"":""Status update: Out For Delivery""}",2024-03-01,retail.order.shipment,3,64,2024/02/01 00:00:00.000,E2E-order-shipment-event
7bf1409d-3bd0-4fcd-8241-b925b81a874f,"{""order_id"":""O100418"",""tracking_number"":""1Z80201654325675"",""carrier"":""DHL"",""status"":""LABEL_CREATED"",""status_ts"":""2024-02-25T08:03:00Z"",""location"":{""city"":""Columbus"",""region"":""West""},""warehouse_id"":1,""notes"":""Status update: Label Created""}",2024-02-25,retail.order.shipment,5,45,2024/02/01 00:00:00.000,E2E-order-shipment-event
7307de42-1af8-494b-b3d2-03dd8bde129b,"{""order_id"":""O100418"",""tracking_number"":""1Z80201654325675"",""carrier"":""DHL"",""status"":""PICKED_UP"",""status_ts"":""2024-02-27T11:54:00Z"",""location"":{""city"":""Memphis"",""region"":""North""},""warehouse_id"":1,""notes"":""Status update: Picked Up""}",2024-02-27,retail.order.shipment,5,46,2024/02/01 00:00:00.000,E2E-order-shipment-event
527e8487-030b-4c8d-a961-73fd635a1e4d,"{""order_id"":""O100418"",""tracking_number"":""1Z80201654325675"",""carrier"":""DHL"",""status"":""IN_TRANSIT"",""status_ts"":""2024-03-02T14:52:00Z"",""location"":{""city"":""Dallas"",""region"":""East""},""warehouse_id"":1,""notes"":""Status update: In Transit""}",2024-03-02,retail.order.shipment,5,47,2024/02/01 00:00:00.000,E2E-order-shipment-event
43329e6c-57f0-47ad-b032-f8fb9570cf59,"{""order_id"":""O100418"",""tracking_number"":""1Z80201654325675"",""carrier"":""DHL"",""status"":""OUT_FOR_DELIVERY"",""status_ts"":""2024-03-02T17:57:00Z"",""location"":{""city"":""Atlanta"",""region"":""East""},""warehouse_id"":1,""notes"":""Status update: Out For Delivery""}",2024-03-02,retail.order.shipment,5,48,2024/02/01 00:00:00.000,E2E-order-shipment-event
023161e9-faa0-4fca-9391-16135c7239a7,"{""order_id"":""O100420"",""tracking_number"":""1Z50049519356457"",""carrier"":""USPS"",""status"":""EXCEPTION"",""status_ts"":""2024-02-06T08:31:00Z"",""location"":{""city"":""Columbus"",""region"":""West""},""warehouse_id"":5,""notes"":""Status update: Exception""}",2024-02-06,retail.order.shipment,6,54,2024/02/01 00:00:00.000,E2E-order-shipment-event
f2c943ea-d14a-41a4-ac64-17fa75d733a5,"{""order_id"":""O100421"",""tracking_number"":""1Z59581172423072"",""carrier"":""UPS"",""status"":""EXCEPTION"",""status_ts"":""2024-02-06T08:33:00Z"",""location"":{""city"":""Seattle"",""region"":""South""},""warehouse_id"":56,""notes"":""Status update: Exception""}",2024-02-06,retail.order.shipment,7,59,2024/02/01 00:00:00.000,E2E-order-shipment-event
f5b40bdf-2a17-4123-b35a-10b3639142db,"{""order_id"":""O100423"",""tracking_number"":""1Z91301497986018"",""carrier"":""USPS"",""status"":""LABEL_CREATED"",""status_ts"":""2024-02-18T08:29:00Z"",""location"":{""city"":""Columbus"",""region"":""South""},""warehouse_id"":37,""notes"":""Status update: Label Created""}",2024-02-18,retail.order.shipment,1,59,2024/02/01 00:00:00.000,E2E-order-shipment-event
b7eb203e-542f-4914-b3cf-a07f07acdd73,"{""order_id"":""O100427"",""tracking_number"":""1Z70324465196541"",""carrier"":""UPS"",""status"":""LABEL_CREATED"",""status_ts"":""2024-02-28T08:34:00Z"",""location"":{""city"":""Dallas"",""region"":""North""},""warehouse_id"":59,""notes"":""Status update: Label Created""}",2024-02-28,retail.order.shipment,5,49,2024/02/01 00:00:00.000,E2E-order-shipment-event
a1cbcd84-ef0d-46cf-abd6-9cc95889889f,"{""order_id"":""O100427"",""tracking_number"":""1Z70324465196541"",""carrier"":""UPS"",""status"":""PICKED_UP"",""status_ts"":""2024-03-02T11:30:00Z"",""location"":{""city"":""Seattle"",""region"":""South""},""warehouse_id"":59,""notes"":""Status update: Picked Up""}",2024-03-02,retail.order.shipment,5,50,2024/02/01 00:00:00.000,E2E-order-shipment-event
6849fccb-8973-4a7d-a1b9-784a3f525e45,"{""order_id"":""O100427"",""tracking_number"":""1Z70324465196541"",""carrier"":""UPS"",""status"":""IN_TRANSIT"",""status_ts"":""2024-03-06T14:54:00Z"",""location"":{""city"":""Atlanta"",""region"":""North""},""warehouse_id"":59,""notes"":""Status update: In Transit""}",2024-03-06,retail.order.shipment,5,51,2024/02/01 00:00:00.000,E2E-order-shipment-event
6ccb3374-ccd2-4f9b-9353-279f06c1a635,"{""order_id"":""O100427"",""tracking_number"":""1Z70324465196541"",""carrier"":""UPS"",""status"":""OUT_FOR_DELIVERY"",""status_ts"":""2024-03-06T17:11:00Z"",""location"":{""city"":""Memphis"",""region"":""West""},""warehouse_id"":59,""notes"":""Status update: Out For Delivery""}",2024-03-06,retail.order.shipment,5,52,2024/02/01 00:00:00.000,E2E-order-shipment-event
7df7505f-6d88-49c3-83a4-e5c285904754,"{""order_id"":""O100432"",""tracking_number"":""1Z85684141677782"",""carrier"":""DHL"",""status"":""LABEL_CREATED"",""status_ts"":""2024-02-11T08:55:00Z"",""location"":{""city"":""Columbus"",""region"":""East""},""warehouse_id"":3,""notes"":""Status update: Label Created""}",2024-02-11,retail.order.shipment,1,60,2024/02/01 00:00:00.000,E2E-order-shipment-event
d00c474f-08b2-44a3-83ed-ebd7ab978a06,"{""order_id"":""O100432"",""tracking_number"":""1Z85684141677782"",""carrier"":""DHL"",""status"":""PICKED_UP"",""status_ts"":""2024-02-12T11:40:00Z"",""location"":{""city"":""Louisville"",""region"":""East""},""warehouse_id"":3,""notes"":""Status update: Picked Up""}",2024-02-12,retail.order.shipment,1,61,2024/02/01 00:00:00.000,E2E-order-shipment-event
221cc6c2-a45f-4363-8dd7-3435cc388b9d,"{""order_id"":""O100432"",""tracking_number"":""1Z85684141677782"",""carrier"":""DHL"",""status"":""IN_TRANSIT"",""status_ts"":""2024-02-16T14:05:00Z"",""location"":{""city"":""Seattle"",""region"":""North""},""warehouse_id"":3,""notes"":""Status update: In Transit""}",2024-02-16,retail.order.shipment,1,62,2024/02/01 00:00:00.000,E2E-order-shipment-event
a42a5df4-9cf6-4d8f-9db0-5a30968244c3,"{""order_id"":""O100432"",""tracking_number"":""1Z85684141677782"",""carrier"":""DHL"",""status"":""OUT_FOR_DELIVERY"",""status_ts"":""2024-02-16T17:12:00Z"",""location"":{""city"":""Memphis"",""region"":""West""},""warehouse_id"":3,""notes"":""Status update: Out For Delivery""}",2024-02-16,retail.order.shipment,1,63,2024/02/01 00:00:00.000,E2E-order-shipment-event
40ace324-a7e1-4d39-a134-67594e55fcac,"{""order_id"":""O100432"",""tracking_number"":""1Z85684141677782"",""carrier"":""DHL"",""status"":""DELIVERED"",""status_ts"":""2024-02-16T08:59:00Z"",""location"":{""city"":""Chicago"",""region"":""South""},""warehouse_id"":3,""notes"":""Status update: Delivered""}",2024-02-16,retail.order.shipment,1,64,2024/02/01 00:00:00.000,E2E-order-shipment-event
7ee0b00c-927e-4a42-9504-0e5631ac467d,"{""order_id"":""O100433"",""tracking_number"":""1Z48425476818836"",""carrier"":""USPS"",""status"":""LABEL_CREATED"",""status_ts"":""2024-02-24T08:17:00Z"",""location"":{""city"":""Chicago"",""region"":""North""},""warehouse_id"":79,""notes"":""Status update: Label Created""}",2024-02-24,retail.order.shipment,2,70,2024/02/01 00:00:00.000,E2E-order-shipment-event
416a9ac1-2762-4ad5-8c85-352a0c5e5d9a,"{""order_id"":""O100433"",""tracking_number"":""1Z48425476818836"",""carrier"":""USPS"",""status"":""PICKED_UP"",""status_ts"":""2024-02-27T11:26:00Z"",""location"":{""city"":""Columbus"",""region"":""East""},""warehouse_id"":79,""notes"":""Status update: Picked Up""}",2024-02-27,retail.order.shipment,2,71,2024/02/01 00:00:00.000,E2E-order-shipment-event
865df2bd-6417-4529-b97b-ca801cacd98c,"{""order_id"":""O100433"",""tracking_number"":""1Z48425476818836"",""carrier"":""USPS"",""status"":""IN_TRANSIT"",""status_ts"":""2024-03-02T14:47:00Z"",""location"":{""city"":""Chicago"",""region"":""West""},""warehouse_id"":79,""notes"":""Status update: In Transit""}",2024-03-02,retail.order.shipment,2,72,2024/02/01 00:00:00.000,E2E-order-shipment-event
2800ab53-3f50-42f3-9d3a-2953d43f3844,"{""order_id"":""O100433"",""tracking_number"":""1Z48425476818836"",""carrier"":""USPS"",""status"":""OUT_FOR_DELIVERY"",""status_ts"":""2024-03-02T17:22:00Z"",""location"":{""city"":""Denver"",""region"":""East""},""warehouse_id"":79,""notes"":""Status update: Out For Delivery""}",2024-03-02,retail.order.shipment,2,73,2024/02/01 00:00:00.000,E2E-order-shipment-event
ebad6d77-9147-4b0f-b64e-e7073b74b5f7,"{""order_id"":""O100433"",""tracking_number"":""1Z48425476818836"",""carrier"":""USPS"",""status"":""DELIVERED"",""status_ts"":""2024-03-02T08:23:00Z"",""location"":{""city"":""Denver"",""region"":""West""},""warehouse_id"":79,""notes"":""Status update: Delivered""}",2024-03-02,retail.order.shipment,2,74,2024/02/01 00:00:00.000,E2E-order-shipment-event
8d9b8afa-3b5b-46e4-a722-aceb694268ab,"{""order_id"":""O100434"",""tracking_number"":""1Z88023211080819"",""carrier"":""USPS"",""status"":""LABEL_CREATED"",""status_ts"":""2024-02-17T08:45:00Z"",""location"":{""city"":""Louisville"",""region"":""South""},""warehouse_id"":47,""notes"":""Status update: Label Created""}",2024-02-17,retail.order.shipment,3,65,2024/02/01 00:00:00.000,E2E-order-shipment-event
f8824560-eacd-40e6-8e70-5a459fb72f44,"{""order_id"":""O100434"",""tracking_number"":""1Z88023211080819"",""carrier"":""USPS"",""status"":""PICKED_UP"",""status_ts"":""2024-02-19T11:54:00Z"",""location"":{""city"":""Dallas"",""region"":""South""},""warehouse_id"":47,""notes"":""Status update: Picked Up""}",2024-02-19,retail.order.shipment,3,66,2024/02/01 00:00:00.000,E2E-order-shipment-event
4a837439-5b35-43a9-a2e3-c24723dc834c,"{""order_id"":""O100442"",""tracking_number"":""1Z95996964939765"",""carrier"":""DHL"",""status"":""LABEL_CREATED"",""status_ts"":""2024-02-17T08:52:00Z"",""location"":{""city"":""Columbus"",""region"":""North""},""warehouse_id"":16,""notes"":""Status update: Label Created""}",2024-02-17,retail.order.shipment,2,75,2024/02/01 00:00:00.000,E2E-order-shipment-event
f37fc1e4-1ad5-45ef-88f2-4edefa187cfd,"{""order_id"":""O100442"",""tracking_number"":""1Z95996964939765"",""carrier"":""DHL"",""status"":""PICKED_UP"",""status_ts"":""2024-02-19T11:55:00Z"",""location"":{""city"":""Memphis"",""region"":""North""},""warehouse_id"":16,""notes"":""Status update: Picked Up""}",2024-02-19,retail.order.shipment,2,76,2024/02/01 00:00:00.000,E2E-order-shipment-event
3e3ed40d-e22d-4560-a38d-c147e54dea2a,"{""order_id"":""O100444"",""tracking_number"":""1Z41427588549235"",""carrier"":""DHL"",""status"":""LABEL_CREATED"",""status_ts"":""2024-02-21T08:07:00Z"",""location"":{""city"":""Chicago"",""region"":""East""},""warehouse_id"":42,""notes"":""Status update: Label Created""}",2024-02-21,retail.order.shipment,4,53,2024/02/01 00:00:00.000,E2E-order-shipment-event
99959a86-528f-4b3a-b471-ada37d29a511,"{""order_id"":""O100447"",""tracking_number"":""1Z41670793257170"",""carrier"":""DHL"",""status"":""LABEL_CREATED"",""status_ts"":""2024-02-19T08:48:00Z"",""location"":{""city"":""Columbus"",""region"":""East""},""warehouse_id"":86,""notes"":""Status update: Label Created""}",2024-02-19,retail.order.shipment,7,60,2024/02/01 00:00:00.000,E2E-order-shipment-event
291b2286-393c-42ea-8d33-61e7f1f839c5,"{""order_id"":""O100450"",""tracking_number"":""1Z46682083416388"",""carrier"":""DHL"",""status"":""LABEL_CREATED"",""status_ts"":""2024-02-27T08:11:00Z"",""location"":{""city"":""Columbus"",""region"":""South""},""warehouse_id"":70,""notes"":""Status update: Label Created""}",2024-02-27,retail.order.shipment,1,65,2024/02/01 00:00:00.000,E2E-order-shipment-event
b0b5fa8b-9165-4489-99ee-811b4f27c1f9,"{""order_id"":""O100450"",""tracking_number"":""1Z46682083416388"",""carrier"":""DHL"",""status"":""PICKED_UP"",""status_ts"":""2024-03-01T11:05:00Z"",""location"":{""city"":""Memphis"",""region"":""South""},""warehouse_id"":70,""notes"":""Status update: Picked Up""}",2024-03-01,retail.order.shipment,1,66,2024/02/01 00:00:00.000,E2E-order-shipment-event
55736abd-c654-4820-be90-4a1995f71408,"{""order_id"":""O100450"",""tracking_number"":""1Z46682083416388"",""carrier"":""DHL"",""status"":""IN_TRANSIT"",""status_ts"":""2024-03-05T14:07:00Z"",""location"":{""city"":""Denver"",""region"":""South""},""warehouse_id"":70,""notes"":""Status update: In Transit""}",2024-03-05,retail.order.shipment,1,67,2024/02/01 00:00:00.000,E2E-order-shipment-event
2cd0f8df-d93c-4567-9ec8-df46e10f996c,"{""order_id"":""O100450"",""tracking_number"":""1Z46682083416388"",""carrier"":""DHL"",""status"":""OUT_FOR_DELIVERY"",""status_ts"":""2024-03-05T17:32:00Z"",""location"":{""city"":""Dallas"",""region"":""West""},""warehouse_id"":70,""notes"":""Status update: Out For Delivery""}",2024-03-05,retail.order.shipment,1,68,2024/02/01 00:00:00.000,E2E-order-shipment-event
c901378e-c46b-45ea-b4d9-bb540dc5b32f,"{""order_id"":""O100454"",""tracking_number"":""1Z63646384114827"",""carrier"":""FEDEX"",""status"":""LABEL_CREATED"",""status_ts"":""2024-02-20T08:12:00Z"",""location"":{""city"":""Atlanta"",""region"":""East""},""warehouse_id"":44,""notes"":""Status update: Label Created""}",2024-02-20,retail.order.shipment,5,53,2024/02/01 00:00:00.000,E2E-order-shipment-event
63db1013-6e81-4284-bb5a-f1c9268c74b2,"{""order_id"":""O100454"",""tracking_number"":""1Z63646384114827"",""carrier"":""FEDEX"",""status"":""PICKED_UP"",""status_ts"":""2024-02-21T11:42:00Z"",""location"":{""city"":""Atlanta"",""region"":""West""},""warehouse_id"":44,""notes"":""Status update: Picked Up""}",2024-02-21,retail.order.shipment,5,54,2024/02/01 00:00:00.000,E2E-order-shipment-event
25b29209-48da-4849-99eb-7bf6e1d3c429,"{""order_id"":""O100462"",""tracking_number"":""1Z81321263293109"",""carrier"":""FEDEX"",""status"":""LABEL_CREATED"",""status_ts"":""2024-02-05T08:24:00Z"",""location"":{""city"":""Seattle"",""region"":""North""},""warehouse_id"":35,""notes"":""Status update: Label Created""}",2024-02-05,retail.order.shipment,4,54,2024/02/01 00:00:00.000,E2E-order-shipment-event
44813b8b-2beb-462e-8128-637e8a622dea,"{""order_id"":""O100462"",""tracking_number"":""1Z81321263293109"",""carrier"":""FEDEX"",""status"":""PICKED_UP"",""status_ts"":""2024-02-07T11:37:00Z"",""location"":{""city"":""Columbus"",""region"":""South""},""warehouse_id"":35,""notes"":""Status update: Picked Up""}",2024-02-07,retail.order.shipment,4,55,2024/02/01 00:00:00.000,E2E-order-shipment-event
0381e282-124c-429c-b616-a7e0fca7cc02,"{""order_id"":""O100462"",""tracking_number"":""1Z81321263293109"",""carrier"":""FEDEX"",""status"":""IN_TRANSIT"",""status_ts"":""2024-02-11T14:00:00Z"",""location"":{""city"":""Louisville"",""region"":""North""},""warehouse_id"":35,""notes"":""Status update: In Transit""}",2024-02-11,retail.order.shipment,4,56,2024/02/01 00:00:00.000,E2E-order-shipment-event
45801b71-8879-4375-99cf-ce7f0b99d45b,"{""order_id"":""O100462"",""tracking_number"":""1Z81321263293109"",""carrier"":""FEDEX"",""status"":""OUT_FOR_DELIVERY"",""status_ts"":""2024-02-11T17:00:00Z"",""location"":{""city"":""Denver"",""region"":""North""},""warehouse_id"":35,""notes"":""Status update: Out For Delivery""}",2024-02-11,retail.order.shipment,4,57,2024/02/01 00:00:00.000,E2E-order-shipment-event
b1af7689-00d0-43b0-b20c-c87ba2046b21,"{""order_id"":""O100466"",""tracking_number"":""1Z85753953541146"",""carrier"":""UPS"",""status"":""EXCEPTION"",""status_ts"":""2024-02-09T08:59:00Z"",""location"":{""city"":""Louisville"",""region"":""South""},""warehouse_id"":98,""notes"":""Status update: Exception""}",2024-02-09,retail.order.shipment,0,35,2024/02/01 00:00:00.000,E2E-order-shipment-event
68f2cca0-efc3-42d9-a2c3-5ca9de342745,"{""order_id"":""O100467"",""tracking_number"":""1Z84652183194982"",""carrier"":""FEDEX"",""status"":""LABEL_CREATED"",""status_ts"":""2024-02-09T08:22:00Z"",""location"":{""city"":""Atlanta"",""region"":""East""},""warehouse_id"":26,""notes"":""Status update: Label Created""}",2024-02-09,retail.order.shipment,1,69,2024/02/01 00:00:00.000,E2E-order-shipment-event
885642fe-970c-4c4f-862a-ddfa7f88ad93,"{""order_id"":""O100467"",""tracking_number"":""1Z84652183194982"",""carrier"":""FEDEX"",""status"":""PICKED_UP"",""status_ts"":""2024-02-10T11:20:00Z"",""location"":{""city"":""Columbus"",""region"":""South""},""warehouse_id"":26,""notes"":""Status update: Picked Up""}",2024-02-10,retail.order.shipment,1,70,2024/02/01 00:00:00.000,E2E-order-shipment-event
f1c0a8ae-1392-4515-b326-df2815207f3c,"{""order_id"":""O100467"",""tracking_number"":""1Z84652183194982"",""carrier"":""FEDEX"",""status"":""IN_TRANSIT"",""status_ts"":""2024-02-13T14:06:00Z"",""location"":{""city"":""Columbus"",""region"":""West""},""warehouse_id"":26,""notes"":""Status update: In Transit""}",2024-02-13,retail.order.shipment,1,71,2024/02/01 00:00:00.000,E2E-order-shipment-event
4514f264-86a2-4567-babf-79ca56da1f40,"{""order_id"":""O100467"",""tracking_number"":""1Z84652183194982"",""carrier"":""FEDEX"",""status"":""OUT_FOR_DELIVERY"",""status_ts"":""2024-02-13T17:18:00Z"",""location"":{""city"":""Denver"",""region"":""North""},""warehouse_id"":26,""notes"":""Status update: Out For Delivery""}",2024-02-13,retail.order.shipment,1,72,2024/02/01 00:00:00.000,E2E-order-shipment-event
63bb6c00-b35a-4b96-b1f0-4ff3dacb36e7,"{""order_id"":""O100467"",""tracking_number"":""1Z84652183194982"",""carrier"":""FEDEX"",""status"":""DELIVERED"",""status_ts"":""2024-02-12T08:27:00Z"",""location"":{""city"":""Atlanta"",""region"":""South""},""warehouse_id"":26,""notes"":""Status update: Delivered""}",2024-02-12,retail.order.shipment,1,73,2024/02/01 00:00:00.000,E2E-order-shipment-event
39296f05-fc83-4765-8811-f3023a0ca774,"{""order_id"":""O100468"",""tracking_number"":""1Z55479386377240"",""carrier"":""UPS"",""status"":""LABEL_CREATED"",""status_ts"":""2024-02-05T08:07:00Z"",""location"":{""city"":""Seattle"",""region"":""South""},""warehouse_id"":90,""notes"":""Status update: Label Created""}",2024-02-05,retail.order.shipment,2,77,2024/02/01 00:00:00.000,E2E-order-shipment-event
410c0aa9-ff6b-4bd2-96e4-56f87ec116fe,"{""order_id"":""O100468"",""tracking_number"":""1Z55479386377240"",""carrier"":""UPS"",""status"":""PICKED_UP"",""status_ts"":""2024-02-06T11:06:00Z"",""location"":{""city"":""Columbus"",""region"":""West""},""warehouse_id"":90,""notes"":""Status update: Picked Up""}",2024-02-06,retail.order.shipment,2,78,2024/02/01 00:00:00.000,E2E-order-shipment-event
29d5db5a-8371-435d-b870-5029e5e079c4,"{""order_id"":""O100468"",""tracking_number"":""1Z55479386377240"",""carrier"":""UPS"",""status"":""IN_TRANSIT"",""status_ts"":""2024-02-10T14:26:00Z"",""location"":{""city"":""Columbus"",""region"":""North""},""warehouse_id"":90,""notes"":""Status update: In Transit""}",2024-02-10,retail.order.shipment,2,79,2024/02/01 00:00:00.000,E2E-order-shipment-event
e8d0d289-f32b-4554-9c3a-1cce9ade295f,"{""order_id"":""O100470"",""tracking_number"":""1Z83273150096651"",""carrier"":""USPS"",""status"":""LABEL_CREATED"",""status_ts"":""2024-02-22T08:17:00Z"",""location"":{""city"":""Memphis"",""region"":""West""},""warehouse_id"":82,""notes"":""Status update: Label Created""}",2024-02-22,retail.order.shipment,3,67,2024/02/01 00:00:00.000,E2E-order-shipment-event
2684b4df-b059-4696-b023-a1d89b57df6c,"{""order_id"":""O100470"",""tracking_number"":""1Z83273150096651"",""carrier"":""USPS"",""status"":""PICKED_UP"",""status_ts"":""2024-02-25T11:36:00Z"",""location"":{""city"":""Atlanta"",""region"":""North""},""warehouse_id"":82,""notes"":""Status update: Picked Up""}",2024-02-25,retail.order.shipment,3,68,2024/02/01 00:00:00.000,E2E-order-shipment-event
e69f35bd-e704-4e91-a29d-a7041f96f4cb,"{""order_id"":""O100470"",""tracking_number"":""1Z83273150096651"",""carrier"":""USPS"",""status"":""IN_TRANSIT"",""status_ts"":""2024-02-29T14:13:00Z"",""location"":{""city"":""Denver"",""region"":""East""},""warehouse_id"":82,""notes"":""Status update: In Transit""}",2024-02-29,retail.order.shipment,3,69,2024/02/01 00:00:00.000,E2E-order-shipment-event
c8a0d496-307e-4049-b17c-f00784ceb4a8,"{""order_id"":""O100474"",""tracking_number"":""1Z89867133451514"",""carrier"":""FEDEX"",""status"":""LABEL_CREATED"",""status_ts"":""2024-02-27T08:51:00Z"",""location"":{""city"":""Seattle"",""region"":""East""},""warehouse_id"":89,""notes"":""Status update: Label Created""}",2024-02-27,retail.order.shipment,7,61,2024/02/01 00:00:00.000,E2E-order-shipment-event
80911e30-3a2b-454e-be42-64ff8a40f6be,"{""order_id"":""O100474"",""tracking_number"":""1Z89867133451514"",""carrier"":""FEDEX"",""status"":""PICKED_UP"",""status_ts"":""2024-02-29T11:13:00Z"",""location"":{""city"":""Atlanta"",""region"":""West""},""warehouse_id"":89,""notes"":""Status update: Picked Up""}",2024-02-29,retail.order.shipment,7,62,2024/02/01 00:00:00.000,E2E-order-shipment-event
d467d2b7-9bf7-4204-85e6-ac57cdeace23,"{""order_id"":""O100474"",""tracking_number"":""1Z89867133451514"",""carrier"":""FEDEX"",""status"":""IN_TRANSIT"",""status_ts"":""2024-03-04T14:51:00Z"",""location"":{""city"":""Chicago"",""region"":""North""},""warehouse_id"":89,""notes"":""Status update: In Transit""}",2024-03-04,retail.order.shipment,7,63,2024/02/01 00:00:00.000,E2E-order-shipment-event
5ad25671-2277-428e-9f28-0b9e01954524,"{""order_id"":""O100476"",""tracking_number"":""1Z74605851918687"",""carrier"":""FEDEX"",""status"":""LABEL_CREATED"",""status_ts"":""2024-02-26T08:12:00Z"",""location"":{""city"":""Seattle"",""region"":""North""},""warehouse_id"":8,""notes"":""Status update: Label Created""}",2024-02-26,retail.order.shipment,1,74,2024/02/01 00:00:00.000,E2E-order-shipment-event
7ef4d9a5-98c1-4651-9a5b-cde0f88516a5,"{""order_id"":""O100476"",""tracking_number"":""1Z74605851918687"",""carrier"":""FEDEX"",""status"":""PICKED_UP"",""status_ts"":""2024-02-27T11:57:00Z"",""location"":{""city"":""Louisville"",""region"":""South""},""warehouse_id"":8,""notes"":""Status update: Picked Up""}",2024-02-27,retail.order.shipment,1,75,2024/02/01 00:00:00.000,E2E-order-shipment-event
30d05aef-813c-4798-bb52-3b01ceb87be6,"{""order_id"":""O100477"",""tracking_number"":""1Z12971329187799"",""carrier"":""UPS"",""status"":""LABEL_CREATED"",""status_ts"":""2024-02-06T08:09:00Z"",""location"":{""city"":""Atlanta"",""region"":""West""},""warehouse_id"":18,""notes"":""Status update: Label Created""}",2024-02-06,retail.order.shipment,2,80,2024/02/01 00:00:00.000,E2E-order-shipment-event
9d055f8d-b110-4817-b058-6208ce7ef3f0,"{""order_id"":""O100477"",""tracking_number"":""1Z12971329187799"",""carrier"":""UPS"",""status"":""PICKED_UP"",""status_ts"":""2024-02-07T11:59:00Z"",""location"":{""city"":""Memphis"",""region"":""East""},""warehouse_id"":18,""notes"":""Status update: Picked Up""}",2024-02-07,retail.order.shipment,2,81,2024/02/01 00:00:00.000,E2E-order-shipment-event
808ca914-f79b-4905-bd76-575485d2b8d7,"{""order_id"":""O100477"",""tracking_number"":""1Z12971329187799"",""carrier"":""UPS"",""status"":""IN_TRANSIT"",""status_ts"":""2024-02-09T14:26:00Z"",""location"":{""city"":""Columbus"",""region"":""West""},""warehouse_id"":18,""notes"":""Status update: In Transit""}",2024-02-09,retail.order.shipment,2,82,2024/02/01 00:00:00.000,E2E-order-shipment-event
cdfcbed1-8d2e-492a-aa48-1fa7e5bdb2e0,"{""order_id"":""O100477"",""tracking_number"":""1Z12971329187799"",""carrier"":""UPS"",""status"":""OUT_FOR_DELIVERY"",""status_ts"":""2024-02-09T17:26:00Z"",""location"":{""city"":""Memphis"",""region"":""West""},""warehouse_id"":18,""notes"":""Status update: Out For Delivery""}",2024-02-09,retail.order.shipment,2,83,2024/02/01 00:00:00.000,E2E-order-shipment-event
93e4317c-d5cd-40ba-a36d-90079a3f98f9,"{""order_id"":""O100482"",""tracking_number"":""1Z68108460739210"",""carrier"":""FEDEX"",""status"":""EXCEPTION"",""status_ts"":""2024-02-27T08:30:00Z"",""location"":{""city"":""Atlanta"",""region"":""East""},""warehouse_id"":84,""notes"":""Status update: Exception""}",2024-02-27,retail.order.shipment,6,55,2024/02/01 00:00:00.000,E2E-order-shipment-event
db9c9a8c-0e02-454e-9993-ce6def80251d,"{""order_id"":""O100486"",""tracking_number"":""1Z96892956673576"",""carrier"":""UPS"",""status"":""LABEL_CREATED"",""status_ts"":""2024-02-23T08:32:00Z"",""location"":{""city"":""Chicago"",""region"":""West""},""warehouse_id"":81,""notes"":""Status update: Label Created""}",2024-02-23,retail.order.shipment,2,84,2024/02/01 00:00:00.000,E2E-order-shipment-event
3d5f2cf3-319a-4762-948d-31ac7ecbcd5c,"{""order_id"":""O100486"",""tracking_number"":""1Z96892956673576"",""carrier"":""UPS"",""status"":""PICKED_UP"",""status_ts"":""2024-02-26T11:57:00Z"",""location"":{""city"":""Seattle"",""region"":""West""},""warehouse_id"":81,""notes"":""Status update: Picked Up""}",2024-02-26,retail.order.shipment,2,85,2024/02/01 00:00:00.000,E2E-order-shipment-event
f88f1a17-d3af-4f22-8c30-b8ee873fc292,"{""order_id"":""O100486"",""tracking_number"":""1Z96892956673576"",""carrier"":""UPS"",""status"":""IN_TRANSIT"",""status_ts"":""2024-02-28T14:02:00Z"",""location"":{""city"":""Dallas"",""region"":""South""},""warehouse_id"":81,""notes"":""Status update: In Transit""}",2024-02-28,retail.order.shipment,2,86,2024/02/01 00:00:00.000,E2E-order-shipment-event
b9d17d89-e160-46ab-9160-02bc5ef7bc95,"{""order_id"":""O100487"",""tracking_number"":""1Z26515012509915"",""carrier"":""DHL"",""status"":""LABEL_CREATED"",""status_ts"":""2024-02-02T08:48:00Z"",""location"":{""city"":""Chicago"",""region"":""East""},""warehouse_id"":69,""notes"":""Status update: Label Created""}",2024-02-02,retail.order.shipment,3,70,2024/02/01 00:00:00.000,E2E-order-shipment-event
93128d55-92b3-46b3-a523-12fa64536265,"{""order_id"":""O100488"",""tracking_number"":""1Z48823198364978"",""carrier"":""FEDEX"",""status"":""LABEL_CREATED"",""status_ts"":""2024-02-10T08:23:00Z"",""location"":{""city"":""Seattle"",""region"":""West""},""warehouse_id"":65,""notes"":""Status update: Label Created""}",2024-02-10,retail.order.shipment,4,58,2024/02/01 00:00:00.000,E2E-order-shipment-event
b9c18336-e1d9-405a-88cc-dad67d90d7ea,"{""order_id"":""O100488"",""tracking_number"":""1Z48823198364978"",""carrier"":""FEDEX"",""status"":""PICKED_UP"",""status_ts"":""2024-02-13T11:20:00Z"",""location"":{""city"":""Louisville"",""region"":""East""},""warehouse_id"":65,""notes"":""Status update: Picked Up""}",2024-02-13,retail.order.shipment,4,59,2024/02/01 00:00:00.000,E2E-order-shipment-event
03d388e8-2073-4856-aa9c-4fc791cae4cf,"{""order_id"":""O100488"",""tracking_number"":""1Z48823198364978"",""carrier"":""FEDEX"",""status"":""IN_TRANSIT"",""status_ts"":""2024-02-15T14:38:00Z"",""location"":{""city"":""Atlanta"",""region"":""South""},""warehouse_id"":65,""notes"":""Status update: In Transit""}",2024-02-15,retail.order.shipment,4,60,2024/02/01 00:00:00.000,E2E-order-shipment-event
92430d7e-3a87-448c-9224-5a39749627c8,"{""order_id"":""O100488"",""tracking_number"":""1Z48823198364978"",""carrier"":""FEDEX"",""status"":""OUT_FOR_DELIVERY"",""status_ts"":""2024-02-15T17:43:00Z"",""location"":{""city"":""Dallas"",""region"":""North""},""warehouse_id"":65,""notes"":""Status update: Out For Delivery""}",2024-02-15,retail.order.shipment,4,61,2024/02/01 00:00:00.000,E2E-order-shipment-event
6914a866-1af9-4807-920c-0f68f20595ee,"{""order_id"":""O100491"",""tracking_number"":""1Z71459351953256"",""carrier"":""FEDEX"",""status"":""EXCEPTION"",""status_ts"":""2024-02-16T08:11:00Z"",""location"":{""city"":""Chicago"",""region"":""West""},""warehouse_id"":23,""notes"":""Status update: Exception""}",2024-02-16,retail.order.shipment,6,56,2024/02/01 00:00:00.000,E2E-order-shipment-event
c72911b3-0ced-4c91-a73e-d65089bf2e0b,"{""order_id"":""O100495"",""tracking_number"":""1Z29101966711751"",""carrier"":""DHL"",""status"":""LABEL_CREATED"",""status_ts"":""2024-02-17T08:58:00Z"",""location"":{""city"":""Seattle"",""region"":""East""},""warehouse_id"":55,""notes"":""Status update: Label Created""}",2024-02-17,retail.order.shipment,2,87,2024/02/01 00:00:00.000,E2E-order-shipment-event
e8c1649e-6abd-4308-8ddf-6da10c33006a,"{""order_id"":""O100496"",""tracking_number"":""1Z61724694535070"",""carrier"":""USPS"",""status"":""LABEL_CREATED"",""status_ts"":""2024-02-09T08:15:00Z"",""location"":{""city"":""Denver"",""region"":""South""},""warehouse_id"":10,""notes"":""Status update: Label Created""}",2024-02-09,retail.order.shipment,3,71,2024/02/01 00:00:00.000,E2E-order-shipment-event
cec1d05e-2349-432b-89fb-69f4a576d01e,"{""order_id"":""O100496"",""tracking_number"":""1Z61724694535070"",""carrier"":""USPS"",""status"":""PICKED_UP"",""status_ts"":""2024-02-12T11:45:00Z"",""location"":{""city"":""Memphis"",""region"":""South""},""warehouse_id"":10,""notes"":""Status update: Picked Up""}",2024-02-12,retail.order.shipment,3,72,2024/02/01 00:00:00.000,E2E-order-shipment-event
81fdca73-eeb6-4714-a54b-f928f4b8187d,"{""order_id"":""O100496"",""tracking_number"":""1Z61724694535070"",""carrier"":""USPS"",""status"":""IN_TRANSIT"",""status_ts"":""2024-02-15T14:32:00Z"",""location"":{""city"":""Chicago"",""region"":""North""},""warehouse_id"":10,""notes"":""Status update: In Transit""}",2024-02-15,retail.order.shipment,3,73,2024/02/01 00:00:00.000,E2E-order-shipment-event
e4c45b93-2375-454f-b8f2-83aeba6f66ab,"{""order_id"":""O100497"",""tracking_number"":""1Z38136890073723"",""carrier"":""DHL"",""status"":""LABEL_CREATED"",""status_ts"":""2024-02-20T08:39:00Z"",""location"":{""city"":""Atlanta"",""region"":""South""},""warehouse_id"":66,""notes"":""Status update: Label Created""}",2024-02-20,retail.order.shipment,4,62,2024/02/01 00:00:00.000,E2E-order-shipment-event
b3b06763-c3e2-40a9-b22a-0fd79ef5b4ef,"{""order_id"":""O100497"",""tracking_number"":""1Z38136890073723"",""carrier"":""DHL"",""status"":""PICKED_UP"",""status_ts"":""2024-02-23T11:32:00Z"",""location"":{""city"":""Columbus"",""region"":""North""},""warehouse_id"":66,""notes"":""Status update: Picked Up""}",2024-02-23,retail.order.shipment,4,63,2024/02/01 00:00:00.000,E2E-order-shipment-event
6e61c1fe-4b79-4d8a-a3c8-7ec554754b7c,"{""order_id"":""O100500"",""tracking_number"":""1Z38849894466135"",""carrier"":""FEDEX"",""status"":""LABEL_CREATED"",""status_ts"":""2024-02-20T08:05:00Z"",""location"":{""city"":""Memphis"",""region"":""West""},""warehouse_id"":4,""notes"":""Status update: Label Created""}",2024-02-20,retail.order.shipment,5,55,2024/02/01 00:00:00.000,E2E-order-shipment-event
644e3604-cb3c-475d-9a5a-403e1d5420a1,"{""order_id"":""O100500"",""tracking_number"":""1Z38849894466135"",""carrier"":""FEDEX"",""status"":""PICKED_UP"",""status_ts"":""2024-02-22T11:20:00Z"",""location"":{""city"":""Seattle"",""region"":""East""},""warehouse_id"":4,""notes"":""Status update: Picked Up""}",2024-02-22,retail.order.shipment,5,56,2024/02/01 00:00:00.000,E2E-order-shipment-event
af8ddb63-06ad-48e5-afb3-1a2bc105756c,"{""order_id"":""O100500"",""tracking_number"":""1Z38849894466135"",""carrier"":""FEDEX"",""status"":""IN_TRANSIT"",""status_ts"":""2024-02-25T14:43:00Z"",""location"":{""city"":""Memphis"",""region"":""South""},""warehouse_id"":4,""notes"":""Status update: In Transit""}",2024-02-25,retail.order.shipment,5,57,2024/02/01 00:00:00.000,E2E-order-shipment-event
f3560bde-b80f-42e3-ad27-beea12915d36,"{""order_id"":""O100504"",""tracking_number"":""1Z74022527641973"",""carrier"":""UPS"",""status"":""EXCEPTION"",""status_ts"":""2024-02-27T08:35:00Z"",""location"":{""city"":""Memphis"",""region"":""West""},""warehouse_id"":94,""notes"":""Status update: Exception""}",2024-02-27,retail.order.shipment,1,76,2024/02/01 00:00:00.000,E2E-order-shipment-event
058b9025-f7fa-46d4-bfd5-932709af38fa,"{""order_id"":""O100507"",""tracking_number"":""1Z74901168957514"",""carrier"":""DHL"",""status"":""LABEL_CREATED"",""status_ts"":""2024-02-10T08:50:00Z"",""location"":{""city"":""Atlanta"",""region"":""North""},""warehouse_id"":83,""notes"":""Status update: Label Created""}",2024-02-10,retail.order.shipment,4,64,2024/02/01 00:00:00.000,E2E-order-shipment-event
acdac63f-1d46-4c3a-bd9a-f4019f5e9a3f,"{""order_id"":""O100507"",""tracking_number"":""1Z74901168957514"",""carrier"":""DHL"",""status"":""PICKED_UP"",""status_ts"":""2024-02-11T11:17:00Z"",""location"":{""city"":""Chicago"",""region"":""West""},""warehouse_id"":83,""notes"":""Status update: Picked Up""}",2024-02-11,retail.order.shipment,4,65,2024/02/01 00:00:00.000,E2E-order-shipment-event
4fee3028-67e8-4a47-bd7b-8dbbc0bdfbb8,"{""order_id"":""O100507"",""tracking_number"":""1Z74901168957514"",""carrier"":""DHL"",""status"":""IN_TRANSIT"",""status_ts"":""2024-02-13T14:09:00Z"",""location"":{""city"":""Louisville"",""region"":""North""},""warehouse_id"":83,""notes"":""Status update: In Transit""}",2024-02-13,retail.order.shipment,4,66,2024/02/01 00:00:00.000,E2E-order-shipment-event
7172c19b-e07d-47c3-9e84-52e0da0a0035,"{""order_id"":""O100507"",""tracking_number"":""1Z74901168957514"",""carrier"":""DHL"",""status"":""OUT_FOR_DELIVERY"",""status_ts"":""2024-02-13T17:17:00Z"",""location"":{""city"":""Seattle"",""region"":""North""},""warehouse_id"":83,""notes"":""Status update: Out For Delivery""}",2024-02-13,retail.order.shipment,4,67,2024/02/01 00:00:00.000,E2E-order-shipment-event
fdb81dc0-56c5-4cfa-a601-6e9e4ece9874,"{""order_id"":""O100508"",""tracking_number"":""1Z50465835249319"",""carrier"":""DHL"",""status"":""LABEL_CREATED"",""status_ts"":""2024-02-03T08:34:00Z"",""location"":{""city"":""Dallas"",""region"":""West""},""warehouse_id"":55,""notes"":""Status update: Label Created""}",2024-02-03,retail.order.shipment,5,58,2024/02/01 00:00:00.000,E2E-order-shipment-event
c1fb6112-ec3a-4322-8c33-b7ebaa5011e9,"{""order_id"":""O100511"",""tracking_number"":""1Z66397011798575"",""carrier"":""FEDEX"",""status"":""LABEL_CREATED"",""status_ts"":""2024-02-13T08:01:00Z"",""location"":{""city"":""Memphis"",""region"":""North""},""warehouse_id"":56,""notes"":""Status update: Label Created""}",2024-02-13,retail.order.shipment,7,64,2024/02/01 00:00:00.000,E2E-order-shipment-event
dbdc7621-37b1-43ef-ac72-02d6a521539a,"{""order_id"":""O100511"",""tracking_number"":""1Z66397011798575"",""carrier"":""FEDEX"",""status"":""PICKED_UP"",""status_ts"":""2024-02-16T11:06:00Z"",""location"":{""city"":""Chicago"",""region"":""South""},""warehouse_id"":56,""notes"":""Status update: Picked Up""}",2024-02-16,retail.order.shipment,7,65,2024/02/01 00:00:00.000,E2E-order-shipment-event
08d63a29-b7de-4921-a2ec-1277c9421deb,"{""order_id"":""O100516"",""tracking_number"":""1Z86997524539669"",""carrier"":""UPS"",""status"":""LABEL_CREATED"",""status_ts"":""2024-02-13T08:58:00Z"",""location"":{""city"":""Chicago"",""region"":""West""},""warehouse_id"":14,""notes"":""Status update: Label Created""}",2024-02-13,retail.order.shipment,4,68,2024/02/01 00:00:00.000,E2E-order-shipment-event
f9169952-5290-4191-95ae-b5360a0dddb0,"{""order_id"":""O100516"",""tracking_number"":""1Z86997524539669"",""carrier"":""UPS"",""status"":""PICKED_UP"",""status_ts"":""2024-02-16T11:58:00Z"",""location"":{""city"":""Denver"",""region"":""East""},""warehouse_id"":14,""notes"":""Status update: Picked Up""}",2024-02-16,retail.order.shipment,4,69,2024/02/01 00:00:00.000,E2E-order-shipment-event
a84e93b7-82f3-4386-a00c-7fbb09bd04a4,"{""order_id"":""O100516"",""tracking_number"":""1Z86997524539669"",""carrier"":""UPS"",""status"":""IN_TRANSIT"",""status_ts"":""2024-02-19T14:29:00Z"",""location"":{""city"":""Dallas"",""region"":""North""},""warehouse_id"":14,""notes"":""Status update: In Transit""}",2024-02-19,retail.order.shipment,4,70,2024/02/01 00:00:00.000,E2E-order-shipment-event
86e19ac9-eec5-4329-bee1-c705a188a3be,"{""order_id"":""O100518"",""tracking_number"":""1Z43220574125439"",""carrier"":""USPS"",""status"":""LABEL_CREATED"",""status_ts"":""2024-02-26T08:18:00Z"",""location"":{""city"":""Louisville"",""region"":""East""},""warehouse_id"":84,""notes"":""Status update: Label Created""}",2024-02-26,retail.order.shipment,6,57,2024/02/01 00:00:00.000,E2E-order-shipment-event
66a4cab6-80fc-4277-97c8-2265698fc5e5,"{""order_id"":""O100524"",""tracking_number"":""1Z63481176163759"",""carrier"":""DHL"",""status"":""LABEL_CREATED"",""status_ts"":""2024-02-28T08:06:00Z"",""location"":{""city"":""Seattle"",""region"":""East""},""warehouse_id"":73,""notes"":""Status update: Label Created""}",2024-02-28,retail.order.shipment,3,74,2024/02/01 00:00:00.000,E2E-order-shipment-event
442e0409-ac9f-4521-a36d-3e97a2a2894c,"{""order_id"":""O100524"",""tracking_number"":""1Z63481176163759"",""carrier"":""DHL"",""status"":""PICKED_UP"",""status_ts"":""2024-03-01T11:47:00Z"",""location"":{""city"":""Seattle"",""region"":""South""},""warehouse_id"":73,""notes"":""Status update: Picked Up""}",2024-03-01,retail.order.shipment,3,75,2024/02/01 00:00:00.000,E2E-order-shipment-event
31cce392-a664-4232-8f90-fcc855100b06,"{""order_id"":""O100526"",""tracking_number"":""1Z59979799340122"",""carrier"":""FEDEX"",""status"":""LABEL_CREATED"",""status_ts"":""2024-02-22T08:49:00Z"",""location"":{""city"":""Louisville"",""region"":""North""},""warehouse_id"":10,""notes"":""Status update: Label Created""}",2024-02-22,retail.order.shipment,5,59,2024/02/01 00:00:00.000,E2E-order-shipment-event
9c767064-1f76-47df-a46f-29942ad45634,"{""order_id"":""O100526"",""tracking_number"":""1Z59979799340122"",""carrier"":""FEDEX"",""status"":""PICKED_UP"",""status_ts"":""2024-02-23T11:38:00Z"",""location"":{""city"":""Denver"",""region"":""South""},""warehouse_id"":10,""notes"":""Status update: Picked Up""}",2024-02-23,retail.order.shipment,5,60,2024/02/01 00:00:00.000,E2E-order-shipment-event
a8a0433f-82c3-4b12-aa3e-27ff61445d84,"{""order_id"":""O100526"",""tracking_number"":""1Z59979799340122"",""carrier"":""FEDEX"",""status"":""IN_TRANSIT"",""status_ts"":""2024-02-27T14:42:00Z"",""location"":{""city"":""Chicago"",""region"":""North""},""warehouse_id"":10,""notes"":""Status update: In Transit""}",2024-02-27,retail.order.shipment,5,61,2024/02/01 00:00:00.000,E2E-order-shipment-event
a4637484-4c6b-4855-afce-71f4ae348352,"{""order_id"":""O100527"",""tracking_number"":""1Z52219657469949"",""carrier"":""FEDEX"",""status"":""LABEL_CREATED"",""status_ts"":""2024-02-13T08:22:00Z"",""location"":{""city"":""Memphis"",""region"":""East""},""warehouse_id"":99,""notes"":""Status update: Label Created""}",2024-02-13,retail.order.shipment,6,58,2024/02/01 00:00:00.000,E2E-order-shipment-event
4454e5cc-89dc-42f0-9564-1746007a4867,"{""order_id"":""O100527"",""tracking_number"":""1Z52219657469949"",""carrier"":""FEDEX"",""status"":""PICKED_UP"",""status_ts"":""2024-02-14T11:55:00Z"",""location"":{""city"":""Memphis"",""region"":""South""},""warehouse_id"":99,""notes"":""Status update: Picked Up""}",2024-02-14,retail.order.shipment,6,59,2024/02/01 00:00:00.000,E2E-order-shipment-event
86bda143-02d4-4925-bf21-7718f7fbc047,"{""order_id"":""O100527"",""tracking_number"":""1Z52219657469949"",""carrier"":""FEDEX"",""status"":""IN_TRANSIT"",""status_ts"":""2024-02-17T14:20:00Z"",""location"":{""city"":""Columbus"",""region"":""North""},""warehouse_id"":99,""notes"":""Status update: In Transit""}",2024-02-17,retail.order.shipment,6,60,2024/02/01 00:00:00.000,E2E-order-shipment-event
7caeaed0-f549-4a5c-a295-8bcf391d2cb4,"{""order_id"":""O100528"",""tracking_number"":""1Z13040416056479"",""carrier"":""UPS"",""status"":""LABEL_CREATED"",""status_ts"":""2024-02-19T08:36:00Z"",""location"":{""city"":""Louisville"",""region"":""East""},""warehouse_id"":50,""notes"":""Status update: Label Created""}",2024-02-19,retail.order.shipment,7,66,2024/02/01 00:00:00.000,E2E-order-shipment-event
0106447e-73ca-478e-86e2-8e0296767df1,"{""order_id"":""O100528"",""tracking_number"":""1Z13040416056479"",""carrier"":""UPS"",""status"":""PICKED_UP"",""status_ts"":""2024-02-20T11:15:00Z"",""location"":{""city"":""Seattle"",""region"":""East""},""warehouse_id"":50,""notes"":""Status update: Picked Up""}",2024-02-20,retail.order.shipment,7,67,2024/02/01 00:00:00.000,E2E-order-shipment-event
1a3e2d32-1168-49dd-b1f5-776d305d16f7,"{""order_id"":""O100528"",""tracking_number"":""1Z13040416056479"",""carrier"":""UPS"",""status"":""IN_TRANSIT"",""status_ts"":""2024-02-24T14:00:00Z"",""location"":{""city"":""Atlanta"",""region"":""West""},""warehouse_id"":50,""notes"":""Status update: In Transit""}",2024-02-24,retail.order.shipment,7,68,2024/02/01 00:00:00.000,E2E-order-shipment-event
711f0767-8a12-4bce-b8f9-1f064bbf515d,"{""order_id"":""O100528"",""tracking_number"":""1Z13040416056479"",""carrier"":""UPS"",""status"":""OUT_FOR_DELIVERY"",""status_ts"":""2024-02-24T17:00:00Z"",""location"":{""city"":""Seattle"",""region"":""East""},""warehouse_id"":50,""notes"":""Status update: Out For Delivery""}",2024-02-24,retail.order.shipment,7,69,2024/02/01 00:00:00.000,E2E-order-shipment-event
87d371f7-7a57-4069-98a8-1d258ba1cf35,"{""order_id"":""O100528"",""tracking_number"":""1Z13040416056479"",""carrier"":""UPS"",""status"":""DELIVERED"",""status_ts"":""2024-02-25T08:30:00Z"",""location"":{""city"":""Chicago"",""region"":""South""},""warehouse_id"":50,""notes"":""Status update: Delivered""}",2024-02-25,retail.order.shipment,7,70,2024/02/01 00:00:00.000,E2E-order-shipment-event
70424015-47f7-423f-80df-19edb1ccbde0,"{""order_id"":""O100529"",""tracking_number"":""1Z64213641036046"",""carrier"":""DHL"",""status"":""LABEL_CREATED"",""status_ts"":""2024-02-27T08:47:00Z"",""location"":{""city"":""Columbus"",""region"":""West""},""warehouse_id"":56,""notes"":""Status update: Label Created""}",2024-02-27,retail.order.shipment,0,36,2024/02/01 00:00:00.000,E2E-order-shipment-event
bb023c17-a5bf-46e5-ab37-8aef8d6c4473,"{""order_id"":""O100529"",""tracking_number"":""1Z64213641036046"",""carrier"":""DHL"",""status"":""PICKED_UP"",""status_ts"":""2024-03-01T11:33:00Z"",""location"":{""city"":""Atlanta"",""region"":""East""},""warehouse_id"":56,""notes"":""Status update: Picked Up""}",2024-03-01,retail.order.shipment,0,37,2024/02/01 00:00:00.000,E2E-order-shipment-event
86d19749-c0c3-4eff-b754-9c8370531446,"{""order_id"":""O100529"",""tracking_number"":""1Z64213641036046"",""carrier"":""DHL"",""status"":""IN_TRANSIT"",""status_ts"":""2024-03-04T14:06:00Z"",""location"":{""city"":""Dallas"",""region"":""North""},""warehouse_id"":56,""notes"":""Status update: In Transit""}",2024-03-04,retail.order.shipment,0,38,2024/02/01 00:00:00.000,E2E-order-shipment-event
b40915b3-c054-4d06-830e-a9778c3a3abb,"{""order_id"":""O100529"",""tracking_number"":""1Z64213641036046"",""carrier"":""DHL"",""status"":""OUT_FOR_DELIVERY"",""status_ts"":""2024-03-04T17:43:00Z"",""location"":{""city"":""Denver"",""region"":""West""},""warehouse_id"":56,""notes"":""Status update: Out For Delivery""}",2024-03-04,retail.order.shipment,0,39,2024/02/01 00:00:00.000,E2E-order-shipment-event
62226682-4c88-4e07-b52a-c92bd6f9aaad,"{""order_id"":""O100529"",""tracking_number"":""1Z64213641036046"",""carrier"":""DHL"",""status"":""DELIVERED"",""status_ts"":""2024-03-03T08:53:00Z"",""location"":{""city"":""Seattle"",""region"":""West""},""warehouse_id"":56,""notes"":""Status update: Delivered""}",2024-03-03,retail.order.shipment,0,40,2024/02/01 00:00:00.000,E2E-order-shipment-event
303fab76-adef-4772-8be2-7118becef8b0,"{""order_id"":""O100531"",""tracking_number"":""1Z28000928696172"",""carrier"":""USPS"",""status"":""LABEL_CREATED"",""status_ts"":""2024-02-02T08:01:00Z"",""location"":{""city"":""Dallas"",""region"":""North""},""warehouse_id"":72,""notes"":""Status update: Label Created""}",2024-02-02,retail.order.shipment,1,77,2024/02/01 00:00:00.000,E2E-order-shipment-event
edbc14f8-ab1d-4219-a564-27e4ad31805c,"{""order_id"":""O100531"",""tracking_number"":""1Z28000928696172"",""carrier"":""USPS"",""status"":""PICKED_UP"",""status_ts"":""2024-02-05T11:11:00Z"",""location"":{""city"":""Dallas"",""region"":""North""},""warehouse_id"":72,""notes"":""Status update: Picked Up""}",2024-02-05,retail.order.shipment,1,78,2024/02/01 00:00:00.000,E2E-order-shipment-event
6ad907e5-c295-4a3d-85c9-7f5fb5f1a388,"{""order_id"":""O100531"",""tracking_number"":""1Z28000928696172"",""carrier"":""USPS"",""status"":""IN_TRANSIT"",""status_ts"":""2024-02-09T14:07:00Z"",""location"":{""city"":""Louisville"",""region"":""South""},""warehouse_id"":72,""notes"":""Status update: In Transit""}",2024-02-09,retail.order.shipment,1,79,2024/02/01 00:00:00.000,E2E-order-shipment-event
0f3c46d7-8453-4df4-b48e-44ef9f6b600c,"{""order_id"":""O100531"",""tracking_number"":""1Z28000928696172"",""carrier"":""USPS"",""status"":""OUT_FOR_DELIVERY"",""status_ts"":""2024-02-09T17:44:00Z"",""location"":{""city"":""Seattle"",""region"":""East""},""warehouse_id"":72,""notes"":""Status update: Out For Delivery""}",2024-02-09,retail.order.shipment,1,80,2024/02/01 00:00:00.000,E2E-order-shipment-event
9e0b1790-3397-430b-bfb2-3215ce1396f4,"{""order_id"":""O100531"",""tracking_number"":""1Z28000928696172"",""carrier"":""USPS"",""status"":""DELIVERED"",""status_ts"":""2024-02-09T08:06:00Z"",""location"":{""city"":""Denver"",""region"":""West""},""warehouse_id"":72,""notes"":""Status update: Delivered""}",2024-02-09,retail.order.shipment,1,81,2024/02/01 00:00:00.000,E2E-order-shipment-event
ce7ef25b-54fa-4dd9-a92d-b9854a17eba3,"{""order_id"":""O100541"",""tracking_number"":""1Z54691828435620"",""carrier"":""FEDEX"",""status"":""LABEL_CREATED"",""status_ts"":""2024-02-18T08:44:00Z"",""location"":{""city"":""Dallas"",""region"":""South""},""warehouse_id"":13,""notes"":""Status update: Label Created""}",2024-02-18,retail.order.shipment,2,88,2024/02/01 00:00:00.000,E2E-order-shipment-event
718c9997-a834-4422-a6ea-087b6f116926,"{""order_id"":""O100541"",""tracking_number"":""1Z54691828435620"",""carrier"":""FEDEX"",""status"":""PICKED_UP"",""status_ts"":""2024-02-19T11:23:00Z"",""location"":{""city"":""Columbus"",""region"":""East""},""warehouse_id"":13,""notes"":""Status update: Picked Up""}",2024-02-19,retail.order.shipment,2,89,2024/02/01 00:00:00.000,E2E-order-shipment-event
0195036c-1e15-4ed8-819a-35ffaacab91b,"{""order_id"":""O100541"",""tracking_number"":""1Z54691828435620"",""carrier"":""FEDEX"",""status"":""IN_TRANSIT"",""status_ts"":""2024-02-22T14:12:00Z"",""location"":{""city"":""Dallas"",""region"":""West""},""warehouse_id"":13,""notes"":""Status update: In Transit""}",2024-02-22,retail.order.shipment,2,90,2024/02/01 00:00:00.000,E2E-order-shipment-event
8059ff6b-7380-425f-9a08-001fb4d7450a,"{""order_id"":""O100541"",""tracking_number"":""1Z54691828435620"",""carrier"":""FEDEX"",""status"":""OUT_FOR_DELIVERY"",""status_ts"":""2024-02-22T17:49:00Z"",""location"":{""city"":""Denver"",""region"":""North""},""warehouse_id"":13,""notes"":""Status update: Out For Delivery""}",2024-02-22,retail.order.shipment,2,91,2024/02/01 00:00:00.000,E2E-order-shipment-event
406af908-8e5d-48ae-b55a-5c39c74d94f7,"{""order_id"":""O100541"",""tracking_number"":""1Z54691828435620"",""carrier"":""FEDEX"",""status"":""DELIVERED"",""status_ts"":""2024-02-21T08:50:00Z"",""location"":{""city"":""Dallas"",""region"":""North""},""warehouse_id"":13,""notes"":""Status update: Delivered""}",2024-02-21,retail.order.shipment,2,92,2024/02/01 00:00:00.000,E2E-order-shipment-event
91f0a94c-997f-4639-afa9-199821382373,"{""order_id"":""O100546"",""tracking_number"":""1Z72320762508208"",""carrier"":""USPS"",""status"":""LABEL_CREATED"",""status_ts"":""2024-02-02T08:24:00Z"",""location"":{""city"":""Seattle"",""region"":""North""},""warehouse_id"":8,""notes"":""Status update: Label Created""}",2024-02-02,retail.order.shipment,7,71,2024/02/01 00:00:00.000,E2E-order-shipment-event
204a7a9c-e48b-4168-833a-0599fe2689bd,"{""order_id"":""O100546"",""tracking_number"":""1Z72320762508208"",""carrier"":""USPS"",""status"":""PICKED_UP"",""status_ts"":""2024-02-05T11:41:00Z"",""location"":{""city"":""Seattle"",""region"":""South""},""warehouse_id"":8,""notes"":""Status update: Picked Up""}",2024-02-05,retail.order.shipment,7,72,2024/02/01 00:00:00.000,E2E-order-shipment-event
d501bf12-90fa-4fdb-a10b-6da7e034dcb5,"{""order_id"":""O100547"",""tracking_number"":""1Z88505328750264"",""carrier"":""USPS"",""status"":""LABEL_CREATED"",""status_ts"":""2024-02-14T08:46:00Z"",""location"":{""city"":""Louisville"",""region"":""West""},""warehouse_id"":14,""notes"":""Status update: Label Created""}",2024-02-14,retail.order.shipment,0,41,2024/02/01 00:00:00.000,E2E-order-shipment-event
9d7ea1a5-fed7-48a2-9329-5d90c54118c3,"{""order_id"":""O100547"",""tracking_number"":""1Z88505328750264"",""carrier"":""USPS"",""status"":""PICKED_UP"",""status_ts"":""2024-02-15T11:34:00Z"",""location"":{""city"":""Chicago"",""region"":""South""},""warehouse_id"":14,""notes"":""Status update: Picked Up""}",2024-02-15,retail.order.shipment,0,42,2024/02/01 00:00:00.000,E2E-order-shipment-event
93573b44-bef8-47ae-a862-d7593358e350,"{""order_id"":""O100547"",""tracking_number"":""1Z88505328750264"",""carrier"":""USPS"",""status"":""IN_TRANSIT"",""status_ts"":""2024-02-19T14:01:00Z"",""location"":{""city"":""Columbus"",""region"":""South""},""warehouse_id"":14,""notes"":""Status update: In Transit""}",2024-02-19,retail.order.shipment,0,43,2024/02/01 00:00:00.000,E2E-order-shipment-event
550c9fb7-9d7a-475f-a40d-f924a434514d,"{""order_id"":""O100547"",""tracking_number"":""1Z88505328750264"",""carrier"":""USPS"",""status"":""OUT_FOR_DELIVERY"",""status_ts"":""2024-02-19T17:36:00Z"",""location"":{""city"":""Memphis"",""region"":""South""},""warehouse_id"":14,""notes"":""Status update: Out For Delivery""}",2024-02-19,retail.order.shipment,0,44,2024/02/01 00:00:00.000,E2E-order-shipment-event
c57ce7a9-70fc-4759-8e43-2eb589cff217,"{""order_id"":""O100547"",""tracking_number"":""1Z88505328750264"",""carrier"":""USPS"",""status"":""DELIVERED"",""status_ts"":""2024-02-20T08:59:00Z"",""location"":{""city"":""Denver"",""region"":""West""},""warehouse_id"":14,""notes"":""Status update: Delivered""}",2024-02-20,retail.order.shipment,0,45,2024/02/01 00:00:00.000,E2E-order-shipment-event
dc7a18a6-10c1-45be-8a89-d9fe3255dfd6,"{""order_id"":""O100548"",""tracking_number"":""1Z12177234883084"",""carrier"":""USPS"",""status"":""LABEL_CREATED"",""status_ts"":""2024-02-12T08:24:00Z"",""location"":{""city"":""Dallas"",""region"":""North""},""warehouse_id"":42,""notes"":""Status update: Label Created""}",2024-02-12,retail.order.shipment,1,82,2024/02/01 00:00:00.000,E2E-order-shipment-event
aea0c401-d827-4eda-9f17-b8e88720597b,"{""order_id"":""O100551"",""tracking_number"":""1Z58348723276588"",""carrier"":""FEDEX"",""status"":""LABEL_CREATED"",""status_ts"":""2024-02-16T08:56:00Z"",""location"":{""city"":""Denver"",""region"":""East""},""warehouse_id"":88,""notes"":""Status update: Label Created""}",2024-02-16,retail.order.shipment,3,76,2024/02/01 00:00:00.000,E2E-order-shipment-event
fe6ed5fa-3855-4145-87ef-0ff1f7c29a63,"{""order_id"":""O100556"",""tracking_number"":""1Z35166244269275"",""carrier"":""DHL"",""status"":""LABEL_CREATED"",""status_ts"":""2024-02-14T08:52:00Z"",""location"":{""city"":""Atlanta"",""region"":""North""},""warehouse_id"":60,""notes"":""Status update: Label Created""}",2024-02-14,retail.order.shipment,0,46,2024/02/01 00:00:00.000,E2E-order-shipment-event
b051b2e3-6029-4cb4-87e9-f6c134ca0fd2,"{""order_id"":""O100556"",""tracking_number"":""1Z35166244269275"",""carrier"":""DHL"",""status"":""PICKED_UP"",""status_ts"":""2024-02-17T11:23:00Z"",""location"":{""city"":""Memphis"",""region"":""North""},""warehouse_id"":60,""notes"":""Status update: Picked Up""}",2024-02-17,retail.order.shipment,0,47,2024/02/01 00:00:00.000,E2E-order-shipment-event
4482f1f8-88dd-4b14-99f2-69eb87a019d7,"{""order_id"":""O100558"",""tracking_number"":""1Z27954768832027"",""carrier"":""FEDEX"",""status"":""LABEL_CREATED"",""status_ts"":""2024-02-08T08:19:00Z"",""location"":{""city"":""Atlanta"",""region"":""East""},""warehouse_id"":9,""notes"":""Status update: Label Created""}",2024-02-08,retail.order.shipment,2,93,2024/02/01 00:00:00.000,E2E-order-shipment-event
08dfa06d-5e4c-4fea-8468-15159b89b113,"{""order_id"":""O100558"",""tracking_number"":""1Z27954768832027"",""carrier"":""FEDEX"",""status"":""PICKED_UP"",""status_ts"":""2024-02-11T11:43:00Z"",""location"":{""city"":""Memphis"",""region"":""East""},""warehouse_id"":9,""notes"":""Status update: Picked Up""}",2024-02-11,retail.order.shipment,2,94,2024/02/01 00:00:00.000,E2E-order-shipment-event
cb657a3d-7757-46ba-9cc7-4af00a90a255,"{""order_id"":""O100558"",""tracking_number"":""1Z27954768832027"",""carrier"":""FEDEX"",""status"":""IN_TRANSIT"",""status_ts"":""2024-02-14T14:58:00Z"",""location"":{""city"":""Dallas"",""region"":""South""},""warehouse_id"":9,""notes"":""Status update: In Transit""}",2024-02-14,retail.order.shipment,2,95,2024/02/01 00:00:00.000,E2E-order-shipment-event
b50b5c68-81f9-4da9-8b6e-709fce8d341d,"{""order_id"":""O100558"",""tracking_number"":""1Z27954768832027"",""carrier"":""FEDEX"",""status"":""OUT_FOR_DELIVERY"",""status_ts"":""2024-02-14T17:28:00Z"",""location"":{""city"":""Chicago"",""region"":""East""},""warehouse_id"":9,""notes"":""Status update: Out For Delivery""}",2024-02-14,retail.order.shipment,2,96,2024/02/01 00:00:00.000,E2E-order-shipment-event
f59a2379-bf0a-40b1-bcf4-b09a19a16ee0,"{""order_id"":""O100560"",""tracking_number"":""1Z77564682030157"",""carrier"":""DHL"",""status"":""LABEL_CREATED"",""status_ts"":""2024-02-14T08:57:00Z"",""location"":{""city"":""Dallas"",""region"":""North""},""warehouse_id"":51,""notes"":""Status update: Label Created""}",2024-02-14,retail.order.shipment,3,77,2024/02/01 00:00:00.000,E2E-order-shipment-event
4aeec086-c87a-468f-8e29-bc433d318b1b,"{""order_id"":""O100560"",""tracking_number"":""1Z77564682030157"",""carrier"":""DHL"",""status"":""PICKED_UP"",""status_ts"":""2024-02-15T11:55:00Z"",""location"":{""city"":""Seattle"",""region"":""North""},""warehouse_id"":51,""notes"":""Status update: Picked Up""}",2024-02-15,retail.order.shipment,3,78,2024/02/01 00:00:00.000,E2E-order-shipment-event
bf02dbee-532a-46c0-b24d-f8a128102641,"{""order_id"":""O100560"",""tracking_number"":""1Z77564682030157"",""carrier"":""DHL"",""status"":""IN_TRANSIT"",""status_ts"":""2024-02-19T14:32:00Z"",""location"":{""city"":""Louisville"",""region"":""North""},""warehouse_id"":51,""notes"":""Status update: In Transit""}",2024-02-19,retail.order.shipment,3,79,2024/02/01 00:00:00.000,E2E-order-shipment-event
eeb39abb-632f-415e-bdb4-4352d19a631a,"{""order_id"":""O100560"",""tracking_number"":""1Z77564682030157"",""carrier"":""DHL"",""status"":""OUT_FOR_DELIVERY"",""status_ts"":""2024-02-19T17:40:00Z"",""location"":{""city"":""Seattle"",""region"":""North""},""warehouse_id"":51,""notes"":""Status update: Out For Delivery""}",2024-02-19,retail.order.shipment,3,80,2024/02/01 00:00:00.000,E2E-order-shipment-event
79f2bc24-0605-4035-a002-739dae58b3fa,"{""order_id"":""O100561"",""tracking_number"":""1Z65026877409740"",""carrier"":""USPS"",""status"":""LABEL_CREATED"",""status_ts"":""2024-02-14T08:27:00Z"",""location"":{""city"":""Columbus"",""region"":""East""},""warehouse_id"":78,""notes"":""Status update: Label Created""}",2024-02-14,retail.order.shipment,4,71,2024/02/01 00:00:00.000,E2E-order-shipment-event
615bde85-6f3a-41e3-acec-50acc37b4acd,"{""order_id"":""O100563"",""tracking_number"":""1Z80872769774597"",""carrier"":""DHL"",""status"":""LABEL_CREATED"",""status_ts"":""2024-02-28T08:39:00Z"",""location"":{""city"":""Columbus"",""region"":""East""},""warehouse_id"":29,""notes"":""Status update: Label Created""}",2024-02-28,retail.order.shipment,6,61,2024/02/01 00:00:00.000,E2E-order-shipment-event
efd5d2ee-e7d0-4ae5-a77a-93f14d623f37,"{""order_id"":""O100564"",""tracking_number"":""1Z24341250515836"",""carrier"":""USPS"",""status"":""LABEL_CREATED"",""status_ts"":""2024-02-26T08:58:00Z"",""location"":{""city"":""Dallas"",""region"":""West""},""warehouse_id"":82,""notes"":""Status update: Label Created""}",2024-02-26,retail.order.shipment,7,73,2024/02/01 00:00:00.000,E2E-order-shipment-event
3241b2c1-1bb1-4b09-a1cc-3eabf90e7dec,"{""order_id"":""O100564"",""tracking_number"":""1Z24341250515836"",""carrier"":""USPS"",""status"":""PICKED_UP"",""status_ts"":""2024-02-29T11:34:00Z"",""location"":{""city"":""Chicago"",""region"":""North""},""warehouse_id"":82,""notes"":""Status update: Picked Up""}",2024-02-29,retail.order.shipment,7,74,2024/02/01 00:00:00.000,E2E-order-shipment-event
098abe81-5776-4e7e-9543-029dcfe458d9,"{""order_id"":""O100564"",""tracking_number"":""1Z24341250515836"",""carrier"":""USPS"",""status"":""IN_TRANSIT"",""status_ts"":""2024-03-03T14:14:00Z"",""location"":{""city"":""Atlanta"",""region"":""West""},""warehouse_id"":82,""notes"":""Status update: In Transit""}",2024-03-03,retail.order.shipment,7,75,2024/02/01 00:00:00.000,E2E-order-shipment-event
6665e280-dd94-4f49-b9e1-e380be1ab538,"{""order_id"":""O100564"",""tracking_number"":""1Z24341250515836"",""carrier"":""USPS"",""status"":""OUT_FOR_DELIVERY"",""status_ts"":""2024-03-03T17:02:00Z"",""location"":{""city"":""Memphis"",""region"":""North""},""warehouse_id"":82,""notes"":""Status update: Out For Delivery""}",2024-03-03,retail.order.shipment,7,76,2024/02/01 00:00:00.000,E2E-order-shipment-event
7117b506-4632-4263-ae08-b42a1e49e2da,"{""order_id"":""O100564"",""tracking_number"":""1Z24341250515836"",""carrier"":""USPS"",""status"":""DELIVERED"",""status_ts"":""2024-03-02T08:05:00Z"",""location"":{""city"":""Chicago"",""region"":""West""},""warehouse_id"":82,""notes"":""Status update: Delivered""}",2024-03-02,retail.order.shipment,7,77,2024/02/01 00:00:00.000,E2E-order-shipment-event
b270cdfd-0871-4455-90d9-6f019daa69da,"{""order_id"":""O100568"",""tracking_number"":""1Z69438981279674"",""carrier"":""USPS"",""status"":""LABEL_CREATED"",""status_ts"":""2024-02-24T08:30:00Z"",""location"":{""city"":""Louisville"",""region"":""East""},""warehouse_id"":95,""notes"":""Status update: Label Created""}",2024-02-24,retail.order.shipment,3,81,2024/02/01 00:00:00.000,E2E-order-shipment-event
dba415cc-0751-4245-9137-fa6aa27d1d90,"{""order_id"":""O100568"",""tracking_number"":""1Z69438981279674"",""carrier"":""USPS"",""status"":""PICKED_UP"",""status_ts"":""2024-02-26T11:05:00Z"",""location"":{""city"":""Denver"",""region"":""East""},""warehouse_id"":95,""notes"":""Status update: Picked Up""}",2024-02-26,retail.order.shipment,3,82,2024/02/01 00:00:00.000,E2E-order-shipment-event
6500a013-81ba-4aff-97d9-5b1f5d9690b9,"{""order_id"":""O100579"",""tracking_number"":""1Z10315516689512"",""carrier"":""UPS"",""status"":""LABEL_CREATED"",""status_ts"":""2024-02-07T08:20:00Z"",""location"":{""city"":""Columbus"",""region"":""East""},""warehouse_id"":93,""notes"":""Status update: Label Created""}",2024-02-07,retail.order.shipment,5,62,2024/02/01 00:00:00.000,E2E-order-shipment-event
a2846531-3ff2-487a-a759-cca5be5a8c24,"{""order_id"":""O100579"",""tracking_number"":""1Z10315516689512"",""carrier"":""UPS"",""status"":""PICKED_UP"",""status_ts"":""2024-02-10T11:21:00Z"",""location"":{""city"":""Columbus"",""region"":""North""},""warehouse_id"":93,""notes"":""Status update: Picked Up""}",2024-02-10,retail.order.shipment,5,63,2024/02/01 00:00:00.000,E2E-order-shipment-event
01820cc2-49ab-40f0-9996-e07f8db3f854,"{""order_id"":""O100579"",""tracking_number"":""1Z10315516689512"",""carrier"":""UPS"",""status"":""IN_TRANSIT"",""status_ts"":""2024-02-14T14:36:00Z"",""location"":{""city"":""Memphis"",""region"":""North""},""warehouse_id"":93,""notes"":""Status update: In Transit""}",2024-02-14,retail.order.shipment,5,64,2024/02/01 00:00:00.000,E2E-order-shipment-event
e942c989-b893-4296-9a85-aaec03baa193,"{""order_id"":""O100580"",""tracking_number"":""1Z76275569378205"",""carrier"":""USPS"",""status"":""EXCEPTION"",""status_ts"":""2024-02-23T08:36:00Z"",""location"":{""city"":""Chicago"",""region"":""West""},""warehouse_id"":17,""notes"":""Status update: Exception""}",2024-02-23,retail.order.shipment,5,65,2024/02/01 00:00:00.000,E2E-order-shipment-event
6eb0668f-6e25-43fb-80ed-a95b99869e86,"{""order_id"":""O100581"",""tracking_number"":""1Z77998771792986"",""carrier"":""DHL"",""status"":""LABEL_CREATED"",""status_ts"":""2024-02-19T08:16:00Z"",""location"":{""city"":""Atlanta"",""region"":""North""},""warehouse_id"":3,""notes"":""Status update: Label Created""}",2024-02-19,retail.order.shipment,6,62,2024/02/01 00:00:00.000,E2E-order-shipment-event
bbcb793a-f13a-4d8d-859a-5669a7cfdf57,"{""order_id"":""O100581"",""tracking_number"":""1Z77998771792986"",""carrier"":""DHL"",""status"":""PICKED_UP"",""status_ts"":""2024-02-22T11:15:00Z"",""location"":{""city"":""Dallas"",""region"":""West""},""warehouse_id"":3,""notes"":""Status update: Picked Up""}",2024-02-22,retail.order.shipment,6,63,2024/02/01 00:00:00.000,E2E-order-shipment-event
5d3919ca-1153-4f02-b666-d264d26393a4,"{""order_id"":""O100581"",""tracking_number"":""1Z77998771792986"",""carrier"":""DHL"",""status"":""IN_TRANSIT"",""status_ts"":""2024-02-25T14:26:00Z"",""location"":{""city"":""Memphis"",""region"":""North""},""warehouse_id"":3,""notes"":""Status update: In Transit""}",2024-02-25,retail.order.shipment,6,64,2024/02/01 00:00:00.000,E2E-order-shipment-event
e887043e-bd83-40b0-8aea-2cd32b32b4a2,"{""order_id"":""O100588"",""tracking_number"":""1Z26365385869239"",""carrier"":""USPS"",""status"":""LABEL_CREATED"",""status_ts"":""2024-02-19T08:12:00Z"",""location"":{""city"":""Chicago"",""region"":""East""},""warehouse_id"":99,""notes"":""Status update: Label Created""}",2024-02-19,retail.order.shipment,5,66,2024/02/01 00:00:00.000,E2E-order-shipment-event
872216b3-c920-42a5-b8df-d679daec59f9,"{""order_id"":""O100588"",""tracking_number"":""1Z26365385869239"",""carrier"":""USPS"",""status"":""PICKED_UP"",""status_ts"":""2024-02-21T11:21:00Z"",""location"":{""city"":""Memphis"",""region"":""North""},""warehouse_id"":99,""notes"":""Status update: Picked Up""}",2024-02-21,retail.order.shipment,5,67,2024/02/01 00:00:00.000,E2E-order-shipment-event
166a3fa2-f0c9-4276-a9e6-216fcff7eee8,"{""order_id"":""O100589"",""tracking_number"":""1Z27660768224277"",""carrier"":""FEDEX"",""status"":""LABEL_CREATED"",""status_ts"":""2024-02-09T08:30:00Z"",""location"":{""city"":""Memphis"",""region"":""West""},""warehouse_id"":23,""notes"":""Status update: Label Created""}",2024-02-09,retail.order.shipment,6,65,2024/02/01 00:00:00.000,E2E-order-shipment-event
775eb4c5-be3b-4b4e-8d09-6edff6ffc985,"{""order_id"":""O100589"",""tracking_number"":""1Z27660768224277"",""carrier"":""FEDEX"",""status"":""PICKED_UP"",""status_ts"":""2024-02-10T11:34:00Z"",""location"":{""city"":""Atlanta"",""region"":""East""},""warehouse_id"":23,""notes"":""Status update: Picked Up""}",2024-02-10,retail.order.shipment,6,66,2024/02/01 00:00:00.000,E2E-order-shipment-event
642470bf-7294-42a0-9d24-60eb2fb67f69,"{""order_id"":""O100589"",""tracking_number"":""1Z27660768224277"",""carrier"":""FEDEX"",""status"":""IN_TRANSIT"",""status_ts"":""2024-02-13T14:43:00Z"",""location"":{""city"":""Seattle"",""region"":""West""},""warehouse_id"":23,""notes"":""Status update: In Transit""}",2024-02-13,retail.order.shipment,6,67,2024/02/01 00:00:00.000,E2E-order-shipment-event
81a10894-54bd-4839-8da6-9e0b89d625f6,"{""order_id"":""O100589"",""tracking_number"":""1Z27660768224277"",""carrier"":""FEDEX"",""status"":""OUT_FOR_DELIVERY"",""status_ts"":""2024-02-13T17:07:00Z"",""location"":{""city"":""Chicago"",""region"":""South""},""warehouse_id"":23,""notes"":""Status update: Out For Delivery""}",2024-02-13,retail.order.shipment,6,68,2024/02/01 00:00:00.000,E2E-order-shipment-event
b4b7142a-b6d6-4c4d-bc19-19a81601e690,"{""order_id"":""O100591"",""tracking_number"":""1Z34723262697608"",""carrier"":""DHL"",""status"":""LABEL_CREATED"",""status_ts"":""2024-02-24T08:31:00Z"",""location"":{""city"":""Denver"",""region"":""West""},""warehouse_id"":58,""notes"":""Status update: Label Created""}",2024-02-24,retail.order.shipment,7,78,2024/02/01 00:00:00.000,E2E-order-shipment-event
9a07154f-f554-442b-b5c9-3907da017746,"{""order_id"":""O100592"",""tracking_number"":""1Z72421586421313"",""carrier"":""UPS"",""status"":""LABEL_CREATED"",""status_ts"":""2024-02-13T08:54:00Z"",""location"":{""city"":""Louisville"",""region"":""East""},""warehouse_id"":69,""notes"":""Status update: Label Created""}",2024-02-13,retail.order.shipment,0,48,2024/02/01 00:00:00.000,E2E-order-shipment-event
566b74ad-2bca-4a36-be26-d10cdd637216,"{""order_id"":""O100592"",""tracking_number"":""1Z72421586421313"",""carrier"":""UPS"",""status"":""PICKED_UP"",""status_ts"":""2024-02-14T11:10:00Z"",""location"":{""city"":""Seattle"",""region"":""East""},""warehouse_id"":69,""notes"":""Status update: Picked Up""}",2024-02-14,retail.order.shipment,0,49,2024/02/01 00:00:00.000,E2E-order-shipment-event
811ce4f1-a25e-415c-a23a-2744e27415c5,"{""order_id"":""O100592"",""tracking_number"":""1Z72421586421313"",""carrier"":""UPS"",""status"":""IN_TRANSIT"",""status_ts"":""2024-02-17T14:36:00Z"",""location"":{""city"":""Chicago"",""region"":""North""},""warehouse_id"":69,""notes"":""Status update: In Transit""}",2024-02-17,retail.order.shipment,0,50,2024/02/01 00:00:00.000,E2E-order-shipment-event
6b53c922-0d73-4bf1-881b-c96aa8e8039c,"{""order_id"":""O100596"",""tracking_number"":""1Z60282064159105"",""carrier"":""USPS"",""status"":""LABEL_CREATED"",""status_ts"":""2024-02-17T08:08:00Z"",""location"":{""city"":""Louisville"",""region"":""East""},""warehouse_id"":49,""notes"":""Status update: Label Created""}",2024-02-17,retail.order.shipment,4,72,2024/02/01 00:00:00.000,E2E-order-shipment-event
6f0d76b3-5c9d-4fb0-b82a-6aa6a8f46e0e,"{""order_id"":""O100596"",""tracking_number"":""1Z60282064159105"",""carrier"":""USPS"",""status"":""PICKED_UP"",""status_ts"":""2024-02-20T11:08:00Z"",""location"":{""city"":""Dallas"",""region"":""West""},""warehouse_id"":49,""notes"":""Status update: Picked Up""}",2024-02-20,retail.order.shipment,4,73,2024/02/01 00:00:00.000,E2E-order-shipment-event
ef3a941f-47a4-4a40-a8a1-7255db14acb3,"{""order_id"":""O100596"",""tracking_number"":""1Z60282064159105"",""carrier"":""USPS"",""status"":""IN_TRANSIT"",""status_ts"":""2024-02-24T14:56:00Z"",""location"":{""city"":""Dallas"",""region"":""North""},""warehouse_id"":49,""notes"":""Status update: In Transit""}",2024-02-24,retail.order.shipment,4,74,2024/02/01 00:00:00.000,E2E-order-shipment-event
d04c3750-464d-439c-88e9-bbcd399d6bc9,"{""order_id"":""O100596"",""tracking_number"":""1Z60282064159105"",""carrier"":""USPS"",""status"":""OUT_FOR_DELIVERY"",""status_ts"":""2024-02-24T17:38:00Z"",""location"":{""city"":""Denver"",""region"":""North""},""warehouse_id"":49,""notes"":""Status update: Out For Delivery""}",2024-02-24,retail.order.shipment,4,75,2024/02/01 00:00:00.000,E2E-order-shipment-event
260fc298-2d41-4df0-8864-b2365eeba404,"{""order_id"":""O100596"",""tracking_number"":""1Z60282064159105"",""carrier"":""USPS"",""status"":""DELIVERED"",""status_ts"":""2024-02-25T08:04:00Z"",""location"":{""city"":""Chicago"",""region"":""West""},""warehouse_id"":49,""notes"":""Status update: Delivered""}",2024-02-25,retail.order.shipment,4,76,2024/02/01 00:00:00.000,E2E-order-shipment-event
b88c335f-8ea2-4798-b7e5-0c4ec6421e06,"{""order_id"":""O100600"",""tracking_number"":""1Z32475116129873"",""carrier"":""USPS"",""status"":""LABEL_CREATED"",""status_ts"":""2024-02-23T08:29:00Z"",""location"":{""city"":""Chicago"",""region"":""North""},""warehouse_id"":78,""notes"":""Status update: Label Created""}",2024-02-23,retail.order.shipment,6,69,2024/02/01 00:00:00.000,E2E-order-shipment-event
7c4995c7-488c-4b10-a77a-cae7d575f531,"{""order_id"":""O100600"",""tracking_number"":""1Z32475116129873"",""carrier"":""USPS"",""status"":""PICKED_UP"",""status_ts"":""2024-02-24T11:49:00Z"",""location"":{""city"":""Columbus"",""region"":""South""},""warehouse_id"":78,""notes"":""Status update: Picked Up""}",2024-02-24,retail.order.shipment,6,70,2024/02/01 00:00:00.000,E2E-order-shipment-event
54a63c49-19a7-470b-8697-55ddaf8aad3c,"{""order_id"":""O100600"",""tracking_number"":""1Z32475116129873"",""carrier"":""USPS"",""status"":""IN_TRANSIT"",""status_ts"":""2024-02-26T14:09:00Z"",""location"":{""city"":""Atlanta"",""region"":""West""},""warehouse_id"":78,""notes"":""Status update: In Transit""}",2024-02-26,retail.order.shipment,6,71,2024/02/01 00:00:00.000,E2E-order-shipment-event
93530b0e-636f-4edd-ae2b-760ddede8034,"{""order_id"":""O100606"",""tracking_number"":""1Z62590848830235"",""carrier"":""USPS"",""status"":""LABEL_CREATED"",""status_ts"":""2024-02-09T08:23:00Z"",""location"":{""city"":""Denver"",""region"":""North""},""warehouse_id"":47,""notes"":""Status update: Label Created""}",2024-02-09,retail.order.shipment,4,77,2024/02/01 00:00:00.000,E2E-order-shipment-event
bd201a9f-3232-4d03-b779-1e571cd6e159,"{""order_id"":""O100606"",""tracking_number"":""1Z62590848830235"",""carrier"":""USPS"",""status"":""PICKED_UP"",""status_ts"":""2024-02-10T11:01:00Z"",""location"":{""city"":""Atlanta"",""region"":""South""},""warehouse_id"":47,""notes"":""Status update: Picked Up""}",2024-02-10,retail.order.shipment,4,78,2024/02/01 00:00:00.000,E2E-order-shipment-event
22b2ea88-b38b-4c89-92cd-66bd164377eb,"{""order_id"":""O100608"",""tracking_number"":""1Z27621970685073"",""carrier"":""UPS"",""status"":""LABEL_CREATED"",""status_ts"":""2024-02-27T08:32:00Z"",""location"":{""city"":""Seattle"",""region"":""North""},""warehouse_id"":54,""notes"":""Status update: Label Created""}",2024-02-27,retail.order.shipment,6,72,2024/02/01 00:00:00.000,E2E-order-shipment-event
639aaebb-4c24-436c-b43d-7fe587b32e65,"{""order_id"":""O100608"",""tracking_number"":""1Z27621970685073"",""carrier"":""UPS"",""status"":""PICKED_UP"",""status_ts"":""2024-02-29T11:29:00Z"",""location"":{""city"":""Seattle"",""region"":""East""},""warehouse_id"":54,""notes"":""Status update: Picked Up""}",2024-02-29,retail.order.shipment,6,73,2024/02/01 00:00:00.000,E2E-order-shipment-event
8b12c873-77c5-41d7-b5f4-f7b0ea00d1f1,"{""order_id"":""O100608"",""tracking_number"":""1Z27621970685073"",""carrier"":""UPS"",""status"":""IN_TRANSIT"",""status_ts"":""2024-03-04T14:05:00Z"",""location"":{""city"":""Denver"",""region"":""West""},""warehouse_id"":54,""notes"":""Status update: In Transit""}",2024-03-04,retail.order.shipment,6,74,2024/02/01 00:00:00.000,E2E-order-shipment-event
c6a80db4-f10d-4190-834c-cea090ac9942,"{""order_id"":""O100608"",""tracking_number"":""1Z27621970685073"",""carrier"":""UPS"",""status"":""OUT_FOR_DELIVERY"",""status_ts"":""2024-03-04T17:26:00Z"",""location"":{""city"":""Denver"",""region"":""South""},""warehouse_id"":54,""notes"":""Status update: Out For Delivery""}",2024-03-04,retail.order.shipment,6,75,2024/02/01 00:00:00.000,E2E-order-shipment-event
13f9bd85-1d3b-4351-8322-9f83dfd1060e,"{""order_id"":""O100608"",""tracking_number"":""1Z27621970685073"",""carrier"":""UPS"",""status"":""DELIVERED"",""status_ts"":""2024-03-04T08:58:00Z"",""location"":{""city"":""Atlanta"",""region"":""East""},""warehouse_id"":54,""notes"":""Status update: Delivered""}",2024-03-04,retail.order.shipment,6,76,2024/02/01 00:00:00.000,E2E-order-shipment-event
47456c11-c72d-4894-a5c5-8c047504234e,"{""order_id"":""O100609"",""tracking_number"":""1Z12434080107221"",""carrier"":""UPS"",""status"":""LABEL_CREATED"",""status_ts"":""2024-02-02T08:45:00Z"",""location"":{""city"":""Denver"",""region"":""North""},""warehouse_id"":17,""notes"":""Status update: Label Created""}",2024-02-02,retail.order.shipment,7,79,2024/02/01 00:00:00.000,E2E-order-shipment-event
fd8ade69-dc5e-4bb2-aa87-138aa0e4d960,"{""order_id"":""O100609"",""tracking_number"":""1Z12434080107221"",""carrier"":""UPS"",""status"":""PICKED_UP"",""status_ts"":""2024-02-05T11:30:00Z"",""location"":{""city"":""Atlanta"",""region"":""South""},""warehouse_id"":17,""notes"":""Status update: Picked Up""}",2024-02-05,retail.order.shipment,7,80,2024/02/01 00:00:00.000,E2E-order-shipment-event
1b48fba3-74eb-4dcb-a1a6-c0b70cd8c208,"{""order_id"":""O100609"",""tracking_number"":""1Z12434080107221"",""carrier"":""UPS"",""status"":""IN_TRANSIT"",""status_ts"":""2024-02-08T14:01:00Z"",""location"":{""city"":""Columbus"",""region"":""West""},""warehouse_id"":17,""notes"":""Status update: In Transit""}",2024-02-08,retail.order.shipment,7,81,2024/02/01 00:00:00.000,E2E-order-shipment-event
eed6b123-80c6-4283-b003-4148ff0be5bd,"{""order_id"":""O100609"",""tracking_number"":""1Z12434080107221"",""carrier"":""UPS"",""status"":""OUT_FOR_DELIVERY"",""status_ts"":""2024-02-08T17:43:00Z"",""location"":{""city"":""Atlanta"",""region"":""East""},""warehouse_id"":17,""notes"":""Status update: Out For Delivery""}",2024-02-08,retail.order.shipment,7,82,2024/02/01 00:00:00.000,E2E-order-shipment-event
72e22e16-b711-4488-a1d2-c7955a0258a7,"{""order_id"":""O100609"",""tracking_number"":""1Z12434080107221"",""carrier"":""UPS"",""status"":""DELIVERED"",""status_ts"":""2024-02-07T08:18:00Z"",""location"":{""city"":""Dallas"",""region"":""West""},""warehouse_id"":17,""notes"":""Status update: Delivered""}",2024-02-07,retail.order.shipment,7,83,2024/02/01 00:00:00.000,E2E-order-shipment-event
9079a108-197f-44bd-b3d6-16adca8c1b73,"{""order_id"":""O100611"",""tracking_number"":""1Z72127587416578"",""carrier"":""UPS"",""status"":""LABEL_CREATED"",""status_ts"":""2024-02-07T08:48:00Z"",""location"":{""city"":""Dallas"",""region"":""North""},""warehouse_id"":49,""notes"":""Status update: Label Created""}",2024-02-07,retail.order.shipment,0,51,2024/02/01 00:00:00.000,E2E-order-shipment-event
0466cb6b-6074-42d5-99b3-50c6787e919c,"{""order_id"":""O100611"",""tracking_number"":""1Z72127587416578"",""carrier"":""UPS"",""status"":""PICKED_UP"",""status_ts"":""2024-02-08T11:04:00Z"",""location"":{""city"":""Memphis"",""region"":""South""},""warehouse_id"":49,""notes"":""Status update: Picked Up""}",2024-02-08,retail.order.shipment,0,52,2024/02/01 00:00:00.000,E2E-order-shipment-event
5c6d93a1-eae8-48f7-9263-77ae3b7403f7,"{""order_id"":""O100611"",""tracking_number"":""1Z72127587416578"",""carrier"":""UPS"",""status"":""IN_TRANSIT"",""status_ts"":""2024-02-11T14:21:00Z"",""location"":{""city"":""Dallas"",""region"":""East""},""warehouse_id"":49,""notes"":""Status update: In Transit""}",2024-02-11,retail.order.shipment,0,53,2024/02/01 00:00:00.000,E2E-order-shipment-event
1d4d2e50-5316-4d88-8f07-f663dbd84769,"{""order_id"":""O100611"",""tracking_number"":""1Z72127587416578"",""carrier"":""UPS"",""status"":""OUT_FOR_DELIVERY"",""status_ts"":""2024-02-11T17:40:00Z"",""location"":{""city"":""Denver"",""region"":""North""},""warehouse_id"":49,""notes"":""Status update: Out For Delivery""}",2024-02-11,retail.order.shipment,0,54,2024/02/01 00:00:00.000,E2E-order-shipment-event
966ea207-5f4a-4af3-a3d3-0f67ef2205eb,"{""order_id"":""O100611"",""tracking_number"":""1Z72127587416578"",""carrier"":""UPS"",""status"":""DELIVERED"",""status_ts"":""2024-02-11T08:13:00Z"",""location"":{""city"":""Chicago"",""region"":""East""},""warehouse_id"":49,""notes"":""Status update: Delivered""}",2024-02-11,retail.order.shipment,0,55,2024/02/01 00:00:00.000,E2E-order-shipment-event
c9ad5312-6046-4be6-b484-d2cdbad90a43,"{""order_id"":""O100613"",""tracking_number"":""1Z62262644148310"",""carrier"":""UPS"",""status"":""LABEL_CREATED"",""status_ts"":""2024-02-02T08:17:00Z"",""location"":{""city"":""Denver"",""region"":""East""},""warehouse_id"":96,""notes"":""Status update: Label Created""}",2024-02-02,retail.order.shipment,2,97,2024/02/01 00:00:00.000,E2E-order-shipment-event
c7ac1851-a16e-4abd-90ef-459c1ca424f7,"{""order_id"":""O100613"",""tracking_number"":""1Z62262644148310"",""carrier"":""UPS"",""status"":""PICKED_UP"",""status_ts"":""2024-02-03T11:55:00Z"",""location"":{""city"":""Louisville"",""region"":""North""},""warehouse_id"":96,""notes"":""Status update: Picked Up""}",2024-02-03,retail.order.shipment,2,98,2024/02/01 00:00:00.000,E2E-order-shipment-event
25cbabc8-2529-4b35-bdd5-f1ccc4a22636,"{""order_id"":""O100613"",""tracking_number"":""1Z62262644148310"",""carrier"":""UPS"",""status"":""IN_TRANSIT"",""status_ts"":""2024-02-06T14:06:00Z"",""location"":{""city"":""Columbus"",""region"":""North""},""warehouse_id"":96,""notes"":""Status update: In Transit""}",2024-02-06,retail.order.shipment,2,99,2024/02/01 00:00:00.000,E2E-order-shipment-event
17a827cb-c8a1-4782-b377-e9562960dc6b,"{""order_id"":""O100613"",""tracking_number"":""1Z62262644148310"",""carrier"":""UPS"",""status"":""OUT_FOR_DELIVERY"",""status_ts"":""2024-02-06T17:12:00Z"",""location"":{""city"":""Atlanta"",""region"":""East""},""warehouse_id"":96,""notes"":""Status update: Out For Delivery""}",2024-02-06,retail.order.shipment,2,100,2024/02/01 00:00:00.000,E2E-order-shipment-event
974900f1-75cd-4c3b-a673-b07f8b1e9e7d,"{""order_id"":""O100613"",""tracking_number"":""1Z62262644148310"",""carrier"":""UPS"",""status"":""DELIVERED"",""status_ts"":""2024-02-05T08:35:00Z"",""location"":{""city"":""Denver"",""region"":""East""},""warehouse_id"":96,""notes"":""Status update: Delivered""}",2024-02-05,retail.order.shipment,2,101,2024/02/01 00:00:00.000,E2E-order-shipment-event
96d9ff35-efe7-4f9f-94c3-62d029993e84,"{""order_id"":""O100614"",""tracking_number"":""1Z42026759206479"",""carrier"":""DHL"",""status"":""EXCEPTION"",""status_ts"":""2024-02-09T08:49:00Z"",""location"":{""city"":""Columbus"",""region"":""East""},""warehouse_id"":36,""notes"":""Status update: Exception""}",2024-02-09,retail.order.shipment,3,83,2024/02/01 00:00:00.000,E2E-order-shipment-event
075ccf48-960d-4423-85cc-86e0c550be73,"{""order_id"":""O100615"",""tracking_number"":""1Z60452237980537"",""carrier"":""USPS"",""status"":""LABEL_CREATED"",""status_ts"":""2024-02-06T08:45:00Z"",""location"":{""city"":""Louisville"",""region"":""North""},""warehouse_id"":10,""notes"":""Status update: Label Created""}",2024-02-06,retail.order.shipment,4,79,2024/02/01 00:00:00.000,E2E-order-shipment-event
9c34807c-3388-4bb7-a03d-4d8bca77d0a4,"{""order_id"":""O100615"",""tracking_number"":""1Z60452237980537"",""carrier"":""USPS"",""status"":""PICKED_UP"",""status_ts"":""2024-02-09T11:20:00Z"",""location"":{""city"":""Chicago"",""region"":""South""},""warehouse_id"":10,""notes"":""Status update: Picked Up""}",2024-02-09,retail.order.shipment,4,80,2024/02/01 00:00:00.000,E2E-order-shipment-event
08bc31e1-3800-4eed-b227-645666fac325,"{""order_id"":""O100615"",""tracking_number"":""1Z60452237980537"",""carrier"":""USPS"",""status"":""IN_TRANSIT"",""status_ts"":""2024-02-12T14:41:00Z"",""location"":{""city"":""Columbus"",""region"":""West""},""warehouse_id"":10,""notes"":""Status update: In Transit""}",2024-02-12,retail.order.shipment,4,81,2024/02/01 00:00:00.000,E2E-order-shipment-event
bb6f9a91-66c6-400c-842a-94c46edd75b1,"{""order_id"":""O100618"",""tracking_number"":""1Z51601352168706"",""carrier"":""FEDEX"",""status"":""LABEL_CREATED"",""status_ts"":""2024-02-23T08:05:00Z"",""location"":{""city"":""Louisville"",""region"":""South""},""warehouse_id"":50,""notes"":""Status update: Label Created""}",2024-02-23,retail.order.shipment,7,84,2024/02/01 00:00:00.000,E2E-order-shipment-event
2c431b84-89b9-4aa2-ab93-d3dfc6fa7c44,"{""order_id"":""O100618"",""tracking_number"":""1Z51601352168706"",""carrier"":""FEDEX"",""status"":""PICKED_UP"",""status_ts"":""2024-02-26T11:10:00Z"",""location"":{""city"":""Atlanta"",""region"":""West""},""warehouse_id"":50,""notes"":""Status update: Picked Up""}",2024-02-26,retail.order.shipment,7,85,2024/02/01 00:00:00.000,E2E-order-shipment-event
426acbc9-2337-45f8-8f73-34c7909dd770,"{""order_id"":""O100618"",""tracking_number"":""1Z51601352168706"",""carrier"":""FEDEX"",""status"":""IN_TRANSIT"",""status_ts"":""2024-02-28T14:32:00Z"",""location"":{""city"":""Seattle"",""region"":""West""},""warehouse_id"":50,""notes"":""Status update: In Transit""}",2024-02-28,retail.order.shipment,7,86,2024/02/01 00:00:00.000,E2E-order-shipment-event
122d5741-60e7-4055-a58f-4a0e9e970dd0,"{""order_id"":""O100618"",""tracking_number"":""1Z51601352168706"",""carrier"":""FEDEX"",""status"":""OUT_FOR_DELIVERY"",""status_ts"":""2024-02-28T17:12:00Z"",""location"":{""city"":""Seattle"",""region"":""North""},""warehouse_id"":50,""notes"":""Status update: Out For Delivery""}",2024-02-28,retail.order.shipment,7,87,2024/02/01 00:00:00.000,E2E-order-shipment-event
01b172a6-6cca-4782-8907-9844eabc4118,"{""order_id"":""O100618"",""tracking_number"":""1Z51601352168706"",""carrier"":""FEDEX"",""status"":""DELIVERED"",""status_ts"":""2024-02-27T08:50:00Z"",""location"":{""city"":""Louisville"",""region"":""East""},""warehouse_id"":50,""notes"":""Status update: Delivered""}",2024-02-27,retail.order.shipment,7,88,2024/02/01 00:00:00.000,E2E-order-shipment-event
8f0bb63f-8142-4258-9b2e-fd08446c36ae,"{""order_id"":""O100621"",""tracking_number"":""1Z77525675422444"",""carrier"":""UPS"",""status"":""LABEL_CREATED"",""status_ts"":""2024-02-26T08:29:00Z"",""location"":{""city"":""Denver"",""region"":""South""},""warehouse_id"":3,""notes"":""Status update: Label Created""}",2024-02-26,retail.order.shipment,1,83,2024/02/01 00:00:00.000,E2E-order-shipment-event
5091bc16-939a-4aab-9cc5-2793b1d1ae59,"{""order_id"":""O100621"",""tracking_number"":""1Z77525675422444"",""carrier"":""UPS"",""status"":""PICKED_UP"",""status_ts"":""2024-02-27T11:19:00Z"",""location"":{""city"":""Denver"",""region"":""North""},""warehouse_id"":3,""notes"":""Status update: Picked Up""}",2024-02-27,retail.order.shipment,1,84,2024/02/01 00:00:00.000,E2E-order-shipment-event
171db83c-3b16-4e41-9ae5-539e4e994956,"{""order_id"":""O100621"",""tracking_number"":""1Z77525675422444"",""carrier"":""UPS"",""status"":""IN_TRANSIT"",""status_ts"":""2024-03-02T14:29:00Z"",""location"":{""city"":""Memphis"",""region"":""South""},""warehouse_id"":3,""notes"":""Status update: In Transit""}",2024-03-02,retail.order.shipment,1,85,2024/02/01 00:00:00.000,E2E-order-shipment-event
8d86ba8c-5aed-4c53-a2f8-21cc8d398f99,"{""order_id"":""O100627"",""tracking_number"":""1Z83093487023269"",""carrier"":""USPS"",""status"":""LABEL_CREATED"",""status_ts"":""2024-02-26T08:22:00Z"",""location"":{""city"":""Dallas"",""region"":""South""},""warehouse_id"":47,""notes"":""Status update: Label Created""}",2024-02-26,retail.order.shipment,7,89,2024/02/01 00:00:00.000,E2E-order-shipment-event
b8873411-637c-4eb0-9b47-4719659fa305,"{""order_id"":""O100627"",""tracking_number"":""1Z83093487023269"",""carrier"":""USPS"",""status"":""PICKED_UP"",""status_ts"":""2024-02-29T11:38:00Z"",""location"":{""city"":""Chicago"",""region"":""East""},""warehouse_id"":47,""notes"":""Status update: Picked Up""}",2024-02-29,retail.order.shipment,7,90,2024/02/01 00:00:00.000,E2E-order-shipment-event
6f1e513f-0b4e-456c-ad9d-aaeff52e6a8d,"{""order_id"":""O100627"",""tracking_number"":""1Z83093487023269"",""carrier"":""USPS"",""status"":""IN_TRANSIT"",""status_ts"":""2024-03-04T14:15:00Z"",""location"":{""city"":""Columbus"",""region"":""North""},""warehouse_id"":47,""notes"":""Status update: In Transit""}",2024-03-04,retail.order.shipment,7,91,2024/02/01 00:00:00.000,E2E-order-shipment-event
618bfaea-71ee-4daa-9aad-8e905d9d18a9,"{""order_id"":""O100627"",""tracking_number"":""1Z83093487023269"",""carrier"":""USPS"",""status"":""OUT_FOR_DELIVERY"",""status_ts"":""2024-03-04T17:25:00Z"",""location"":{""city"":""Memphis"",""region"":""South""},""warehouse_id"":47,""notes"":""Status update: Out For Delivery""}",2024-03-04,retail.order.shipment,7,92,2024/02/01 00:00:00.000,E2E-order-shipment-event
dea620c6-a262-4ca4-b233-b5f2bd9b0ca1,"{""order_id"":""O100627"",""tracking_number"":""1Z83093487023269"",""carrier"":""USPS"",""status"":""DELIVERED"",""status_ts"":""2024-03-04T08:52:00Z"",""location"":{""city"":""Chicago"",""region"":""South""},""warehouse_id"":47,""notes"":""Status update: Delivered""}",2024-03-04,retail.order.shipment,7,93,2024/02/01 00:00:00.000,E2E-order-shipment-event
306eef30-194f-4390-b50c-36b752c28d96,"{""order_id"":""O100628"",""tracking_number"":""1Z62785974796447"",""carrier"":""UPS"",""status"":""LABEL_CREATED"",""status_ts"":""2024-02-21T08:16:00Z"",""location"":{""city"":""Atlanta"",""region"":""North""},""warehouse_id"":30,""notes"":""Status update: Label Created""}",2024-02-21,retail.order.shipment,0,56,2024/02/01 00:00:00.000,E2E-order-shipment-event
48fae57a-1451-4b72-acf6-ee9124d46a71,"{""order_id"":""O100628"",""tracking_number"":""1Z62785974796447"",""carrier"":""UPS"",""status"":""PICKED_UP"",""status_ts"":""2024-02-24T11:02:00Z"",""location"":{""city"":""Columbus"",""region"":""West""},""warehouse_id"":30,""notes"":""Status update: Picked Up""}",2024-02-24,retail.order.shipment,0,57,2024/02/01 00:00:00.000,E2E-order-shipment-event
36bb5d54-aac5-4261-ac50-8e9ab45588d5,"{""order_id"":""O100628"",""tracking_number"":""1Z62785974796447"",""carrier"":""UPS"",""status"":""IN_TRANSIT"",""status_ts"":""2024-02-28T14:12:00Z"",""location"":{""city"":""Louisville"",""region"":""West""},""warehouse_id"":30,""notes"":""Status update: In Transit""}",2024-02-28,retail.order.shipment,0,58,2024/02/01 00:00:00.000,E2E-order-shipment-event
4575e2b4-6bf8-4ee7-8948-4ec1c23fb408,"{""order_id"":""O100630"",""tracking_number"":""1Z51562775472402"",""carrier"":""USPS"",""status"":""LABEL_CREATED"",""status_ts"":""2024-02-06T08:41:00Z"",""location"":{""city"":""Atlanta"",""region"":""East""},""warehouse_id"":45,""notes"":""Status update: Label Created""}",2024-02-06,retail.order.shipment,1,86,2024/02/01 00:00:00.000,E2E-order-shipment-event
7f59c53d-8ab6-4e01-b02e-20513237f893,"{""order_id"":""O100630"",""tracking_number"":""1Z51562775472402"",""carrier"":""USPS"",""status"":""PICKED_UP"",""status_ts"":""2024-02-09T11:55:00Z"",""location"":{""city"":""Atlanta"",""region"":""West""},""warehouse_id"":45,""notes"":""Status update: Picked Up""}",2024-02-09,retail.order.shipment,1,87,2024/02/01 00:00:00.000,E2E-order-shipment-event
818101e5-3607-4146-8062-afe207e43001,"{""order_id"":""O100630"",""tracking_number"":""1Z51562775472402"",""carrier"":""USPS"",""status"":""IN_TRANSIT"",""status_ts"":""2024-02-12T14:29:00Z"",""location"":{""city"":""Dallas"",""region"":""North""},""warehouse_id"":45,""notes"":""Status update: In Transit""}",2024-02-12,retail.order.shipment,1,88,2024/02/01 00:00:00.000,E2E-order-shipment-event
e033acab-8de5-4223-991b-add539882d45,"{""order_id"":""O100630"",""tracking_number"":""1Z51562775472402"",""carrier"":""USPS"",""status"":""OUT_FOR_DELIVERY"",""status_ts"":""2024-02-12T17:22:00Z"",""location"":{""city"":""Dallas"",""region"":""East""},""warehouse_id"":45,""notes"":""Status update: Out For Delivery""}",2024-02-12,retail.order.shipment,1,89,2024/02/01 00:00:00.000,E2E-order-shipment-event
6cae433f-d0c2-454f-8e8e-ff27e2315598,"{""order_id"":""O100630"",""tracking_number"":""1Z51562775472402"",""carrier"":""USPS"",""status"":""DELIVERED"",""status_ts"":""2024-02-11T08:48:00Z"",""location"":{""city"":""Chicago"",""region"":""South""},""warehouse_id"":45,""notes"":""Status update: Delivered""}",2024-02-11,retail.order.shipment,1,90,2024/02/01 00:00:00.000,E2E-order-shipment-event
2cc8dc09-9fc2-42a9-94e4-c0ac2f944a65,"{""order_id"":""O100634"",""tracking_number"":""1Z28303414770993"",""carrier"":""DHL"",""status"":""LABEL_CREATED"",""status_ts"":""2024-02-06T08:25:00Z"",""location"":{""city"":""Columbus"",""region"":""South""},""warehouse_id"":2,""notes"":""Status update: Label Created""}",2024-02-06,retail.order.shipment,5,68,2024/02/01 00:00:00.000,E2E-order-shipment-event
ee30271d-c771-49ee-ba11-eea3a6c02d69,"{""order_id"":""O100636"",""tracking_number"":""1Z99244466597033"",""carrier"":""UPS"",""status"":""LABEL_CREATED"",""status_ts"":""2024-02-15T08:36:00Z"",""location"":{""city"":""Denver"",""region"":""West""},""warehouse_id"":67,""notes"":""Status update: Label Created""}",2024-02-15,retail.order.shipment,7,94,2024/02/01 00:00:00.000,E2E-order-shipment-event
b361f86c-dc94-461a-abd4-15025964f7ad,"{""order_id"":""O100636"",""tracking_number"":""1Z99244466597033"",""carrier"":""UPS"",""status"":""PICKED_UP"",""status_ts"":""2024-02-16T11:25:00Z"",""location"":{""city"":""Louisville"",""region"":""North""},""warehouse_id"":67,""notes"":""Status update: Picked Up""}",2024-02-16,retail.order.shipment,7,95,2024/02/01 00:00:00.000,E2E-order-shipment-event
22c37463-d7fd-4d8c-b612-cbde4e909b29,"{""order_id"":""O100636"",""tracking_number"":""1Z99244466597033"",""carrier"":""UPS"",""status"":""IN_TRANSIT"",""status_ts"":""2024-02-19T14:52:00Z"",""location"":{""city"":""Atlanta"",""region"":""South""},""warehouse_id"":67,""notes"":""Status update: In Transit""}",2024-02-19,retail.order.shipment,7,96,2024/02/01 00:00:00.000,E2E-order-shipment-event
be4e9ea1-ffdb-4b4f-804d-05c2b5487117,"{""order_id"":""O100638"",""tracking_number"":""1Z12652767513556"",""carrier"":""DHL"",""status"":""EXCEPTION"",""status_ts"":""2024-02-09T08:04:00Z"",""location"":{""city"":""Denver"",""region"":""South""},""warehouse_id"":80,""notes"":""Status update: Exception""}",2024-02-09,retail.order.shipment,1,91,2024/02/01 00:00:00.000,E2E-order-shipment-event
f4e91dfd-63ce-4f08-b3d7-aaf64c26ecb9,"{""order_id"":""O100640"",""tracking_number"":""1Z69605599262704"",""carrier"":""UPS"",""status"":""LABEL_CREATED"",""status_ts"":""2024-02-28T08:49:00Z"",""location"":{""city"":""Chicago"",""region"":""South""},""warehouse_id"":29,""notes"":""Status update: Label Created""}",2024-02-28,retail.order.shipment,2,102,2024/02/01 00:00:00.000,E2E-order-shipment-event
e4a60346-9bb7-4d84-8854-bd881c8a7551,"{""order_id"":""O100642"",""tracking_number"":""1Z45617438581581"",""carrier"":""DHL"",""status"":""LABEL_CREATED"",""status_ts"":""2024-02-23T08:10:00Z"",""location"":{""city"":""Columbus"",""region"":""North""},""warehouse_id"":70,""notes"":""Status update: Label Created""}",2024-02-23,retail.order.shipment,4,82,2024/02/01 00:00:00.000,E2E-order-shipment-event
516cedf5-b675-45a9-9b63-36810b8a1e1e,"{""order_id"":""O100642"",""tracking_number"":""1Z45617438581581"",""carrier"":""DHL"",""status"":""PICKED_UP"",""status_ts"":""2024-02-25T11:44:00Z"",""location"":{""city"":""Dallas"",""region"":""North""},""warehouse_id"":70,""notes"":""Status update: Picked Up""}",2024-02-25,retail.order.shipment,4,83,2024/02/01 00:00:00.000,E2E-order-shipment-event
7e1b1ead-cd6c-453c-b02b-30f9833f18e6,"{""order_id"":""O100642"",""tracking_number"":""1Z45617438581581"",""carrier"":""DHL"",""status"":""IN_TRANSIT"",""status_ts"":""2024-02-29T14:40:00Z"",""location"":{""city"":""Dallas"",""region"":""West""},""warehouse_id"":70,""notes"":""Status update: In Transit""}",2024-02-29,retail.order.shipment,4,84,2024/02/01 00:00:00.000,E2E-order-shipment-event
c825a33a-50c3-4c1d-b7e3-39414166167a,"{""order_id"":""O100642"",""tracking_number"":""1Z45617438581581"",""carrier"":""DHL"",""status"":""OUT_FOR_DELIVERY"",""status_ts"":""2024-02-29T17:26:00Z"",""location"":{""city"":""Seattle"",""region"":""North""},""warehouse_id"":70,""notes"":""Status update: Out For Delivery""}",2024-02-29,retail.order.shipment,4,85,2024/02/01 00:00:00.000,E2E-order-shipment-event
72f73d72-942b-4fc7-a0a4-5b6d6437cdec,"{""order_id"":""O100642"",""tracking_number"":""1Z45617438581581"",""carrier"":""DHL"",""status"":""DELIVERED"",""status_ts"":""2024-03-01T08:03:00Z"",""location"":{""city"":""Columbus"",""region"":""West""},""warehouse_id"":70,""notes"":""Status update: Delivered""}",2024-03-01,retail.order.shipment,4,86,2024/02/01 00:00:00.000,E2E-order-shipment-event
c08d66e8-8550-4845-9b05-0e6d27cbb2f1,"{""order_id"":""O100645"",""tracking_number"":""1Z96482491045158"",""carrier"":""USPS"",""status"":""LABEL_CREATED"",""status_ts"":""2024-02-26T08:44:00Z"",""location"":{""city"":""Columbus"",""region"":""West""},""warehouse_id"":63,""notes"":""Status update: Label Created""}",2024-02-26,retail.order.shipment,7,97,2024/02/01 00:00:00.000,E2E-order-shipment-event
52514418-465d-49d4-ae92-2f7416bc1ca0,"{""order_id"":""O100645"",""tracking_number"":""1Z96482491045158"",""carrier"":""USPS"",""status"":""PICKED_UP"",""status_ts"":""2024-02-29T11:18:00Z"",""location"":{""city"":""Louisville"",""region"":""South""},""warehouse_id"":63,""notes"":""Status update: Picked Up""}",2024-02-29,retail.order.shipment,7,98,2024/02/01 00:00:00.000,E2E-order-shipment-event
574b2684-2dad-4b05-9bff-6a4514649449,"{""order_id"":""O100646"",""tracking_number"":""1Z46169179942309"",""carrier"":""UPS"",""status"":""LABEL_CREATED"",""status_ts"":""2024-02-21T08:35:00Z"",""location"":{""city"":""Denver"",""region"":""East""},""warehouse_id"":3,""notes"":""Status update: Label Created""}",2024-02-21,retail.order.shipment,0,59,2024/02/01 00:00:00.000,E2E-order-shipment-event
9379097a-8c09-4a4d-8d6c-d73b5d8031e0,"{""order_id"":""O100646"",""tracking_number"":""1Z46169179942309"",""carrier"":""UPS"",""status"":""PICKED_UP"",""status_ts"":""2024-02-23T11:27:00Z"",""location"":{""city"":""Memphis"",""region"":""South""},""warehouse_id"":3,""notes"":""Status update: Picked Up""}",2024-02-23,retail.order.shipment,0,60,2024/02/01 00:00:00.000,E2E-order-shipment-event
725b3177-debd-438d-97f0-9d941b819abf,"{""order_id"":""O100646"",""tracking_number"":""1Z46169179942309"",""carrier"":""UPS"",""status"":""IN_TRANSIT"",""status_ts"":""2024-02-27T14:23:00Z"",""location"":{""city"":""Memphis"",""region"":""West""},""warehouse_id"":3,""notes"":""Status update: In Transit""}",2024-02-27,retail.order.shipment,0,61,2024/02/01 00:00:00.000,E2E-order-shipment-event
7a0634ce-63a6-461f-b6ea-defbf89029da,"{""order_id"":""O100647"",""tracking_number"":""1Z46820624237092"",""carrier"":""USPS"",""status"":""LABEL_CREATED"",""status_ts"":""2024-02-09T08:24:00Z"",""location"":{""city"":""Memphis"",""region"":""North""},""warehouse_id"":64,""notes"":""Status update: Label Created""}",2024-02-09,retail.order.shipment,1,92,2024/02/01 00:00:00.000,E2E-order-shipment-event
404d5526-70de-4e13-89da-2ca1657f6137,"{""order_id"":""O100647"",""tracking_number"":""1Z46820624237092"",""carrier"":""USPS"",""status"":""PICKED_UP"",""status_ts"":""2024-02-11T11:44:00Z"",""location"":{""city"":""Seattle"",""region"":""South""},""warehouse_id"":64,""notes"":""Status update: Picked Up""}",2024-02-11,retail.order.shipment,1,93,2024/02/01 00:00:00.000,E2E-order-shipment-event
c590c04a-273d-462a-a8d1-ee736b33d1b4,"{""order_id"":""O100647"",""tracking_number"":""1Z46820624237092"",""carrier"":""USPS"",""status"":""IN_TRANSIT"",""status_ts"":""2024-02-14T14:36:00Z"",""location"":{""city"":""Dallas"",""region"":""South""},""warehouse_id"":64,""notes"":""Status update: In Transit""}",2024-02-14,retail.order.shipment,1,94,2024/02/01 00:00:00.000,E2E-order-shipment-event
4c91d495-fde6-4835-8718-5661c3faefdc,"{""order_id"":""O100649"",""tracking_number"":""1Z38665916619547"",""carrier"":""USPS"",""status"":""EXCEPTION"",""status_ts"":""2024-02-26T08:35:00Z"",""location"":{""city"":""Seattle"",""region"":""North""},""warehouse_id"":92,""notes"":""Status update: Exception""}",2024-02-26,retail.order.shipment,3,84,2024/02/01 00:00:00.000,E2E-order-shipment-event
95129106-fedf-4e09-a044-b1e4a0f2c703,"{""order_id"":""O100650"",""tracking_number"":""1Z87728112681344"",""carrier"":""DHL"",""status"":""LABEL_CREATED"",""status_ts"":""2024-02-23T08:40:00Z"",""location"":{""city"":""Seattle"",""region"":""South""},""warehouse_id"":91,""notes"":""Status update: Label Created""}",2024-02-23,retail.order.shipment,3,85,2024/02/01 00:00:00.000,E2E-order-shipment-event
9527afbe-bfda-4a0b-a2d5-432c3f161fab,"{""order_id"":""O100650"",""tracking_number"":""1Z87728112681344"",""carrier"":""DHL"",""status"":""PICKED_UP"",""status_ts"":""2024-02-26T11:31:00Z"",""location"":{""city"":""Chicago"",""region"":""North""},""warehouse_id"":91,""notes"":""Status update: Picked Up""}",2024-02-26,retail.order.shipment,3,86,2024/02/01 00:00:00.000,E2E-order-shipment-event
d5bbccd7-b1e4-42a0-be0c-8f853fdfbd65,"{""order_id"":""O100650"",""tracking_number"":""1Z87728112681344"",""carrier"":""DHL"",""status"":""IN_TRANSIT"",""status_ts"":""2024-02-29T14:21:00Z"",""location"":{""city"":""Chicago"",""region"":""East""},""warehouse_id"":91,""notes"":""Status update: In Transit""}",2024-02-29,retail.order.shipment,3,87,2024/02/01 00:00:00.000,E2E-order-shipment-event
88cd616e-19aa-4438-8681-205d7149cb93,"{""order_id"":""O100650"",""tracking_number"":""1Z87728112681344"",""carrier"":""DHL"",""status"":""OUT_FOR_DELIVERY"",""status_ts"":""2024-02-29T17:52:00Z"",""location"":{""city"":""Seattle"",""region"":""West""},""warehouse_id"":91,""notes"":""Status update: Out For Delivery""}",2024-02-29,retail.order.shipment,3,88,2024/02/01 00:00:00.000,E2E-order-shipment-event
3df4bc7c-d5b0-448f-96a3-fb53940a6a77,"{""order_id"":""O100650"",""tracking_number"":""1Z87728112681344"",""carrier"":""DHL"",""status"":""DELIVERED"",""status_ts"":""2024-02-28T08:57:00Z"",""location"":{""city"":""Denver"",""region"":""South""},""warehouse_id"":91,""notes"":""Status update: Delivered""}",2024-02-28,retail.order.shipment,3,89,2024/02/01 00:00:00.000,E2E-order-shipment-event
4fc6c65a-68ae-46ba-99f0-9d6bc78ae30d,"{""order_id"":""O100656"",""tracking_number"":""1Z18702844099149"",""carrier"":""DHL"",""status"":""LABEL_CREATED"",""status_ts"":""2024-02-10T08:34:00Z"",""location"":{""city"":""Dallas"",""region"":""West""},""warehouse_id"":84,""notes"":""Status update: Label Created""}",2024-02-10,retail.order.shipment,1,95,2024/02/01 00:00:00.000,E2E-order-shipment-event
8c1a28b4-21b2-4bb9-a1b9-61912bb9c2f5,"{""order_id"":""O100656"",""tracking_number"":""1Z18702844099149"",""carrier"":""DHL"",""status"":""PICKED_UP"",""status_ts"":""2024-02-13T11:17:00Z"",""location"":{""city"":""Dallas"",""region"":""North""},""warehouse_id"":84,""notes"":""Status update: Picked Up""}",2024-02-13,retail.order.shipment,1,96,2024/02/01 00:00:00.000,E2E-order-shipment-event
2490f013-17ec-4ada-a6cb-289a77776f42,"{""order_id"":""O100656"",""tracking_number"":""1Z18702844099149"",""carrier"":""DHL"",""status"":""IN_TRANSIT"",""status_ts"":""2024-02-15T14:06:00Z"",""location"":{""city"":""Memphis"",""region"":""West""},""warehouse_id"":84,""notes"":""Status update: In Transit""}",2024-02-15,retail.order.shipment,1,97,2024/02/01 00:00:00.000,E2E-order-shipment-event
95fc37d4-8218-49d6-8048-5bfa6e2b9501,"{""order_id"":""O100656"",""tracking_number"":""1Z18702844099149"",""carrier"":""DHL"",""status"":""OUT_FOR_DELIVERY"",""status_ts"":""2024-02-15T17:04:00Z"",""location"":{""city"":""Louisville"",""region"":""North""},""warehouse_id"":84,""notes"":""Status update: Out For Delivery""}",2024-02-15,retail.order.shipment,1,98,2024/02/01 00:00:00.000,E2E-order-shipment-event
7eef33ba-ae28-4370-9965-842e26734430,"{""order_id"":""O100657"",""tracking_number"":""1Z65992788217927"",""carrier"":""FEDEX"",""status"":""EXCEPTION"",""status_ts"":""2024-02-27T08:19:00Z"",""location"":{""city"":""Columbus"",""region"":""West""},""warehouse_id"":2,""notes"":""Status update: Exception""}",2024-02-27,retail.order.shipment,2,103,2024/02/01 00:00:00.000,E2E-order-shipment-event
38ac76be-bc8a-43dc-b681-e3c2899f0d6c,"{""order_id"":""O100658"",""tracking_number"":""1Z60941529465425"",""carrier"":""DHL"",""status"":""LABEL_CREATED"",""status_ts"":""2024-02-15T08:33:00Z"",""location"":{""city"":""Memphis"",""region"":""East""},""warehouse_id"":62,""notes"":""Status update: Label Created""}",2024-02-15,retail.order.shipment,3,90,2024/02/01 00:00:00.000,E2E-order-shipment-event
3d108ebb-5d5b-48fd-8d56-946e464fdec7,"{""order_id"":""O100658"",""tracking_number"":""1Z60941529465425"",""carrier"":""DHL"",""status"":""PICKED_UP"",""status_ts"":""2024-02-16T11:36:00Z"",""location"":{""city"":""Louisville"",""region"":""East""},""warehouse_id"":62,""notes"":""Status update: Picked Up""}",2024-02-16,retail.order.shipment,3,91,2024/02/01 00:00:00.000,E2E-order-shipment-event
c263d0f7-c703-4c92-a5f0-c837204d36cf,"{""order_id"":""O100658"",""tracking_number"":""1Z60941529465425"",""carrier"":""DHL"",""status"":""IN_TRANSIT"",""status_ts"":""2024-02-20T14:08:00Z"",""location"":{""city"":""Memphis"",""region"":""East""},""warehouse_id"":62,""notes"":""Status update: In Transit""}",2024-02-20,retail.order.shipment,3,92,2024/02/01 00:00:00.000,E2E-order-shipment-event
ca8dd170-1823-49d1-8b03-ecc52558426a,"{""order_id"":""O100658"",""tracking_number"":""1Z60941529465425"",""carrier"":""DHL"",""status"":""OUT_FOR_DELIVERY"",""status_ts"":""2024-02-20T17:43:00Z"",""location"":{""city"":""Chicago"",""region"":""East""},""warehouse_id"":62,""notes"":""Status update: Out For Delivery""}",2024-02-20,retail.order.shipment,3,93,2024/02/01 00:00:00.000,E2E-order-shipment-event
ebe55fff-6447-4251-8b2d-53e6940c89d8,"{""order_id"":""O100658"",""tracking_number"":""1Z60941529465425"",""carrier"":""DHL"",""status"":""DELIVERED"",""status_ts"":""2024-02-20T08:02:00Z"",""location"":{""city"":""Memphis"",""region"":""North""},""warehouse_id"":62,""notes"":""Status update: Delivered""}",2024-02-20,retail.order.shipment,3,94,2024/02/01 00:00:00.000,E2E-order-shipment-event
7f8a79eb-367f-4914-9b24-76285968aeaf,"{""order_id"":""O100659"",""tracking_number"":""1Z77722984888435"",""carrier"":""DHL"",""status"":""LABEL_CREATED"",""status_ts"":""2024-02-17T08:43:00Z"",""location"":{""city"":""Louisville"",""region"":""North""},""warehouse_id"":71,""notes"":""Status update: Label Created""}",2024-02-17,retail.order.shipment,4,87,2024/02/01 00:00:00.000,E2E-order-shipment-event
f01bcfd1-feb0-4197-85d9-86d2f0195c26,"{""order_id"":""O100659"",""tracking_number"":""1Z77722984888435"",""carrier"":""DHL"",""status"":""PICKED_UP"",""status_ts"":""2024-02-18T11:57:00Z"",""location"":{""city"":""Memphis"",""region"":""North""},""warehouse_id"":71,""notes"":""Status update: Picked Up""}",2024-02-18,retail.order.shipment,4,88,2024/02/01 00:00:00.000,E2E-order-shipment-event
daffcce7-2edb-445d-962c-23ba8ac6f98f,"{""order_id"":""O100659"",""tracking_number"":""1Z77722984888435"",""carrier"":""DHL"",""status"":""IN_TRANSIT"",""status_ts"":""2024-02-22T14:37:00Z"",""location"":{""city"":""Memphis"",""region"":""South""},""warehouse_id"":71,""notes"":""Status update: In Transit""}",2024-02-22,retail.order.shipment,4,89,2024/02/01 00:00:00.000,E2E-order-shipment-event
2231ebcb-8832-4adc-a2dd-dc26e121f44b,"{""order_id"":""O100659"",""tracking_number"":""1Z77722984888435"",""carrier"":""DHL"",""status"":""OUT_FOR_DELIVERY"",""status_ts"":""2024-02-22T17:20:00Z"",""location"":{""city"":""Columbus"",""region"":""North""},""warehouse_id"":71,""notes"":""Status update: Out For Delivery""}",2024-02-22,retail.order.shipment,4,90,2024/02/01 00:00:00.000,E2E-order-shipment-event
4b62389b-2fa6-4781-9997-a89aed3cceb9,"{""order_id"":""O100659"",""tracking_number"":""1Z77722984888435"",""carrier"":""DHL"",""status"":""DELIVERED"",""status_ts"":""2024-02-22T08:18:00Z"",""location"":{""city"":""Seattle"",""region"":""North""},""warehouse_id"":71,""notes"":""Status update: Delivered""}",2024-02-22,retail.order.shipment,4,91,2024/02/01 00:00:00.000,E2E-order-shipment-event
920dd1f7-5c81-40fe-83cc-0bd300db8e06,"{""order_id"":""O100660"",""tracking_number"":""1Z38127566313379"",""carrier"":""DHL"",""status"":""LABEL_CREATED"",""status_ts"":""2024-02-19T08:06:00Z"",""location"":{""city"":""Atlanta"",""region"":""South""},""warehouse_id"":63,""notes"":""Status update: Label Created""}",2024-02-19,retail.order.shipment,4,92,2024/02/01 00:00:00.000,E2E-order-shipment-event
5818f0db-79f2-47aa-a2d9-2b7b1e4ff5e3,"{""order_id"":""O100660"",""tracking_number"":""1Z38127566313379"",""carrier"":""DHL"",""status"":""PICKED_UP"",""status_ts"":""2024-02-21T11:49:00Z"",""location"":{""city"":""Memphis"",""region"":""North""},""warehouse_id"":63,""notes"":""Status update: Picked Up""}",2024-02-21,retail.order.shipment,4,93,2024/02/01 00:00:00.000,E2E-order-shipment-event
6a703a01-e336-464d-b047-94d8cab237bd,"{""order_id"":""O100660"",""tracking_number"":""1Z38127566313379"",""carrier"":""DHL"",""status"":""IN_TRANSIT"",""status_ts"":""2024-02-24T14:23:00Z"",""location"":{""city"":""Chicago"",""region"":""North""},""warehouse_id"":63,""notes"":""Status update: In Transit""}",2024-02-24,retail.order.shipment,4,94,2024/02/01 00:00:00.000,E2E-order-shipment-event
79462068-86b2-4020-8c52-072ea5db1604,"{""order_id"":""O100660"",""tracking_number"":""1Z38127566313379"",""carrier"":""DHL"",""status"":""OUT_FOR_DELIVERY"",""status_ts"":""2024-02-24T17:10:00Z"",""location"":{""city"":""Dallas"",""region"":""South""},""warehouse_id"":63,""notes"":""Status update: Out For Delivery""}",2024-02-24,retail.order.shipment,4,95,2024/02/01 00:00:00.000,E2E-order-shipment-event
c3119995-5c90-4a4f-92fa-b35a2247d9d5,"{""order_id"":""O100660"",""tracking_number"":""1Z38127566313379"",""carrier"":""DHL"",""status"":""DELIVERED"",""status_ts"":""2024-02-23T08:12:00Z"",""location"":{""city"":""Denver"",""region"":""West""},""warehouse_id"":63,""notes"":""Status update: Delivered""}",2024-02-23,retail.order.shipment,4,96,2024/02/01 00:00:00.000,E2E-order-shipment-event
ea1debc8-816e-4b96-9893-1546aa867f9a,"{""order_id"":""O100662"",""tracking_number"":""1Z48273910140580"",""carrier"":""FEDEX"",""status"":""LABEL_CREATED"",""status_ts"":""2024-02-11T08:58:00Z"",""location"":{""city"":""Chicago"",""region"":""West""},""warehouse_id"":73,""notes"":""Status update: Label Created""}",2024-02-11,retail.order.shipment,6,77,2024/02/01 00:00:00.000,E2E-order-shipment-event
09bdd74f-1dc8-499f-bc9c-1ae436bf22de,"{""order_id"":""O100662"",""tracking_number"":""1Z48273910140580"",""carrier"":""FEDEX"",""status"":""PICKED_UP"",""status_ts"":""2024-02-13T11:06:00Z"",""location"":{""city"":""Memphis"",""region"":""West""},""warehouse_id"":73,""notes"":""Status update: Picked Up""}",2024-02-13,retail.order.shipment,6,78,2024/02/01 00:00:00.000,E2E-order-shipment-event
0fd9beba-2779-4d9b-a7a9-817b5ec73309,"{""order_id"":""O100662"",""tracking_number"":""1Z48273910140580"",""carrier"":""FEDEX"",""status"":""IN_TRANSIT"",""status_ts"":""2024-02-17T14:34:00Z"",""location"":{""city"":""Dallas"",""region"":""South""},""warehouse_id"":73,""notes"":""Status update: In Transit""}",2024-02-17,retail.order.shipment,6,79,2024/02/01 00:00:00.000,E2E-order-shipment-event
4c732335-2e77-4994-b7e2-03f37e1ef774,"{""order_id"":""O100664"",""tracking_number"":""1Z32577878895212"",""carrier"":""UPS"",""status"":""LABEL_CREATED"",""status_ts"":""2024-02-13T08:21:00Z"",""location"":{""city"":""Chicago"",""region"":""North""},""warehouse_id"":50,""notes"":""Status update: Label Created""}",2024-02-13,retail.order.shipment,0,62,2024/02/01 00:00:00.000,E2E-order-shipment-event
39cb9ec1-cdb8-41d5-9f7a-57bff505f56d,"{""order_id"":""O100664"",""tracking_number"":""1Z32577878895212"",""carrier"":""UPS"",""status"":""PICKED_UP"",""status_ts"":""2024-02-14T11:55:00Z"",""location"":{""city"":""Memphis"",""region"":""South""},""warehouse_id"":50,""notes"":""Status update: Picked Up""}",2024-02-14,retail.order.shipment,0,63,2024/02/01 00:00:00.000,E2E-order-shipment-event
4974fbae-dd4d-4328-8eed-327e0e5bca6d,"{""order_id"":""O100664"",""tracking_number"":""1Z32577878895212"",""carrier"":""UPS"",""status"":""IN_TRANSIT"",""status_ts"":""2024-02-17T14:19:00Z"",""location"":{""city"":""Louisville"",""region"":""East""},""warehouse_id"":50,""notes"":""Status update: In Transit""}",2024-02-17,retail.order.shipment,0,64,2024/02/01 00:00:00.000,E2E-order-shipment-event
7584bd59-5ab8-4907-9350-bca39fdb74e4,"{""order_id"":""O100664"",""tracking_number"":""1Z32577878895212"",""carrier"":""UPS"",""status"":""OUT_FOR_DELIVERY"",""status_ts"":""2024-02-17T17:19:00Z"",""location"":{""city"":""Denver"",""region"":""South""},""warehouse_id"":50,""notes"":""Status update: Out For Delivery""}",2024-02-17,retail.order.shipment,0,65,2024/02/01 00:00:00.000,E2E-order-shipment-event
758caa06-7344-4430-bc59-53bb3d95cfc4,"{""order_id"":""O100667"",""tracking_number"":""1Z78357999370961"",""carrier"":""DHL"",""status"":""LABEL_CREATED"",""status_ts"":""2024-02-01T08:24:00Z"",""location"":{""city"":""Chicago"",""region"":""South""},""warehouse_id"":59,""notes"":""Status update: Label Created""}",2024-02-01,retail.order.shipment,3,95,2024/02/01 00:00:00.000,E2E-order-shipment-event
ec4e6635-e69e-486f-9f40-2ac2c66916c4,"{""order_id"":""O100667"",""tracking_number"":""1Z78357999370961"",""carrier"":""DHL"",""status"":""PICKED_UP"",""status_ts"":""2024-02-04T11:24:00Z"",""location"":{""city"":""Seattle"",""region"":""North""},""warehouse_id"":59,""notes"":""Status update: Picked Up""}",2024-02-04,retail.order.shipment,3,96,2024/02/01 00:00:00.000,E2E-order-shipment-event
7037fe44-cc23-46fa-af30-84f239ae23d9,"{""order_id"":""O100667"",""tracking_number"":""1Z78357999370961"",""carrier"":""DHL"",""status"":""IN_TRANSIT"",""status_ts"":""2024-02-08T14:25:00Z"",""location"":{""city"":""Louisville"",""region"":""South""},""warehouse_id"":59,""notes"":""Status update: In Transit""}",2024-02-08,retail.order.shipment,3,97,2024/02/01 00:00:00.000,E2E-order-shipment-event
ed8330f2-7809-463c-894f-81a386521de0,"{""order_id"":""O100669"",""tracking_number"":""1Z67157162329404"",""carrier"":""UPS"",""status"":""LABEL_CREATED"",""status_ts"":""2024-02-15T08:40:00Z"",""location"":{""city"":""Memphis"",""region"":""West""},""warehouse_id"":21,""notes"":""Status update: Label Created""}",2024-02-15,retail.order.shipment,5,69,2024/02/01 00:00:00.000,E2E-order-shipment-event
17484682-909f-495d-8d51-331ead4b6122,"{""order_id"":""O100671"",""tracking_number"":""1Z45427197472319"",""carrier"":""FEDEX"",""status"":""LABEL_CREATED"",""status_ts"":""2024-02-22T08:50:00Z"",""location"":{""city"":""Memphis"",""region"":""East""},""warehouse_id"":91,""notes"":""Status update: Label Created""}",2024-02-22,retail.order.shipment,6,80,2024/02/01 00:00:00.000,E2E-order-shipment-event
9299b458-e741-4bf7-9ff4-9d306d5119d3,"{""order_id"":""O100672"",""tracking_number"":""1Z89447160840721"",""carrier"":""USPS"",""status"":""LABEL_CREATED"",""status_ts"":""2024-02-23T08:57:00Z"",""location"":{""city"":""Seattle"",""region"":""West""},""warehouse_id"":13,""notes"":""Status update: Label Created""}",2024-02-23,retail.order.shipment,7,99,2024/02/01 00:00:00.000,E2E-order-shipment-event
956d89bc-ffa7-4c5f-9cdf-920e96d8ce7d,"{""order_id"":""O100672"",""tracking_number"":""1Z89447160840721"",""carrier"":""USPS"",""status"":""PICKED_UP"",""status_ts"":""2024-02-24T11:42:00Z"",""location"":{""city"":""Louisville"",""region"":""East""},""warehouse_id"":13,""notes"":""Status update: Picked Up""}",2024-02-24,retail.order.shipment,7,100,2024/02/01 00:00:00.000,E2E-order-shipment-event
5bea1d20-a434-43d7-8296-88cc06d66ef4,"{""order_id"":""O100672"",""tracking_number"":""1Z89447160840721"",""carrier"":""USPS"",""status"":""IN_TRANSIT"",""status_ts"":""2024-02-27T14:02:00Z"",""location"":{""city"":""Seattle"",""region"":""West""},""warehouse_id"":13,""notes"":""Status update: In Transit""}",2024-02-27,retail.order.shipment,7,101,2024/02/01 00:00:00.000,E2E-order-shipment-event
9d6884c8-2c1b-4932-9f66-3fbfe6303ecc,"{""order_id"":""O100675"",""tracking_number"":""1Z69910719976212"",""carrier"":""UPS"",""status"":""LABEL_CREATED"",""status_ts"":""2024-02-12T08:00:00Z"",""location"":{""city"":""Atlanta"",""region"":""North""},""warehouse_id"":34,""notes"":""Status update: Label Created""}",2024-02-12,retail.order.shipment,2,104,2024/02/01 00:00:00.000,E2E-order-shipment-event
d7f2d9b2-bdde-4c0a-a87e-bcf221908434,"{""order_id"":""O100675"",""tracking_number"":""1Z69910719976212"",""carrier"":""UPS"",""status"":""PICKED_UP"",""status_ts"":""2024-02-15T11:43:00Z"",""location"":{""city"":""Chicago"",""region"":""South""},""warehouse_id"":34,""notes"":""Status update: Picked Up""}",2024-02-15,retail.order.shipment,2,105,2024/02/01 00:00:00.000,E2E-order-shipment-event
1a12e1f6-a046-4a47-a905-fcfc3ca8028d,"{""order_id"":""O100676"",""tracking_number"":""1Z81347890226419"",""carrier"":""USPS"",""status"":""EXCEPTION"",""status_ts"":""2024-02-07T08:58:00Z"",""location"":{""city"":""Columbus"",""region"":""East""},""warehouse_id"":79,""notes"":""Status update: Exception""}",2024-02-07,retail.order.shipment,3,98,2024/02/01 00:00:00.000,E2E-order-shipment-event
b9de84c5-91ca-4c36-b57e-02534cdbaf5c,"{""order_id"":""O100681"",""tracking_number"":""1Z82686189674540"",""carrier"":""USPS"",""status"":""LABEL_CREATED"",""status_ts"":""2024-02-02T08:29:00Z"",""location"":{""city"":""Chicago"",""region"":""East""},""warehouse_id"":96,""notes"":""Status update: Label Created""}",2024-02-02,retail.order.shipment,7,102,2024/02/01 00:00:00.000,E2E-order-shipment-event
cc265a72-bf94-4463-a811-f53f4367e4b2,"{""order_id"":""O100681"",""tracking_number"":""1Z82686189674540"",""carrier"":""USPS"",""status"":""PICKED_UP"",""status_ts"":""2024-02-03T11:56:00Z"",""location"":{""city"":""Denver"",""region"":""East""},""warehouse_id"":96,""notes"":""Status update: Picked Up""}",2024-02-03,retail.order.shipment,7,103,2024/02/01 00:00:00.000,E2E-order-shipment-event
4d0d8760-9b94-4b17-89ed-fc132baecfa4,"{""order_id"":""O100682"",""tracking_number"":""1Z25725999472040"",""carrier"":""USPS"",""status"":""EXCEPTION"",""status_ts"":""2024-02-12T08:13:00Z"",""location"":{""city"":""Memphis"",""region"":""East""},""warehouse_id"":62,""notes"":""Status update: Exception""}",2024-02-12,retail.order.shipment,0,66,2024/02/01 00:00:00.000,E2E-order-shipment-event
833481aa-87ee-4075-9795-bafbcf965388,"{""order_id"":""O100685"",""tracking_number"":""1Z16499499255953"",""carrier"":""USPS"",""status"":""LABEL_CREATED"",""status_ts"":""2024-02-11T08:38:00Z"",""location"":{""city"":""Seattle"",""region"":""North""},""warehouse_id"":31,""notes"":""Status update: Label Created""}",2024-02-11,retail.order.shipment,3,99,2024/02/01 00:00:00.000,E2E-order-shipment-event
7d4ab389-f4b1-4b56-a902-51251f396787,"{""order_id"":""O100685"",""tracking_number"":""1Z16499499255953"",""carrier"":""USPS"",""status"":""PICKED_UP"",""status_ts"":""2024-02-12T11:36:00Z"",""location"":{""city"":""Columbus"",""region"":""South""},""warehouse_id"":31,""notes"":""Status update: Picked Up""}",2024-02-12,retail.order.shipment,3,100,2024/02/01 00:00:00.000,E2E-order-shipment-event
262aa6a2-45fe-4369-a6a8-3b3da48655ca,"{""order_id"":""O100685"",""tracking_number"":""1Z16499499255953"",""carrier"":""USPS"",""status"":""IN_TRANSIT"",""status_ts"":""2024-02-14T14:39:00Z"",""location"":{""city"":""Denver"",""region"":""West""},""warehouse_id"":31,""notes"":""Status update: In Transit""}",2024-02-14,retail.order.shipment,3,101,2024/02/01 00:00:00.000,E2E-order-shipment-event
65b9b40c-7ffc-464c-a233-2922c8410fb6,"{""order_id"":""O100685"",""tracking_number"":""1Z16499499255953"",""carrier"":""USPS"",""status"":""OUT_FOR_DELIVERY"",""status_ts"":""2024-02-14T17:14:00Z"",""location"":{""city"":""Chicago"",""region"":""South""},""warehouse_id"":31,""notes"":""Status update: Out For Delivery""}",2024-02-14,retail.order.shipment,3,102,2024/02/01 00:00:00.000,E2E-order-shipment-event
ed158cf2-05f9-4ebb-b716-7ef095a2478c,"{""order_id"":""O100685"",""tracking_number"":""1Z16499499255953"",""carrier"":""USPS"",""status"":""DELIVERED"",""status_ts"":""2024-02-13T08:59:00Z"",""location"":{""city"":""Chicago"",""region"":""East""},""warehouse_id"":31,""notes"":""Status update: Delivered""}",2024-02-13,retail.order.shipment,3,103,2024/02/01 00:00:00.000,E2E-order-shipment-event
b425c059-2148-4a31-952c-1acf9f7f3b78,"{""order_id"":""O100688"",""tracking_number"":""1Z62053595302567"",""carrier"":""UPS"",""status"":""LABEL_CREATED"",""status_ts"":""2024-02-24T08:57:00Z"",""location"":{""city"":""Seattle"",""region"":""South""},""warehouse_id"":16,""notes"":""Status update: Label Created""}",2024-02-24,retail.order.shipment,6,81,2024/02/01 00:00:00.000,E2E-order-shipment-event
b12cda37-b130-4203-862f-de87ff751122,"{""order_id"":""O100689"",""tracking_number"":""1Z52488420909507"",""carrier"":""DHL"",""status"":""LABEL_CREATED"",""status_ts"":""2024-02-28T08:18:00Z"",""location"":{""city"":""Columbus"",""region"":""North""},""warehouse_id"":49,""notes"":""Status update: Label Created""}",2024-02-28,retail.order.shipment,7,104,2024/02/01 00:00:00.000,E2E-order-shipment-event
9f5d680a-eba4-450a-bf80-764f3848e2d1,"{""order_id"":""O100689"",""tracking_number"":""1Z52488420909507"",""carrier"":""DHL"",""status"":""PICKED_UP"",""status_ts"":""2024-02-29T11:54:00Z"",""location"":{""city"":""Seattle"",""region"":""South""},""warehouse_id"":49,""notes"":""Status update: Picked Up""}",2024-02-29,retail.order.shipment,7,105,2024/02/01 00:00:00.000,E2E-order-shipment-event
35009cad-8b91-403b-84ed-a5e70a92bfba,"{""order_id"":""O100689"",""tracking_number"":""1Z52488420909507"",""carrier"":""DHL"",""status"":""IN_TRANSIT"",""status_ts"":""2024-03-04T14:08:00Z"",""location"":{""city"":""Louisville"",""region"":""South""},""warehouse_id"":49,""notes"":""Status update: In Transit""}",2024-03-04,retail.order.shipment,7,106,2024/02/01 00:00:00.000,E2E-order-shipment-event
d43543c6-85c3-4c89-9326-2e2756f0525a,"{""order_id"":""O100689"",""tracking_number"":""1Z52488420909507"",""carrier"":""DHL"",""status"":""OUT_FOR_DELIVERY"",""status_ts"":""2024-03-04T17:12:00Z"",""location"":{""city"":""Denver"",""region"":""North""},""warehouse_id"":49,""notes"":""Status update: Out For Delivery""}",2024-03-04,retail.order.shipment,7,107,2024/02/01 00:00:00.000,E2E-order-shipment-event
68d7bf38-cf3d-424a-af69-a55159336c96,"{""order_id"":""O100689"",""tracking_number"":""1Z52488420909507"",""carrier"":""DHL"",""status"":""DELIVERED"",""status_ts"":""2024-03-05T08:40:00Z"",""location"":{""city"":""Memphis"",""region"":""West""},""warehouse_id"":49,""notes"":""Status update: Delivered""}",2024-03-05,retail.order.shipment,7,108,2024/02/01 00:00:00.000,E2E-order-shipment-event
35c4c881-3f76-4ed2-baeb-d5243f38914c,"{""order_id"":""O100690"",""tracking_number"":""1Z92028523777486"",""carrier"":""USPS"",""status"":""LABEL_CREATED"",""status_ts"":""2024-02-21T08:47:00Z"",""location"":{""city"":""Seattle"",""region"":""East""},""warehouse_id"":86,""notes"":""Status update: Label Created""}",2024-02-21,retail.order.shipment,7,109,2024/02/01 00:00:00.000,E2E-order-shipment-event
4e570ebc-b15d-42d1-8008-a847fdc13cda,"{""order_id"":""O100690"",""tracking_number"":""1Z92028523777486"",""carrier"":""USPS"",""status"":""PICKED_UP"",""status_ts"":""2024-02-22T11:07:00Z"",""location"":{""city"":""Memphis"",""region"":""East""},""warehouse_id"":86,""notes"":""Status update: Picked Up""}",2024-02-22,retail.order.shipment,7,110,2024/02/01 00:00:00.000,E2E-order-shipment-event
a433a8bc-888e-4f36-95fd-c4158f85cdfe,"{""order_id"":""O100691"",""tracking_number"":""1Z95006896674181"",""carrier"":""UPS"",""status"":""EXCEPTION"",""status_ts"":""2024-02-04T08:01:00Z"",""location"":{""city"":""Dallas"",""region"":""South""},""warehouse_id"":45,""notes"":""Status update: Exception""}",2024-02-04,retail.order.shipment,0,67,2024/02/01 00:00:00.000,E2E-order-shipment-event
a000f725-4d3b-4a7b-b059-276ed90a6463,"{""order_id"":""O100695"",""tracking_number"":""1Z46354552997277"",""carrier"":""FEDEX"",""status"":""LABEL_CREATED"",""status_ts"":""2024-02-12T08:28:00Z"",""location"":{""city"":""Louisville"",""region"":""East""},""warehouse_id"":2,""notes"":""Status update: Label Created""}",2024-02-12,retail.order.shipment,4,97,2024/02/01 00:00:00.000,E2E-order-shipment-event
28d4d157-f82a-4002-bb9a-005f9bddfec6,"{""order_id"":""O100695"",""tracking_number"":""1Z46354552997277"",""carrier"":""FEDEX"",""status"":""PICKED_UP"",""status_ts"":""2024-02-14T11:46:00Z"",""location"":{""city"":""Atlanta"",""region"":""South""},""warehouse_id"":2,""notes"":""Status update: Picked Up""}",2024-02-14,retail.order.shipment,4,98,2024/02/01 00:00:00.000,E2E-order-shipment-event
125134e0-a4b6-4d73-835c-e71f562ef188,"{""order_id"":""O100705"",""tracking_number"":""1Z51106870776344"",""carrier"":""DHL"",""status"":""LABEL_CREATED"",""status_ts"":""2024-02-21T08:31:00Z"",""location"":{""city"":""Memphis"",""region"":""East""},""warehouse_id"":49,""notes"":""Status update: Label Created""}",2024-02-21,retail.order.shipment,4,99,2024/02/01 00:00:00.000,E2E-order-shipment-event
b3e8bce2-38c3-48bf-9f19-a4a7968cc731,"{""order_id"":""O100708"",""tracking_number"":""1Z90243061017551"",""carrier"":""DHL"",""status"":""LABEL_CREATED"",""status_ts"":""2024-02-24T08:32:00Z"",""location"":{""city"":""Dallas"",""region"":""West""},""warehouse_id"":72,""notes"":""Status update: Label Created""}",2024-02-24,retail.order.shipment,7,111,2024/02/01 00:00:00.000,E2E-order-shipment-event
34957d09-36d4-4162-a112-f4228414dd93,"{""order_id"":""O100708"",""tracking_number"":""1Z90243061017551"",""carrier"":""DHL"",""status"":""PICKED_UP"",""status_ts"":""2024-02-27T11:46:00Z"",""location"":{""city"":""Memphis"",""region"":""East""},""warehouse_id"":72,""notes"":""Status update: Picked Up""}",2024-02-27,retail.order.shipment,7,112,2024/02/01 00:00:00.000,E2E-order-shipment-event
0b7027b1-6a56-42ed-99cc-b0acefcd0645,"{""order_id"":""O100708"",""tracking_number"":""1Z90243061017551"",""carrier"":""DHL"",""status"":""IN_TRANSIT"",""status_ts"":""2024-03-01T14:20:00Z"",""location"":{""city"":""Denver"",""region"":""West""},""warehouse_id"":72,""notes"":""Status update: In Transit""}",2024-03-01,retail.order.shipment,7,113,2024/02/01 00:00:00.000,E2E-order-shipment-event
089bedb6-b8a0-4688-9101-f3d2e7380429,"{""order_id"":""O100714"",""tracking_number"":""1Z94003680085125"",""carrier"":""DHL"",""status"":""LABEL_CREATED"",""status_ts"":""2024-02-20T08:03:00Z"",""location"":{""city"":""Memphis"",""region"":""West""},""warehouse_id"":31,""notes"":""Status update: Label Created""}",2024-02-20,retail.order.shipment,4,100,2024/02/01 00:00:00.000,E2E-order-shipment-event
95987ca5-9709-4c55-8c66-e24465505e2f,"{""order_id"":""O100714"",""tracking_number"":""1Z94003680085125"",""carrier"":""DHL"",""status"":""PICKED_UP"",""status_ts"":""2024-02-21T11:08:00Z"",""location"":{""city"":""Dallas"",""region"":""North""},""warehouse_id"":31,""notes"":""Status update: Picked Up""}",2024-02-21,retail.order.shipment,4,101,2024/02/01 00:00:00.000,E2E-order-shipment-event
e52636d2-c8ac-4bf6-8d87-4eb84b752c5e,"{""order_id"":""O100714"",""tracking_number"":""1Z94003680085125"",""carrier"":""DHL"",""status"":""IN_TRANSIT"",""status_ts"":""2024-02-23T14:00:00Z"",""location"":{""city"":""Seattle"",""region"":""North""},""warehouse_id"":31,""notes"":""Status update: In Transit""}",2024-02-23,retail.order.shipment,4,102,2024/02/01 00:00:00.000,E2E-order-shipment-event
fb97868e-b001-401f-921d-bc7edc50740e,"{""order_id"":""O100716"",""tracking_number"":""1Z30904415692681"",""carrier"":""UPS"",""status"":""LABEL_CREATED"",""status_ts"":""2024-02-25T08:09:00Z"",""location"":{""city"":""Chicago"",""region"":""South""},""warehouse_id"":74,""notes"":""Status update: Label Created""}",2024-02-25,retail.order.shipment,6,82,2024/02/01 00:00:00.000,E2E-order-shipment-event
b8ebd1f6-93f9-4e69-bca8-0ae82b78a9c6,"{""order_id"":""O100716"",""tracking_number"":""1Z30904415692681"",""carrier"":""UPS"",""status"":""PICKED_UP"",""status_ts"":""2024-02-27T11:10:00Z"",""location"":{""city"":""Louisville"",""region"":""West""},""warehouse_id"":74,""notes"":""Status update: Picked Up""}",2024-02-27,retail.order.shipment,6,83,2024/02/01 00:00:00.000,E2E-order-shipment-event
be9baba0-a17d-4204-81af-687495735173,"{""order_id"":""O100716"",""tracking_number"":""1Z30904415692681"",""carrier"":""UPS"",""status"":""IN_TRANSIT"",""status_ts"":""2024-03-02T14:35:00Z"",""location"":{""city"":""Denver"",""region"":""West""},""warehouse_id"":74,""notes"":""Status update: In Transit""}",2024-03-02,retail.order.shipment,6,84,2024/02/01 00:00:00.000,E2E-order-shipment-event
6fa3fe05-5cbb-4c68-94cf-32e125145b56,"{""order_id"":""O100716"",""tracking_number"":""1Z30904415692681"",""carrier"":""UPS"",""status"":""OUT_FOR_DELIVERY"",""status_ts"":""2024-03-02T17:36:00Z"",""location"":{""city"":""Seattle"",""region"":""East""},""warehouse_id"":74,""notes"":""Status update: Out For Delivery""}",2024-03-02,retail.order.shipment,6,85,2024/02/01 00:00:00.000,E2E-order-shipment-event
85df6bd9-e25d-400e-8741-edd894297feb,"{""order_id"":""O100716"",""tracking_number"":""1Z30904415692681"",""carrier"":""UPS"",""status"":""DELIVERED"",""status_ts"":""2024-03-03T08:47:00Z"",""location"":{""city"":""Memphis"",""region"":""West""},""warehouse_id"":74,""notes"":""Status update: Delivered""}",2024-03-03,retail.order.shipment,6,86,2024/02/01 00:00:00.000,E2E-order-shipment-event
68be11f2-d57a-487d-8da2-0434bb4d5a8b,"{""order_id"":""O100721"",""tracking_number"":""1Z94413478810512"",""carrier"":""USPS"",""status"":""LABEL_CREATED"",""status_ts"":""2024-02-12T08:25:00Z"",""location"":{""city"":""Memphis"",""region"":""East""},""warehouse_id"":56,""notes"":""Status update: Label Created""}",2024-02-12,retail.order.shipment,2,106,2024/02/01 00:00:00.000,E2E-order-shipment-event
984c87c7-9d0d-4503-a718-e966ad814941,"{""order_id"":""O100721"",""tracking_number"":""1Z94413478810512"",""carrier"":""USPS"",""status"":""PICKED_UP"",""status_ts"":""2024-02-14T11:14:00Z"",""location"":{""city"":""Denver"",""region"":""South""},""warehouse_id"":56,""notes"":""Status update: Picked Up""}",2024-02-14,retail.order.shipment,2,107,2024/02/01 00:00:00.000,E2E-order-shipment-event
dbc62fe2-5a3f-4cd8-bf59-5e61b9026c0c,"{""order_id"":""O100721"",""tracking_number"":""1Z94413478810512"",""carrier"":""USPS"",""status"":""IN_TRANSIT"",""status_ts"":""2024-02-18T14:11:00Z"",""location"":{""city"":""Louisville"",""region"":""East""},""warehouse_id"":56,""notes"":""Status update: In Transit""}",2024-02-18,retail.order.shipment,2,108,2024/02/01 00:00:00.000,E2E-order-shipment-event
1263db9e-60e8-422c-a0b1-fa27242a62d9,"{""order_id"":""O100721"",""tracking_number"":""1Z94413478810512"",""carrier"":""USPS"",""status"":""OUT_FOR_DELIVERY"",""status_ts"":""2024-02-18T17:31:00Z"",""location"":{""city"":""Seattle"",""region"":""East""},""warehouse_id"":56,""notes"":""Status update: Out For Delivery""}",2024-02-18,retail.order.shipment,2,109,2024/02/01 00:00:00.000,E2E-order-shipment-event
61e44443-26f0-4d5b-8d94-52287dd17855,"{""order_id"":""O100723"",""tracking_number"":""1Z47667062525152"",""carrier"":""DHL"",""status"":""LABEL_CREATED"",""status_ts"":""2024-02-13T08:44:00Z"",""location"":{""city"":""Columbus"",""region"":""East""},""warehouse_id"":78,""notes"":""Status update: Label Created""}",2024-02-13,retail.order.shipment,4,103,2024/02/01 00:00:00.000,E2E-order-shipment-event
8b595239-d26b-4983-a63b-8d10366a0359,"{""order_id"":""O100723"",""tracking_number"":""1Z47667062525152"",""carrier"":""DHL"",""status"":""PICKED_UP"",""status_ts"":""2024-02-16T11:34:00Z"",""location"":{""city"":""Dallas"",""region"":""West""},""warehouse_id"":78,""notes"":""Status update: Picked Up""}",2024-02-16,retail.order.shipment,4,104,2024/02/01 00:00:00.000,E2E-order-shipment-event
31f198a2-2b4c-4d84-97d8-9f7db146d437,"{""order_id"":""O100723"",""tracking_number"":""1Z47667062525152"",""carrier"":""DHL"",""status"":""IN_TRANSIT"",""status_ts"":""2024-02-18T14:53:00Z"",""location"":{""city"":""Atlanta"",""region"":""East""},""warehouse_id"":78,""notes"":""Status update: In Transit""}",2024-02-18,retail.order.shipment,4,105,2024/02/01 00:00:00.000,E2E-order-shipment-event
5ffd7223-6937-4b12-85f4-8ad5913b16a0,"{""order_id"":""O100723"",""tracking_number"":""1Z47667062525152"",""carrier"":""DHL"",""status"":""OUT_FOR_DELIVERY"",""status_ts"":""2024-02-18T17:48:00Z"",""location"":{""city"":""Dallas"",""region"":""West""},""warehouse_id"":78,""notes"":""Status update: Out For Delivery""}",2024-02-18,retail.order.shipment,4,106,2024/02/01 00:00:00.000,E2E-order-shipment-event
e7ce5dc9-1800-4a1c-8de5-20d6ea3d7616,"{""order_id"":""O100723"",""tracking_number"":""1Z47667062525152"",""carrier"":""DHL"",""status"":""DELIVERED"",""status_ts"":""2024-02-17T08:33:00Z"",""location"":{""city"":""Atlanta"",""region"":""North""},""warehouse_id"":78,""notes"":""Status update: Delivered""}",2024-02-17,retail.order.shipment,4,107,2024/02/01 00:00:00.000,E2E-order-shipment-event
fdc48e72-8a0e-44bc-a623-c09db780522c,"{""order_id"":""O100727"",""tracking_number"":""1Z73343026395112"",""carrier"":""UPS"",""status"":""EXCEPTION"",""status_ts"":""2024-02-21T08:44:00Z"",""location"":{""city"":""Columbus"",""region"":""South""},""warehouse_id"":47,""notes"":""Status update: Exception""}",2024-02-21,retail.order.shipment,0,68,2024/02/01 00:00:00.000,E2E-order-shipment-event
865d779e-45b5-4a30-886e-790a939ab866,"{""order_id"":""O100728"",""tracking_number"":""1Z44226759814225"",""carrier"":""DHL"",""status"":""LABEL_CREATED"",""status_ts"":""2024-02-10T08:02:00Z"",""location"":{""city"":""Dallas"",""region"":""North""},""warehouse_id"":14,""notes"":""Status update: Label Created""}",2024-02-10,retail.order.shipment,1,99,2024/02/01 00:00:00.000,E2E-order-shipment-event
9af106b0-a864-40ee-a50c-00ea24c006da,"{""order_id"":""O100728"",""tracking_number"":""1Z44226759814225"",""carrier"":""DHL"",""status"":""PICKED_UP"",""status_ts"":""2024-02-13T11:02:00Z"",""location"":{""city"":""Atlanta"",""region"":""North""},""warehouse_id"":14,""notes"":""Status update: Picked Up""}",2024-02-13,retail.order.shipment,1,100,2024/02/01 00:00:00.000,E2E-order-shipment-event
fea58faf-4992-4399-961d-a0a958e537a3,"{""order_id"":""O100729"",""tracking_number"":""1Z82698653268604"",""carrier"":""UPS"",""status"":""LABEL_CREATED"",""status_ts"":""2024-02-08T08:26:00Z"",""location"":{""city"":""Denver"",""region"":""North""},""warehouse_id"":15,""notes"":""Status update: Label Created""}",2024-02-08,retail.order.shipment,2,110,2024/02/01 00:00:00.000,E2E-order-shipment-event
da5a8bb4-a594-41d8-b63b-e0f1b80e6e69,"{""order_id"":""O100729"",""tracking_number"":""1Z82698653268604"",""carrier"":""UPS"",""status"":""PICKED_UP"",""status_ts"":""2024-02-11T11:34:00Z"",""location"":{""city"":""Columbus"",""region"":""North""},""warehouse_id"":15,""notes"":""Status update: Picked Up""}",2024-02-11,retail.order.shipment,2,111,2024/02/01 00:00:00.000,E2E-order-shipment-event
0d0cbbbe-5f34-4388-a9d9-21e6d75aa3d2,"{""order_id"":""O100729"",""tracking_number"":""1Z82698653268604"",""carrier"":""UPS"",""status"":""IN_TRANSIT"",""status_ts"":""2024-02-14T14:29:00Z"",""location"":{""city"":""Columbus"",""region"":""South""},""warehouse_id"":15,""notes"":""Status update: In Transit""}",2024-02-14,retail.order.shipment,2,112,2024/02/01 00:00:00.000,E2E-order-shipment-event
f6038266-7d63-428d-80e7-dc0c9fa55610,"{""order_id"":""O100729"",""tracking_number"":""1Z82698653268604"",""carrier"":""UPS"",""status"":""OUT_FOR_DELIVERY"",""status_ts"":""2024-02-14T17:03:00Z"",""location"":{""city"":""Denver"",""region"":""South""},""warehouse_id"":15,""notes"":""Status update: Out For Delivery""}",2024-02-14,retail.order.shipment,2,113,2024/02/01 00:00:00.000,E2E-order-shipment-event
ca72e672-0249-4646-b421-51e9098d463f,"{""order_id"":""O100729"",""tracking_number"":""1Z82698653268604"",""carrier"":""UPS"",""status"":""DELIVERED"",""status_ts"":""2024-02-14T08:57:00Z"",""location"":{""city"":""Dallas"",""region"":""West""},""warehouse_id"":15,""notes"":""Status update: Delivered""}",2024-02-14,retail.order.shipment,2,114,2024/02/01 00:00:00.000,E2E-order-shipment-event
55b1da46-cbd2-4655-a8a4-2978faf5fbf1,"{""order_id"":""O100735"",""tracking_number"":""1Z76500748371459"",""carrier"":""USPS"",""status"":""LABEL_CREATED"",""status_ts"":""2024-02-11T08:36:00Z"",""location"":{""city"":""Seattle"",""region"":""North""},""warehouse_id"":51,""notes"":""Status update: Label Created""}",2024-02-11,retail.order.shipment,7,114,2024/02/01 00:00:00.000,E2E-order-shipment-event
1ffeb6db-d8b2-4b44-bf61-375d53924570,"{""order_id"":""O100735"",""tracking_number"":""1Z76500748371459"",""carrier"":""USPS"",""status"":""PICKED_UP"",""status_ts"":""2024-02-14T11:05:00Z"",""location"":{""city"":""Seattle"",""region"":""West""},""warehouse_id"":51,""notes"":""Status update: Picked Up""}",2024-02-14,retail.order.shipment,7,115,2024/02/01 00:00:00.000,E2E-order-shipment-event
3777b1de-9ff6-4e85-9670-8ce6225cde8b,"{""order_id"":""O100735"",""tracking_number"":""1Z76500748371459"",""carrier"":""USPS"",""status"":""IN_TRANSIT"",""status_ts"":""2024-02-18T14:56:00Z"",""location"":{""city"":""Chicago"",""region"":""West""},""warehouse_id"":51,""notes"":""Status update: In Transit""}",2024-02-18,retail.order.shipment,7,116,2024/02/01 00:00:00.000,E2E-order-shipment-event
1d5a1569-4a3b-43d8-8f05-57e567427834,"{""order_id"":""O100738"",""tracking_number"":""1Z22484744541599"",""carrier"":""DHL"",""status"":""LABEL_CREATED"",""status_ts"":""2024-02-16T08:21:00Z"",""location"":{""city"":""Atlanta"",""region"":""East""},""warehouse_id"":29,""notes"":""Status update: Label Created""}",2024-02-16,retail.order.shipment,2,115,2024/02/01 00:00:00.000,E2E-order-shipment-event
be66fcdc-dc71-4d51-9041-af3c46cc49a8,"{""order_id"":""O100738"",""tracking_number"":""1Z22484744541599"",""carrier"":""DHL"",""status"":""PICKED_UP"",""status_ts"":""2024-02-19T11:38:00Z"",""location"":{""city"":""Memphis"",""region"":""West""},""warehouse_id"":29,""notes"":""Status update: Picked Up""}",2024-02-19,retail.order.shipment,2,116,2024/02/01 00:00:00.000,E2E-order-shipment-event
431cbbf3-9862-44c5-92b6-95b02fc976b9,"{""order_id"":""O100738"",""tracking_number"":""1Z22484744541599"",""carrier"":""DHL"",""status"":""IN_TRANSIT"",""status_ts"":""2024-02-21T14:26:00Z"",""location"":{""city"":""Chicago"",""region"":""East""},""warehouse_id"":29,""notes"":""Status update: In Transit""}",2024-02-21,retail.order.shipment,2,117,2024/02/01 00:00:00.000,E2E-order-shipment-event
052e4c2a-958f-4752-8c2e-ecfe74c404bb,"{""order_id"":""O100738"",""tracking_number"":""1Z22484744541599"",""carrier"":""DHL"",""status"":""OUT_FOR_DELIVERY"",""status_ts"":""2024-02-21T17:28:00Z"",""location"":{""city"":""Memphis"",""region"":""North""},""warehouse_id"":29,""notes"":""Status update: Out For Delivery""}",2024-02-21,retail.order.shipment,2,118,2024/02/01 00:00:00.000,E2E-order-shipment-event
4cb846d4-9117-4d25-9f08-aa2504564937,"{""order_id"":""O100738"",""tracking_number"":""1Z22484744541599"",""carrier"":""DHL"",""status"":""DELIVERED"",""status_ts"":""2024-02-20T08:10:00Z"",""location"":{""city"":""Atlanta"",""region"":""West""},""warehouse_id"":29,""notes"":""Status update: Delivered""}",2024-02-20,retail.order.shipment,2,119,2024/02/01 00:00:00.000,E2E-order-shipment-event
fd8b5dd2-a114-467f-9612-d678a32576a2,"{""order_id"":""O100741"",""tracking_number"":""1Z26596649485862"",""carrier"":""USPS"",""status"":""LABEL_CREATED"",""status_ts"":""2024-02-28T08:40:00Z"",""location"":{""city"":""Dallas"",""region"":""West""},""warehouse_id"":18,""notes"":""Status update: Label Created""}",2024-02-28,retail.order.shipment,4,108,2024/02/01 00:00:00.000,E2E-order-shipment-event
02331e01-8889-4419-ab0c-d44492bb7d87,"{""order_id"":""O100741"",""tracking_number"":""1Z26596649485862"",""carrier"":""USPS"",""status"":""PICKED_UP"",""status_ts"":""2024-03-02T11:28:00Z"",""location"":{""city"":""Columbus"",""region"":""North""},""warehouse_id"":18,""notes"":""Status update: Picked Up""}",2024-03-02,retail.order.shipment,4,109,2024/02/01 00:00:00.000,E2E-order-shipment-event
49cd2ecb-935c-4c89-85bb-7c0edddc0c2e,"{""order_id"":""O100745"",""tracking_number"":""1Z86091653668390"",""carrier"":""DHL"",""status"":""LABEL_CREATED"",""status_ts"":""2024-02-05T08:42:00Z"",""location"":{""city"":""Atlanta"",""region"":""West""},""warehouse_id"":91,""notes"":""Status update: Label Created""}",2024-02-05,retail.order.shipment,0,69,2024/02/01 00:00:00.000,E2E-order-shipment-event
97037934-28b6-408f-a666-9bc3f8c50d75,"{""order_id"":""O100747"",""tracking_number"":""1Z36516667178819"",""carrier"":""USPS"",""status"":""LABEL_CREATED"",""status_ts"":""2024-02-17T08:53:00Z"",""location"":{""city"":""Seattle"",""region"":""North""},""warehouse_id"":28,""notes"":""Status update: Label Created""}",2024-02-17,retail.order.shipment,2,120,2024/02/01 00:00:00.000,E2E-order-shipment-event
0f691a89-40a6-44b4-9834-f78be4f27f9b,"{""order_id"":""O100747"",""tracking_number"":""1Z36516667178819"",""carrier"":""USPS"",""status"":""PICKED_UP"",""status_ts"":""2024-02-18T11:56:00Z"",""location"":{""city"":""Denver"",""region"":""West""},""warehouse_id"":28,""notes"":""Status update: Picked Up""}",2024-02-18,retail.order.shipment,2,121,2024/02/01 00:00:00.000,E2E-order-shipment-event
1f8d01c5-bd48-48c3-a441-e394a66fb852,"{""order_id"":""O100748"",""tracking_number"":""1Z76379689449869"",""carrier"":""USPS"",""status"":""LABEL_CREATED"",""status_ts"":""2024-02-25T08:15:00Z"",""location"":{""city"":""Louisville"",""region"":""East""},""warehouse_id"":64,""notes"":""Status update: Label Created""}",2024-02-25,retail.order.shipment,3,104,2024/02/01 00:00:00.000,E2E-order-shipment-event
563e4db8-7e15-49aa-b4e8-f98243d50d40,"{""order_id"":""O100750"",""tracking_number"":""1Z60819455584966"",""carrier"":""UPS"",""status"":""LABEL_CREATED"",""status_ts"":""2024-02-25T08:56:00Z"",""location"":{""city"":""Seattle"",""region"":""North""},""warehouse_id"":36,""notes"":""Status update: Label Created""}",2024-02-25,retail.order.shipment,4,110,2024/02/01 00:00:00.000,E2E-order-shipment-event
6cc789f2-637c-470b-b0f0-0a6296b8d741,"{""order_id"":""O100751"",""tracking_number"":""1Z17249312460633"",""carrier"":""DHL"",""status"":""LABEL_CREATED"",""status_ts"":""2024-02-17T08:26:00Z"",""location"":{""city"":""Memphis"",""region"":""North""},""warehouse_id"":9,""notes"":""Status update: Label Created""}",2024-02-17,retail.order.shipment,5,70,2024/02/01 00:00:00.000,E2E-order-shipment-event
c89633a9-132c-490d-86f7-2c64c64b2286,"{""order_id"":""O100756"",""tracking_number"":""1Z37535780625957"",""carrier"":""DHL"",""status"":""LABEL_CREATED"",""status_ts"":""2024-02-05T08:13:00Z"",""location"":{""city"":""Louisville"",""region"":""West""},""warehouse_id"":18,""notes"":""Status update: Label Created""}",2024-02-05,retail.order.shipment,2,122,2024/02/01 00:00:00.000,E2E-order-shipment-event
192dbb36-896b-4ed5-a61c-8004fcbd6a49,"{""order_id"":""O100756"",""tracking_number"":""1Z37535780625957"",""carrier"":""DHL"",""status"":""PICKED_UP"",""status_ts"":""2024-02-06T11:40:00Z"",""location"":{""city"":""Memphis"",""region"":""South""},""warehouse_id"":18,""notes"":""Status update: Picked Up""}",2024-02-06,retail.order.shipment,2,123,2024/02/01 00:00:00.000,E2E-order-shipment-event
9a6d1f47-1196-4e5b-87ef-e261f0aaedd7,"{""order_id"":""O100756"",""tracking_number"":""1Z37535780625957"",""carrier"":""DHL"",""status"":""IN_TRANSIT"",""status_ts"":""2024-02-10T14:30:00Z"",""location"":{""city"":""Atlanta"",""region"":""East""},""warehouse_id"":18,""notes"":""Status update: In Transit""}",2024-02-10,retail.order.shipment,2,124,2024/02/01 00:00:00.000,E2E-order-shipment-event
440898f4-1197-4d56-afa4-b6ae83b096ab,"{""order_id"":""O100756"",""tracking_number"":""1Z37535780625957"",""carrier"":""DHL"",""status"":""OUT_FOR_DELIVERY"",""status_ts"":""2024-02-10T17:17:00Z"",""location"":{""city"":""Denver"",""region"":""South""},""warehouse_id"":18,""notes"":""Status update: Out For Delivery""}",2024-02-10,retail.order.shipment,2,125,2024/02/01 00:00:00.000,E2E-order-shipment-event
ac661645-f94f-4fd9-9b3d-1d805cb85320,"{""order_id"":""O100756"",""tracking_number"":""1Z37535780625957"",""carrier"":""DHL"",""status"":""DELIVERED"",""status_ts"":""2024-02-10T08:41:00Z"",""location"":{""city"":""Seattle"",""region"":""North""},""warehouse_id"":18,""notes"":""Status update: Delivered""}",2024-02-10,retail.order.shipment,2,126,2024/02/01 00:00:00.000,E2E-order-shipment-event
641c6f12-e226-417e-97bb-39ff36a5f5e7,"{""order_id"":""O100758"",""tracking_number"":""1Z90666680065815"",""carrier"":""UPS"",""status"":""LABEL_CREATED"",""status_ts"":""2024-02-11T08:22:00Z"",""location"":{""city"":""Denver"",""region"":""East""},""warehouse_id"":17,""notes"":""Status update: Label Created""}",2024-02-11,retail.order.shipment,4,111,2024/02/01 00:00:00.000,E2E-order-shipment-event
81abe852-76bb-41fd-ab0d-fe1d500867c2,"{""order_id"":""O100758"",""tracking_number"":""1Z90666680065815"",""carrier"":""UPS"",""status"":""PICKED_UP"",""status_ts"":""2024-02-14T11:41:00Z"",""location"":{""city"":""Memphis"",""region"":""North""},""warehouse_id"":17,""notes"":""Status update: Picked Up""}",2024-02-14,retail.order.shipment,4,112,2024/02/01 00:00:00.000,E2E-order-shipment-event
1080039d-091e-42d4-a86a-891240ffa8e8,"{""order_id"":""O100758"",""tracking_number"":""1Z90666680065815"",""carrier"":""UPS"",""status"":""IN_TRANSIT"",""status_ts"":""2024-02-17T14:20:00Z"",""location"":{""city"":""Memphis"",""region"":""West""},""warehouse_id"":17,""notes"":""Status update: In Transit""}",2024-02-17,retail.order.shipment,4,113,2024/02/01 00:00:00.000,E2E-order-shipment-event
c980394a-dd9d-4591-816a-7f7b71c11e8f,"{""order_id"":""O100758"",""tracking_number"":""1Z90666680065815"",""carrier"":""UPS"",""status"":""OUT_FOR_DELIVERY"",""status_ts"":""2024-02-17T17:55:00Z"",""location"":{""city"":""Dallas"",""region"":""East""},""warehouse_id"":17,""notes"":""Status update: Out For Delivery""}",2024-02-17,retail.order.shipment,4,114,2024/02/01 00:00:00.000,E2E-order-shipment-event
afb16fb1-d6f5-4b97-b00a-6d57de748eeb,"{""order_id"":""O100758"",""tracking_number"":""1Z90666680065815"",""carrier"":""UPS"",""status"":""DELIVERED"",""status_ts"":""2024-02-17T08:04:00Z"",""location"":{""city"":""Chicago"",""region"":""South""},""warehouse_id"":17,""notes"":""Status update: Delivered""}",2024-02-17,retail.order.shipment,4,115,2024/02/01 00:00:00.000,E2E-order-shipment-event
1085b7fe-9d92-41c0-ab9b-08c64cd32c52,"{""order_id"":""O100763"",""tracking_number"":""1Z82520876832461"",""carrier"":""UPS"",""status"":""EXCEPTION"",""status_ts"":""2024-02-19T08:14:00Z"",""location"":{""city"":""Memphis"",""region"":""West""},""warehouse_id"":23,""notes"":""Status update: Exception""}",2024-02-19,retail.order.shipment,0,70,2024/02/01 00:00:00.000,E2E-order-shipment-event
48f8f929-f265-4664-9f96-1d31c16d66c1,"{""order_id"":""O100766"",""tracking_number"":""1Z66559455264178"",""carrier"":""UPS"",""status"":""EXCEPTION"",""status_ts"":""2024-03-03T08:01:00Z"",""location"":{""city"":""Louisville"",""region"":""West""},""warehouse_id"":83,""notes"":""Status update: Exception""}",2024-03-03,retail.order.shipment,3,105,2024/02/01 00:00:00.000,E2E-order-shipment-event
11b156a4-2280-4241-bdd0-eedd444d4ab8,"{""order_id"":""O100771"",""tracking_number"":""1Z32916521767133"",""carrier"":""UPS"",""status"":""LABEL_CREATED"",""status_ts"":""2024-02-06T08:24:00Z"",""location"":{""city"":""Atlanta"",""region"":""East""},""warehouse_id"":56,""notes"":""Status update: Label Created""}",2024-02-06,retail.order.shipment,7,117,2024/02/01 00:00:00.000,E2E-order-shipment-event
69f273d0-8833-4ec2-af8e-ebec0c573f61,"{""order_id"":""O100771"",""tracking_number"":""1Z32916521767133"",""carrier"":""UPS"",""status"":""PICKED_UP"",""status_ts"":""2024-02-08T11:50:00Z"",""location"":{""city"":""Memphis"",""region"":""East""},""warehouse_id"":56,""notes"":""Status update: Picked Up""}",2024-02-08,retail.order.shipment,7,118,2024/02/01 00:00:00.000,E2E-order-shipment-event
0318fadc-8ac1-4b95-a4c5-4e987b9b70d1,"{""order_id"":""O100771"",""tracking_number"":""1Z32916521767133"",""carrier"":""UPS"",""status"":""IN_TRANSIT"",""status_ts"":""2024-02-11T14:36:00Z"",""location"":{""city"":""Louisville"",""region"":""North""},""warehouse_id"":56,""notes"":""Status update: In Transit""}",2024-02-11,retail.order.shipment,7,119,2024/02/01 00:00:00.000,E2E-order-shipment-event
cc8cbc06-b883-4815-bee1-1561f8e09bca,"{""order_id"":""O100771"",""tracking_number"":""1Z32916521767133"",""carrier"":""UPS"",""status"":""OUT_FOR_DELIVERY"",""status_ts"":""2024-02-11T17:13:00Z"",""location"":{""city"":""Columbus"",""region"":""East""},""warehouse_id"":56,""notes"":""Status update: Out For Delivery""}",2024-02-11,retail.order.shipment,7,120,2024/02/01 00:00:00.000,E2E-order-shipment-event
f61abad3-b6b9-4da6-8ece-a83304dcc8ba,"{""order_id"":""O100771"",""tracking_number"":""1Z32916521767133"",""carrier"":""UPS"",""status"":""DELIVERED"",""status_ts"":""2024-02-10T08:33:00Z"",""location"":{""city"":""Louisville"",""region"":""North""},""warehouse_id"":56,""notes"":""Status update: Delivered""}",2024-02-10,retail.order.shipment,7,121,2024/02/01 00:00:00.000,E2E-order-shipment-event
2fe49de4-673e-45f9-88d1-d3964ba84832,"{""order_id"":""O100776"",""tracking_number"":""1Z64944087345141"",""carrier"":""FEDEX"",""status"":""LABEL_CREATED"",""status_ts"":""2024-02-10T08:09:00Z"",""location"":{""city"":""Chicago"",""region"":""North""},""warehouse_id"":63,""notes"":""Status update: Label Created""}",2024-02-10,retail.order.shipment,4,116,2024/02/01 00:00:00.000,E2E-order-shipment-event
bc072e96-e791-42b6-bc15-791f4489f1c0,"{""order_id"":""O100776"",""tracking_number"":""1Z64944087345141"",""carrier"":""FEDEX"",""status"":""PICKED_UP"",""status_ts"":""2024-02-13T11:50:00Z"",""location"":{""city"":""Chicago"",""region"":""West""},""warehouse_id"":63,""notes"":""Status update: Picked Up""}",2024-02-13,retail.order.shipment,4,117,2024/02/01 00:00:00.000,E2E-order-shipment-event
fe2a5f98-ec48-4de7-b092-c5fee08d5358,"{""order_id"":""O100778"",""tracking_number"":""1Z16358279427187"",""carrier"":""USPS"",""status"":""EXCEPTION"",""status_ts"":""2024-02-06T08:29:00Z"",""location"":{""city"":""Louisville"",""region"":""West""},""warehouse_id"":64,""notes"":""Status update: Exception""}",2024-02-06,retail.order.shipment,6,87,2024/02/01 00:00:00.000,E2E-order-shipment-event
8622d73f-0455-4a40-8020-86cc55e914c7,"{""order_id"":""O100780"",""tracking_number"":""1Z51188741714152"",""carrier"":""FEDEX"",""status"":""LABEL_CREATED"",""status_ts"":""2024-02-04T08:39:00Z"",""location"":{""city"":""Seattle"",""region"":""East""},""warehouse_id"":39,""notes"":""Status update: Label Created""}",2024-02-04,retail.order.shipment,7,122,2024/02/01 00:00:00.000,E2E-order-shipment-event
ae2471a2-b125-4b40-b67d-5ff4c52abc26,"{""order_id"":""O100780"",""tracking_number"":""1Z51188741714152"",""carrier"":""FEDEX"",""status"":""PICKED_UP"",""status_ts"":""2024-02-06T11:43:00Z"",""location"":{""city"":""Denver"",""region"":""North""},""warehouse_id"":39,""notes"":""Status update: Picked Up""}",2024-02-06,retail.order.shipment,7,123,2024/02/01 00:00:00.000,E2E-order-shipment-event
77a65387-6e10-4bc8-a352-8f9088e83446,"{""order_id"":""O100780"",""tracking_number"":""1Z51188741714152"",""carrier"":""FEDEX"",""status"":""IN_TRANSIT"",""status_ts"":""2024-02-10T14:22:00Z"",""location"":{""city"":""Columbus"",""region"":""East""},""warehouse_id"":39,""notes"":""Status update: In Transit""}",2024-02-10,retail.order.shipment,7,124,2024/02/01 00:00:00.000,E2E-order-shipment-event
47ddb97f-437f-42d6-9a47-347ba14da2ff,"{""order_id"":""O100780"",""tracking_number"":""1Z51188741714152"",""carrier"":""FEDEX"",""status"":""OUT_FOR_DELIVERY"",""status_ts"":""2024-02-10T17:57:00Z"",""location"":{""city"":""Louisville"",""region"":""West""},""warehouse_id"":39,""notes"":""Status update: Out For Delivery""}",2024-02-10,retail.order.shipment,7,125,2024/02/01 00:00:00.000,E2E-order-shipment-event
051e805a-2764-4bb7-a508-5fa2adb4bee5,"{""order_id"":""O100780"",""tracking_number"":""1Z51188741714152"",""carrier"":""FEDEX"",""status"":""DELIVERED"",""status_ts"":""2024-02-11T08:04:00Z"",""location"":{""city"":""Seattle"",""region"":""North""},""warehouse_id"":39,""notes"":""Status update: Delivered""}",2024-02-11,retail.order.shipment,7,126,2024/02/01 00:00:00.000,E2E-order-shipment-event
349506f5-e91a-4ed4-91fd-172f29d9e285,"{""order_id"":""O100784"",""tracking_number"":""1Z44484162688770"",""carrier"":""FEDEX"",""status"":""LABEL_CREATED"",""status_ts"":""2024-02-27T08:14:00Z"",""location"":{""city"":""Dallas"",""region"":""West""},""warehouse_id"":95,""notes"":""Status update: Label Created""}",2024-02-27,retail.order.shipment,3,106,2024/02/01 00:00:00.000,E2E-order-shipment-event
8d625e4d-cf95-4b97-91df-eba5ba099139,"{""order_id"":""O100784"",""tracking_number"":""1Z44484162688770"",""carrier"":""FEDEX"",""status"":""PICKED_UP"",""status_ts"":""2024-03-01T11:39:00Z"",""location"":{""city"":""Seattle"",""region"":""East""},""warehouse_id"":95,""notes"":""Status update: Picked Up""}",2024-03-01,retail.order.shipment,3,107,2024/02/01 00:00:00.000,E2E-order-shipment-event
f4bf61af-f696-467f-8c54-bb30f6de3b8a,"{""order_id"":""O100785"",""tracking_number"":""1Z50694387586939"",""carrier"":""USPS"",""status"":""EXCEPTION"",""status_ts"":""2024-02-29T08:55:00Z"",""location"":{""city"":""Columbus"",""region"":""North""},""warehouse_id"":6,""notes"":""Status update: Exception""}",2024-02-29,retail.order.shipment,4,118,2024/02/01 00:00:00.000,E2E-order-shipment-event
6efb7391-b712-46eb-bd00-36409fea8de0,"{""order_id"":""O100791"",""tracking_number"":""1Z46293774125172"",""carrier"":""USPS"",""status"":""LABEL_CREATED"",""status_ts"":""2024-02-20T08:19:00Z"",""location"":{""city"":""Louisville"",""region"":""West""},""warehouse_id"":66,""notes"":""Status update: Label Created""}",2024-02-20,retail.order.shipment,1,101,2024/02/01 00:00:00.000,E2E-order-shipment-event
3acbfa10-9d60-461f-81de-07d38d105f31,"{""order_id"":""O100791"",""tracking_number"":""1Z46293774125172"",""carrier"":""USPS"",""status"":""PICKED_UP"",""status_ts"":""2024-02-23T11:06:00Z"",""location"":{""city"":""Dallas"",""region"":""West""},""warehouse_id"":66,""notes"":""Status update: Picked Up""}",2024-02-23,retail.order.shipment,1,102,2024/02/01 00:00:00.000,E2E-order-shipment-event
9cc7ba94-bd8f-4677-96d8-8912d73ec2d3,"{""order_id"":""O100791"",""tracking_number"":""1Z46293774125172"",""carrier"":""USPS"",""status"":""IN_TRANSIT"",""status_ts"":""2024-02-26T14:24:00Z"",""location"":{""city"":""Louisville"",""region"":""West""},""warehouse_id"":66,""notes"":""Status update: In Transit""}",2024-02-26,retail.order.shipment,1,103,2024/02/01 00:00:00.000,E2E-order-shipment-event
94648683-0803-494a-a99c-80716c96bc7c,"{""order_id"":""O100792"",""tracking_number"":""1Z32376749748534"",""carrier"":""USPS"",""status"":""LABEL_CREATED"",""status_ts"":""2024-02-27T08:24:00Z"",""location"":{""city"":""Memphis"",""region"":""South""},""warehouse_id"":5,""notes"":""Status update: Label Created""}",2024-02-27,retail.order.shipment,2,127,2024/02/01 00:00:00.000,E2E-order-shipment-event
85b37493-03a0-4808-8f90-b353d891467d,"{""order_id"":""O100792"",""tracking_number"":""1Z32376749748534"",""carrier"":""USPS"",""status"":""PICKED_UP"",""status_ts"":""2024-02-28T11:19:00Z"",""location"":{""city"":""Columbus"",""region"":""East""},""warehouse_id"":5,""notes"":""Status update: Picked Up""}",2024-02-28,retail.order.shipment,2,128,2024/02/01 00:00:00.000,E2E-order-shipment-event
393d0e71-7403-4b6e-8e07-eb539e6ba932,"{""order_id"":""O100795"",""tracking_number"":""1Z85167581384466"",""carrier"":""UPS"",""status"":""LABEL_CREATED"",""status_ts"":""2024-02-25T08:49:00Z"",""location"":{""city"":""Denver"",""region"":""East""},""warehouse_id"":45,""notes"":""Status update: Label Created""}",2024-02-25,retail.order.shipment,5,71,2024/02/01 00:00:00.000,E2E-order-shipment-event
4523dc2d-a128-4113-80c5-b6af7a453456,"{""order_id"":""O100795"",""tracking_number"":""1Z85167581384466"",""carrier"":""UPS"",""status"":""PICKED_UP"",""status_ts"":""2024-02-26T11:51:00Z"",""location"":{""city"":""Denver"",""region"":""South""},""warehouse_id"":45,""notes"":""Status update: Picked Up""}",2024-02-26,retail.order.shipment,5,72,2024/02/01 00:00:00.000,E2E-order-shipment-event
495af4f5-280d-43ea-bcaf-3d5e0684d3e1,"{""order_id"":""O100795"",""tracking_number"":""1Z85167581384466"",""carrier"":""UPS"",""status"":""IN_TRANSIT"",""status_ts"":""2024-03-01T14:14:00Z"",""location"":{""city"":""Louisville"",""region"":""East""},""warehouse_id"":45,""notes"":""Status update: In Transit""}",2024-03-01,retail.order.shipment,5,73,2024/02/01 00:00:00.000,E2E-order-shipment-event
9e34cb73-905d-404a-99a6-40c6c68b70da,"{""order_id"":""O100795"",""tracking_number"":""1Z85167581384466"",""carrier"":""UPS"",""status"":""OUT_FOR_DELIVERY"",""status_ts"":""2024-03-01T17:31:00Z"",""location"":{""city"":""Atlanta"",""region"":""West""},""warehouse_id"":45,""notes"":""Status update: Out For Delivery""}",2024-03-01,retail.order.shipment,5,74,2024/02/01 00:00:00.000,E2E-order-shipment-event
10b721c8-f9dc-4404-bf08-14a2b441b229,"{""order_id"":""O100797"",""tracking_number"":""1Z95817779862922"",""carrier"":""DHL"",""status"":""LABEL_CREATED"",""status_ts"":""2024-02-04T08:45:00Z"",""location"":{""city"":""Denver"",""region"":""West""},""warehouse_id"":36,""notes"":""Status update: Label Created""}",2024-02-04,retail.order.shipment,7,127,2024/02/01 00:00:00.000,E2E-order-shipment-event
5e1f59ca-8196-4ed8-ad38-d735842ec265,"{""order_id"":""O100797"",""tracking_number"":""1Z95817779862922"",""carrier"":""DHL"",""status"":""PICKED_UP"",""status_ts"":""2024-02-07T11:39:00Z"",""location"":{""city"":""Atlanta"",""region"":""West""},""warehouse_id"":36,""notes"":""Status update: Picked Up""}",2024-02-07,retail.order.shipment,7,128,2024/02/01 00:00:00.000,E2E-order-shipment-event
035bdcfc-71c8-4ae9-b241-495a01f99828,"{""order_id"":""O100799"",""tracking_number"":""1Z39539591471561"",""carrier"":""USPS"",""status"":""LABEL_CREATED"",""status_ts"":""2024-02-23T08:16:00Z"",""location"":{""city"":""Atlanta"",""region"":""South""},""warehouse_id"":45,""notes"":""Status update: Label Created""}",2024-02-23,retail.order.shipment,1,104,2024/02/01 00:00:00.000,E2E-order-shipment-event
b76a57a2-d435-452c-9550-0e157256ec8d,"{""order_id"":""O100799"",""tracking_number"":""1Z39539591471561"",""carrier"":""USPS"",""status"":""PICKED_UP"",""status_ts"":""2024-02-25T11:10:00Z"",""location"":{""city"":""Louisville"",""region"":""East""},""warehouse_id"":45,""notes"":""Status update: Picked Up""}",2024-02-25,retail.order.shipment,1,105,2024/02/01 00:00:00.000,E2E-order-shipment-event
df5085da-ab44-42d8-80cf-57c6e52a943e,"{""order_id"":""O100799"",""tracking_number"":""1Z39539591471561"",""carrier"":""USPS"",""status"":""IN_TRANSIT"",""status_ts"":""2024-02-28T14:09:00Z"",""location"":{""city"":""Seattle"",""region"":""East""},""warehouse_id"":45,""notes"":""Status update: In Transit""}",2024-02-28,retail.order.shipment,1,106,2024/02/01 00:00:00.000,E2E-order-shipment-event
bd5a0439-f24d-493f-9a4c-5eae47f1700f,"{""order_id"":""O100799"",""tracking_number"":""1Z39539591471561"",""carrier"":""USPS"",""status"":""OUT_FOR_DELIVERY"",""status_ts"":""2024-02-28T17:40:00Z"",""location"":{""city"":""Dallas"",""region"":""South""},""warehouse_id"":45,""notes"":""Status update: Out For Delivery""}",2024-02-28,retail.order.shipment,1,107,2024/02/01 00:00:00.000,E2E-order-shipment-event
f7f2447e-2aa4-47db-9492-c1e95ca6845d,"{""order_id"":""O100799"",""tracking_number"":""1Z39539591471561"",""carrier"":""USPS"",""status"":""DELIVERED"",""status_ts"":""2024-02-28T08:41:00Z"",""location"":{""city"":""Atlanta"",""region"":""North""},""warehouse_id"":45,""notes"":""Status update: Delivered""}",2024-02-28,retail.order.shipment,1,108,2024/02/01 00:00:00.000,E2E-order-shipment-event
4ec5afab-a340-4bee-b14c-6f230e5a04dd,"{""order_id"":""O100800"",""tracking_number"":""1Z54138296720316"",""carrier"":""FEDEX"",""status"":""LABEL_CREATED"",""status_ts"":""2024-02-22T08:09:00Z"",""location"":{""city"":""Dallas"",""region"":""South""},""warehouse_id"":14,""notes"":""Status update: Label Created""}",2024-02-22,retail.order.shipment,0,71,2024/02/01 00:00:00.000,E2E-order-shipment-event
41625ddd-9575-4a48-912c-616ee722083a,"{""order_id"":""O100804"",""tracking_number"":""1Z49245757061020"",""carrier"":""UPS"",""status"":""LABEL_CREATED"",""status_ts"":""2024-02-26T08:31:00Z"",""location"":{""city"":""Columbus"",""region"":""West""},""warehouse_id"":6,""notes"":""Status update: Label Created""}",2024-02-26,retail.order.shipment,4,119,2024/02/01 00:00:00.000,E2E-order-shipment-event
a92caed7-39c1-4825-863e-ad3f40599689,"{""order_id"":""O100804"",""tracking_number"":""1Z49245757061020"",""carrier"":""UPS"",""status"":""PICKED_UP"",""status_ts"":""2024-02-29T11:42:00Z"",""location"":{""city"":""Louisville"",""region"":""North""},""warehouse_id"":6,""notes"":""Status update: Picked Up""}",2024-02-29,retail.order.shipment,4,120,2024/02/01 00:00:00.000,E2E-order-shipment-event
7fa528a0-5c0d-4ec0-8b9e-c6c8c408904b,"{""order_id"":""O100804"",""tracking_number"":""1Z49245757061020"",""carrier"":""UPS"",""status"":""IN_TRANSIT"",""status_ts"":""2024-03-03T14:18:00Z"",""location"":{""city"":""Columbus"",""region"":""South""},""warehouse_id"":6,""notes"":""Status update: In Transit""}",2024-03-03,retail.order.shipment,4,121,2024/02/01 00:00:00.000,E2E-order-shipment-event
30b7f6f3-b393-4270-a7a9-35c503701bf9,"{""order_id"":""O100805"",""tracking_number"":""1Z73125214282826"",""carrier"":""FEDEX"",""status"":""LABEL_CREATED"",""status_ts"":""2024-02-25T08:45:00Z"",""location"":{""city"":""Chicago"",""region"":""East""},""warehouse_id"":15,""notes"":""Status update: Label Created""}",2024-02-25,retail.order.shipment,5,75,2024/02/01 00:00:00.000,E2E-order-shipment-event
2c72b7b6-6c0b-4b6b-ac45-72a26729ac07,"{""order_id"":""O100805"",""tracking_number"":""1Z73125214282826"",""carrier"":""FEDEX"",""status"":""PICKED_UP"",""status_ts"":""2024-02-28T11:55:00Z"",""location"":{""city"":""Columbus"",""region"":""North""},""warehouse_id"":15,""notes"":""Status update: Picked Up""}",2024-02-28,retail.order.shipment,5,76,2024/02/01 00:00:00.000,E2E-order-shipment-event
d6305925-c81f-4693-9f7c-b6c06094a402,"{""order_id"":""O100805"",""tracking_number"":""1Z73125214282826"",""carrier"":""FEDEX"",""status"":""IN_TRANSIT"",""status_ts"":""2024-03-02T14:52:00Z"",""location"":{""city"":""Seattle"",""region"":""East""},""warehouse_id"":15,""notes"":""Status update: In Transit""}",2024-03-02,retail.order.shipment,5,77,2024/02/01 00:00:00.000,E2E-order-shipment-event
d79f927c-1527-4c0b-93b4-af8fb51c82f8,"{""order_id"":""O100805"",""tracking_number"":""1Z73125214282826"",""carrier"":""FEDEX"",""status"":""OUT_FOR_DELIVERY"",""status_ts"":""2024-03-02T17:03:00Z"",""location"":{""city"":""Louisville"",""region"":""North""},""warehouse_id"":15,""notes"":""Status update: Out For Delivery""}",2024-03-02,retail.order.shipment,5,78,2024/02/01 00:00:00.000,E2E-order-shipment-event
5d8ade45-5def-43b7-8fb2-e3d327ed9740,"{""order_id"":""O100808"",""tracking_number"":""1Z63866143820709"",""carrier"":""FEDEX"",""status"":""LABEL_CREATED"",""status_ts"":""2024-02-16T08:57:00Z"",""location"":{""city"":""Seattle"",""region"":""North""},""warehouse_id"":84,""notes"":""Status update: Label Created""}",2024-02-16,retail.order.shipment,0,72,2024/02/01 00:00:00.000,E2E-order-shipment-event
6c213548-09f8-4585-bb02-37c9c383d744,"{""order_id"":""O100808"",""tracking_number"":""1Z63866143820709"",""carrier"":""FEDEX"",""status"":""PICKED_UP"",""status_ts"":""2024-02-18T11:20:00Z"",""location"":{""city"":""Dallas"",""region"":""East""},""warehouse_id"":84,""notes"":""Status update: Picked Up""}",2024-02-18,retail.order.shipment,0,73,2024/02/01 00:00:00.000,E2E-order-shipment-event
1860f833-e5f5-4fc2-b13f-ea40ff6779f3,"{""order_id"":""O100808"",""tracking_number"":""1Z63866143820709"",""carrier"":""FEDEX"",""status"":""IN_TRANSIT"",""status_ts"":""2024-02-22T14:10:00Z"",""location"":{""city"":""Columbus"",""region"":""South""},""warehouse_id"":84,""notes"":""Status update: In Transit""}",2024-02-22,retail.order.shipment,0,74,2024/02/01 00:00:00.000,E2E-order-shipment-event
ca893f18-0603-44fb-a528-17cf1005e103,"{""order_id"":""O100808"",""tracking_number"":""1Z63866143820709"",""carrier"":""FEDEX"",""status"":""OUT_FOR_DELIVERY"",""status_ts"":""2024-02-22T17:27:00Z"",""location"":{""city"":""Seattle"",""region"":""East""},""warehouse_id"":84,""notes"":""Status update: Out For Delivery""}",2024-02-22,retail.order.shipment,0,75,2024/02/01 00:00:00.000,E2E-order-shipment-event
da40b93b-da8c-44be-a479-2c2fd698d6cd,"{""order_id"":""O100809"",""tracking_number"":""1Z86040933456281"",""carrier"":""FEDEX"",""status"":""LABEL_CREATED"",""status_ts"":""2024-02-01T08:45:00Z"",""location"":{""city"":""Dallas"",""region"":""West""},""warehouse_id"":32,""notes"":""Status update: Label Created""}",2024-02-01,retail.order.shipment,1,109,2024/02/01 00:00:00.000,E2E-order-shipment-event
b4e71a98-a86f-444c-83ab-925483b14296,"{""order_id"":""O100809"",""tracking_number"":""1Z86040933456281"",""carrier"":""FEDEX"",""status"":""PICKED_UP"",""status_ts"":""2024-02-02T11:53:00Z"",""location"":{""city"":""Chicago"",""region"":""South""},""warehouse_id"":32,""notes"":""Status update: Picked Up""}",2024-02-02,retail.order.shipment,1,110,2024/02/01 00:00:00.000,E2E-order-shipment-event
f93879bc-4372-467a-848b-d1e01e1029dd,"{""order_id"":""O100809"",""tracking_number"":""1Z86040933456281"",""carrier"":""FEDEX"",""status"":""IN_TRANSIT"",""status_ts"":""2024-02-05T14:17:00Z"",""location"":{""city"":""Seattle"",""region"":""West""},""warehouse_id"":32,""notes"":""Status update: In Transit""}",2024-02-05,retail.order.shipment,1,111,2024/02/01 00:00:00.000,E2E-order-shipment-event
3664d3bd-e633-4235-9d10-80dbeda06bf7,"{""order_id"":""O100809"",""tracking_number"":""1Z86040933456281"",""carrier"":""FEDEX"",""status"":""OUT_FOR_DELIVERY"",""status_ts"":""2024-02-05T17:25:00Z"",""location"":{""city"":""Atlanta"",""region"":""West""},""warehouse_id"":32,""notes"":""Status update: Out For Delivery""}",2024-02-05,retail.order.shipment,1,112,2024/02/01 00:00:00.000,E2E-order-shipment-event
d279ec63-4f0d-41c0-9fc4-4de62268aecb,"{""order_id"":""O100813"",""tracking_number"":""1Z50304680676356"",""carrier"":""USPS"",""status"":""LABEL_CREATED"",""status_ts"":""2024-02-02T08:49:00Z"",""location"":{""city"":""Louisville"",""region"":""North""},""warehouse_id"":58,""notes"":""Status update: Label Created""}",2024-02-02,retail.order.shipment,4,122,2024/02/01 00:00:00.000,E2E-order-shipment-event
4395a8ce-7315-4450-bc0b-2fc16bb2a380,"{""order_id"":""O100815"",""tracking_number"":""1Z21082846351000"",""carrier"":""USPS"",""status"":""LABEL_CREATED"",""status_ts"":""2024-02-26T08:05:00Z"",""location"":{""city"":""Denver"",""region"":""North""},""warehouse_id"":82,""notes"":""Status update: Label Created""}",2024-02-26,retail.order.shipment,6,88,2024/02/01 00:00:00.000,E2E-order-shipment-event
0065eb1d-2550-4fa1-9f22-666432682dca,"{""order_id"":""O100816"",""tracking_number"":""1Z15925987350034"",""carrier"":""FEDEX"",""status"":""LABEL_CREATED"",""status_ts"":""2024-02-25T08:46:00Z"",""location"":{""city"":""Columbus"",""region"":""West""},""warehouse_id"":32,""notes"":""Status update: Label Created""}",2024-02-25,retail.order.shipment,7,129,2024/02/01 00:00:00.000,E2E-order-shipment-event
76eceeca-c28d-456f-8a08-4fa5934bb5bb,"{""order_id"":""O100817"",""tracking_number"":""1Z79490439890517"",""carrier"":""DHL"",""status"":""LABEL_CREATED"",""status_ts"":""2024-02-27T08:02:00Z"",""location"":{""city"":""Chicago"",""region"":""South""},""warehouse_id"":55,""notes"":""Status update: Label Created""}",2024-02-27,retail.order.shipment,0,76,2024/02/01 00:00:00.000,E2E-order-shipment-event
d956fb77-af88-4cfe-a3ff-59e8c733cb4e,"{""order_id"":""O100819"",""tracking_number"":""1Z71802533762849"",""carrier"":""DHL"",""status"":""LABEL_CREATED"",""status_ts"":""2024-02-07T08:47:00Z"",""location"":{""city"":""Seattle"",""region"":""North""},""warehouse_id"":94,""notes"":""Status update: Label Created""}",2024-02-07,retail.order.shipment,2,129,2024/02/01 00:00:00.000,E2E-order-shipment-event
6e9b9d56-d389-4ce5-a151-a2ef7531dfb6,"{""order_id"":""O100821"",""tracking_number"":""1Z61649313177530"",""carrier"":""DHL"",""status"":""LABEL_CREATED"",""status_ts"":""2024-02-03T08:22:00Z"",""location"":{""city"":""Denver"",""region"":""North""},""warehouse_id"":74,""notes"":""Status update: Label Created""}",2024-02-03,retail.order.shipment,3,108,2024/02/01 00:00:00.000,E2E-order-shipment-event
d2d61142-f8f3-4be5-932c-d8aed9c65293,"{""order_id"":""O100821"",""tracking_number"":""1Z61649313177530"",""carrier"":""DHL"",""status"":""PICKED_UP"",""status_ts"":""2024-02-04T11:29:00Z"",""location"":{""city"":""Louisville"",""region"":""West""},""warehouse_id"":74,""notes"":""Status update: Picked Up""}",2024-02-04,retail.order.shipment,3,109,2024/02/01 00:00:00.000,E2E-order-shipment-event
e1002185-d84b-4f6a-9aff-46142909745f,"{""order_id"":""O100821"",""tracking_number"":""1Z61649313177530"",""carrier"":""DHL"",""status"":""IN_TRANSIT"",""status_ts"":""2024-02-08T14:38:00Z"",""location"":{""city"":""Columbus"",""region"":""East""},""warehouse_id"":74,""notes"":""Status update: In Transit""}",2024-02-08,retail.order.shipment,3,110,2024/02/01 00:00:00.000,E2E-order-shipment-event
8e501b72-8233-4170-bb84-691783b46e1e,"{""order_id"":""O100823"",""tracking_number"":""1Z95953152434181"",""carrier"":""FEDEX"",""status"":""LABEL_CREATED"",""status_ts"":""2024-02-12T08:56:00Z"",""location"":{""city"":""Memphis"",""region"":""East""},""warehouse_id"":81,""notes"":""Status update: Label Created""}",2024-02-12,retail.order.shipment,5,79,2024/02/01 00:00:00.000,E2E-order-shipment-event
418caac3-2f37-4092-9084-964c8aa02ad8,"{""order_id"":""O100823"",""tracking_number"":""1Z95953152434181"",""carrier"":""FEDEX"",""status"":""PICKED_UP"",""status_ts"":""2024-02-15T11:59:00Z"",""location"":{""city"":""Seattle"",""region"":""South""},""warehouse_id"":81,""notes"":""Status update: Picked Up""}",2024-02-15,retail.order.shipment,5,80,2024/02/01 00:00:00.000,E2E-order-shipment-event
9754a504-0160-40a6-ab4e-9617fd1c02e7,"{""order_id"":""O100823"",""tracking_number"":""1Z95953152434181"",""carrier"":""FEDEX"",""status"":""IN_TRANSIT"",""status_ts"":""2024-02-18T14:51:00Z"",""location"":{""city"":""Seattle"",""region"":""West""},""warehouse_id"":81,""notes"":""Status update: In Transit""}",2024-02-18,retail.order.shipment,5,81,2024/02/01 00:00:00.000,E2E-order-shipment-event
0f08305d-d55d-40a2-8d06-1abf19aeddea,"{""order_id"":""O100823"",""tracking_number"":""1Z95953152434181"",""carrier"":""FEDEX"",""status"":""OUT_FOR_DELIVERY"",""status_ts"":""2024-02-18T17:54:00Z"",""location"":{""city"":""Denver"",""region"":""East""},""warehouse_id"":81,""notes"":""Status update: Out For Delivery""}",2024-02-18,retail.order.shipment,5,82,2024/02/01 00:00:00.000,E2E-order-shipment-event
4358a011-bd1d-4045-87af-fcc3ab7bed9f,"{""order_id"":""O100823"",""tracking_number"":""1Z95953152434181"",""carrier"":""FEDEX"",""status"":""DELIVERED"",""status_ts"":""2024-02-17T08:41:00Z"",""location"":{""city"":""Dallas"",""region"":""East""},""warehouse_id"":81,""notes"":""Status update: Delivered""}",2024-02-17,retail.order.shipment,5,83,2024/02/01 00:00:00.000,E2E-order-shipment-event
5cff47cb-087e-41a1-a637-dfbdb65e3c6e,"{""order_id"":""O100826"",""tracking_number"":""1Z49045010418103"",""carrier"":""FEDEX"",""status"":""EXCEPTION"",""status_ts"":""2024-02-05T08:47:00Z"",""location"":{""city"":""Memphis"",""region"":""North""},""warehouse_id"":88,""notes"":""Status update: Exception""}",2024-02-05,retail.order.shipment,0,77,2024/02/01 00:00:00.000,E2E-order-shipment-event
c2871282-9a09-4803-a05f-ed2197ddbb7f,"{""order_id"":""O100827"",""tracking_number"":""1Z88308785721910"",""carrier"":""DHL"",""status"":""LABEL_CREATED"",""status_ts"":""2024-02-07T08:43:00Z"",""location"":{""city"":""Seattle"",""region"":""West""},""warehouse_id"":44,""notes"":""Status update: Label Created""}",2024-02-07,retail.order.shipment,1,113,2024/02/01 00:00:00.000,E2E-order-shipment-event
fe46b083-e9f3-4ceb-9786-b54f290e6c54,"{""order_id"":""O100827"",""tracking_number"":""1Z88308785721910"",""carrier"":""DHL"",""status"":""PICKED_UP"",""status_ts"":""2024-02-09T11:51:00Z"",""location"":{""city"":""Chicago"",""region"":""South""},""warehouse_id"":44,""notes"":""Status update: Picked Up""}",2024-02-09,retail.order.shipment,1,114,2024/02/01 00:00:00.000,E2E-order-shipment-event
83ea9d16-86d7-46ef-94e3-8042071eff82,"{""order_id"":""O100827"",""tracking_number"":""1Z88308785721910"",""carrier"":""DHL"",""status"":""IN_TRANSIT"",""status_ts"":""2024-02-12T14:49:00Z"",""location"":{""city"":""Columbus"",""region"":""North""},""warehouse_id"":44,""notes"":""Status update: In Transit""}",2024-02-12,retail.order.shipment,1,115,2024/02/01 00:00:00.000,E2E-order-shipment-event
012b1aec-911c-479e-ae52-773631c6362d,"{""order_id"":""O100827"",""tracking_number"":""1Z88308785721910"",""carrier"":""DHL"",""status"":""OUT_FOR_DELIVERY"",""status_ts"":""2024-02-12T17:52:00Z"",""location"":{""city"":""Denver"",""region"":""East""},""warehouse_id"":44,""notes"":""Status update: Out For Delivery""}",2024-02-12,retail.order.shipment,1,116,2024/02/01 00:00:00.000,E2E-order-shipment-event
2fb95685-51e0-4839-9d50-95248513aa05,"{""order_id"":""O100830"",""tracking_number"":""1Z13937079404503"",""carrier"":""USPS"",""status"":""LABEL_CREATED"",""status_ts"":""2024-02-08T08:21:00Z"",""location"":{""city"":""Atlanta"",""region"":""East""},""warehouse_id"":32,""notes"":""Status update: Label Created""}",2024-02-08,retail.order.shipment,3,111,2024/02/01 00:00:00.000,E2E-order-shipment-event
f431321f-0512-4831-b49e-d75fe263cb8e,"{""order_id"":""O100830"",""tracking_number"":""1Z13937079404503"",""carrier"":""USPS"",""status"":""PICKED_UP"",""status_ts"":""2024-02-10T11:31:00Z"",""location"":{""city"":""Memphis"",""region"":""West""},""warehouse_id"":32,""notes"":""Status update: Picked Up""}",2024-02-10,retail.order.shipment,3,112,2024/02/01 00:00:00.000,E2E-order-shipment-event
4efb5124-6602-40b5-87c2-da57c87696ac,"{""order_id"":""O100831"",""tracking_number"":""1Z79629670885877"",""carrier"":""UPS"",""status"":""LABEL_CREATED"",""status_ts"":""2024-02-13T08:38:00Z"",""location"":{""city"":""Memphis"",""region"":""West""},""warehouse_id"":47,""notes"":""Status update: Label Created""}",2024-02-13,retail.order.shipment,4,123,2024/02/01 00:00:00.000,E2E-order-shipment-event
53680ddc-3688-4a82-835c-04a15519b1d1,"{""order_id"":""O100831"",""tracking_number"":""1Z79629670885877"",""carrier"":""UPS"",""status"":""PICKED_UP"",""status_ts"":""2024-02-15T11:05:00Z"",""location"":{""city"":""Seattle"",""region"":""North""},""warehouse_id"":47,""notes"":""Status update: Picked Up""}",2024-02-15,retail.order.shipment,4,124,2024/02/01 00:00:00.000,E2E-order-shipment-event
61763694-5006-422e-8e48-a5f6089c174a,"{""order_id"":""O100831"",""tracking_number"":""1Z79629670885877"",""carrier"":""UPS"",""status"":""IN_TRANSIT"",""status_ts"":""2024-02-17T14:23:00Z"",""location"":{""city"":""Atlanta"",""region"":""West""},""warehouse_id"":47,""notes"":""Status update: In Transit""}",2024-02-17,retail.order.shipment,4,125,2024/02/01 00:00:00.000,E2E-order-shipment-event
9367041e-62d0-492a-8bb5-5bb0de8ffb0c,"{""order_id"":""O100833"",""tracking_number"":""1Z99093923479329"",""carrier"":""UPS"",""status"":""LABEL_CREATED"",""status_ts"":""2024-02-20T08:05:00Z"",""location"":{""city"":""Louisville"",""region"":""West""},""warehouse_id"":97,""notes"":""Status update: Label Created""}",2024-02-20,retail.order.shipment,6,89,2024/02/01 00:00:00.000,E2E-order-shipment-event
1c2647da-1925-42a5-93a0-a37f5713d0ae,"{""order_id"":""O100833"",""tracking_number"":""1Z99093923479329"",""carrier"":""UPS"",""status"":""PICKED_UP"",""status_ts"":""2024-02-23T11:11:00Z"",""location"":{""city"":""Dallas"",""region"":""North""},""warehouse_id"":97,""notes"":""Status update: Picked Up""}",2024-02-23,retail.order.shipment,6,90,2024/02/01 00:00:00.000,E2E-order-shipment-event
4ad53cd1-7270-4b52-a131-05ec1e81aecc,"{""order_id"":""O100833"",""tracking_number"":""1Z99093923479329"",""carrier"":""UPS"",""status"":""IN_TRANSIT"",""status_ts"":""2024-02-25T14:49:00Z"",""location"":{""city"":""Atlanta"",""region"":""North""},""warehouse_id"":97,""notes"":""Status update: In Transit""}",2024-02-25,retail.order.shipment,6,91,2024/02/01 00:00:00.000,E2E-order-shipment-event
20d772e7-bf4b-48e3-b9d6-3df587678fd9,"{""order_id"":""O100833"",""tracking_number"":""1Z99093923479329"",""carrier"":""UPS"",""status"":""OUT_FOR_DELIVERY"",""status_ts"":""2024-02-25T17:44:00Z"",""location"":{""city"":""Dallas"",""region"":""North""},""warehouse_id"":97,""notes"":""Status update: Out For Delivery""}",2024-02-25,retail.order.shipment,6,92,2024/02/01 00:00:00.000,E2E-order-shipment-event
6467dc4e-08c3-463d-ad21-4e925cfba3d5,"{""order_id"":""O100833"",""tracking_number"":""1Z99093923479329"",""carrier"":""UPS"",""status"":""DELIVERED"",""status_ts"":""2024-02-24T08:43:00Z"",""location"":{""city"":""Memphis"",""region"":""North""},""warehouse_id"":97,""notes"":""Status update: Delivered""}",2024-02-24,retail.order.shipment,6,93,2024/02/01 00:00:00.000,E2E-order-shipment-event
68fe160a-7d82-4950-90a3-faed57a5c7b9,"{""order_id"":""O100837"",""tracking_number"":""1Z61084480313773"",""carrier"":""FEDEX"",""status"":""LABEL_CREATED"",""status_ts"":""2024-02-28T08:25:00Z"",""location"":{""city"":""Seattle"",""region"":""North""},""warehouse_id"":7,""notes"":""Status update: Label Created""}",2024-02-28,retail.order.shipment,2,130,2024/02/01 00:00:00.000,E2E-order-shipment-event
989df47c-b4f6-4551-a208-2c7e33775c02,"{""order_id"":""O100853"",""tracking_number"":""1Z50061620751029"",""carrier"":""FEDEX"",""status"":""LABEL_CREATED"",""status_ts"":""2024-02-26T08:51:00Z"",""location"":{""city"":""Chicago"",""region"":""South""},""warehouse_id"":83,""notes"":""Status update: Label Created""}",2024-02-26,retail.order.shipment,0,78,2024/02/01 00:00:00.000,E2E-order-shipment-event
98e42bcf-8e41-42e1-9cdc-025cae63dfcf,"{""order_id"":""O100853"",""tracking_number"":""1Z50061620751029"",""carrier"":""FEDEX"",""status"":""PICKED_UP"",""status_ts"":""2024-02-28T11:47:00Z"",""location"":{""city"":""Memphis"",""region"":""North""},""warehouse_id"":83,""notes"":""Status update: Picked Up""}",2024-02-28,retail.order.shipment,0,79,2024/02/01 00:00:00.000,E2E-order-shipment-event
a5026ae5-c4db-4ff1-a76e-f90a3d8b5e5d,"{""order_id"":""O100858"",""tracking_number"":""1Z24384796493929"",""carrier"":""UPS"",""status"":""LABEL_CREATED"",""status_ts"":""2024-02-13T08:12:00Z"",""location"":{""city"":""Louisville"",""region"":""South""},""warehouse_id"":14,""notes"":""Status update: Label Created""}",2024-02-13,retail.order.shipment,5,84,2024/02/01 00:00:00.000,E2E-order-shipment-event
9758a851-0457-4729-a5c5-546d69b89a11,"{""order_id"":""O100859"",""tracking_number"":""1Z11378630279605"",""carrier"":""DHL"",""status"":""LABEL_CREATED"",""status_ts"":""2024-02-19T08:45:00Z"",""location"":{""city"":""Atlanta"",""region"":""North""},""warehouse_id"":34,""notes"":""Status update: Label Created""}",2024-02-19,retail.order.shipment,6,94,2024/02/01 00:00:00.000,E2E-order-shipment-event
8c795972-64b3-461a-992d-2d7d48666d6f,"{""order_id"":""O100859"",""tracking_number"":""1Z11378630279605"",""carrier"":""DHL"",""status"":""PICKED_UP"",""status_ts"":""2024-02-21T11:32:00Z"",""location"":{""city"":""Dallas"",""region"":""South""},""warehouse_id"":34,""notes"":""Status update: Picked Up""}",2024-02-21,retail.order.shipment,6,95,2024/02/01 00:00:00.000,E2E-order-shipment-event
1980bcfe-337a-4ad0-9ccd-a9a46db2437e,"{""order_id"":""O100860"",""tracking_number"":""1Z47557483914550"",""carrier"":""USPS"",""status"":""LABEL_CREATED"",""status_ts"":""2024-02-05T08:57:00Z"",""location"":{""city"":""Columbus"",""region"":""East""},""warehouse_id"":45,""notes"":""Status update: Label Created""}",2024-02-05,retail.order.shipment,6,96,2024/02/01 00:00:00.000,E2E-order-shipment-event
f6fabb87-c2a4-4ac8-8a80-52da8ccc798a,"{""order_id"":""O100860"",""tracking_number"":""1Z47557483914550"",""carrier"":""USPS"",""status"":""PICKED_UP"",""status_ts"":""2024-02-06T11:07:00Z"",""location"":{""city"":""Louisville"",""region"":""South""},""warehouse_id"":45,""notes"":""Status update: Picked Up""}",2024-02-06,retail.order.shipment,6,97,2024/02/01 00:00:00.000,E2E-order-shipment-event
90bc44a9-d9a1-4905-b24c-6f2c45970fde,"{""order_id"":""O100860"",""tracking_number"":""1Z47557483914550"",""carrier"":""USPS"",""status"":""IN_TRANSIT"",""status_ts"":""2024-02-09T14:00:00Z"",""location"":{""city"":""Memphis"",""region"":""North""},""warehouse_id"":45,""notes"":""Status update: In Transit""}",2024-02-09,retail.order.shipment,6,98,2024/02/01 00:00:00.000,E2E-order-shipment-event
3b064642-f3d6-49b9-bdab-fa0c1eda25b1,"{""order_id"":""O100860"",""tracking_number"":""1Z47557483914550"",""carrier"":""USPS"",""status"":""OUT_FOR_DELIVERY"",""status_ts"":""2024-02-09T17:19:00Z"",""location"":{""city"":""Seattle"",""region"":""East""},""warehouse_id"":45,""notes"":""Status update: Out For Delivery""}",2024-02-09,retail.order.shipment,6,99,2024/02/01 00:00:00.000,E2E-order-shipment-event
47709d55-136c-4a4b-a23f-c6ab825076f8,"{""order_id"":""O100860"",""tracking_number"":""1Z47557483914550"",""carrier"":""USPS"",""status"":""DELIVERED"",""status_ts"":""2024-02-09T08:05:00Z"",""location"":{""city"":""Memphis"",""region"":""East""},""warehouse_id"":45,""notes"":""Status update: Delivered""}",2024-02-09,retail.order.shipment,6,100,2024/02/01 00:00:00.000,E2E-order-shipment-event
db6e39f7-0654-4e04-8c56-a4bd2081c2bd,"{""order_id"":""O100862"",""tracking_number"":""1Z10526565254086"",""carrier"":""DHL"",""status"":""EXCEPTION"",""status_ts"":""2024-02-18T08:13:00Z"",""location"":{""city"":""Memphis"",""region"":""East""},""warehouse_id"":95,""notes"":""Status update: Exception""}",2024-02-18,retail.order.shipment,0,80,2024/02/01 00:00:00.000,E2E-order-shipment-event
405de403-af4c-4e46-bea5-31b3f9faf690,"{""order_id"":""O100865"",""tracking_number"":""1Z93863252576446"",""carrier"":""DHL"",""status"":""EXCEPTION"",""status_ts"":""2024-02-23T08:16:00Z"",""location"":{""city"":""Dallas"",""region"":""West""},""warehouse_id"":23,""notes"":""Status update: Exception""}",2024-02-23,retail.order.shipment,3,113,2024/02/01 00:00:00.000,E2E-order-shipment-event
b30795ce-54df-46e5-91e4-fe0bfe2721a1,"{""order_id"":""O100867"",""tracking_number"":""1Z97882278742874"",""carrier"":""DHL"",""status"":""LABEL_CREATED"",""status_ts"":""2024-02-25T08:26:00Z"",""location"":{""city"":""Chicago"",""region"":""North""},""warehouse_id"":27,""notes"":""Status update: Label Created""}",2024-02-25,retail.order.shipment,5,85,2024/02/01 00:00:00.000,E2E-order-shipment-event
2778cae3-a268-4cc9-b7cf-7b0810cf4478,"{""order_id"":""O100867"",""tracking_number"":""1Z97882278742874"",""carrier"":""DHL"",""status"":""PICKED_UP"",""status_ts"":""2024-02-26T11:01:00Z"",""location"":{""city"":""Denver"",""region"":""South""},""warehouse_id"":27,""notes"":""Status update: Picked Up""}",2024-02-26,retail.order.shipment,5,86,2024/02/01 00:00:00.000,E2E-order-shipment-event
d2d0ba77-cacc-4349-be4b-8b1d24994375,"{""order_id"":""O100875"",""tracking_number"":""1Z90430416643638"",""carrier"":""UPS"",""status"":""LABEL_CREATED"",""status_ts"":""2024-02-24T08:57:00Z"",""location"":{""city"":""Chicago"",""region"":""North""},""warehouse_id"":64,""notes"":""Status update: Label Created""}",2024-02-24,retail.order.shipment,4,126,2024/02/01 00:00:00.000,E2E-order-shipment-event
eb2d8590-0224-462d-9ccd-4a7a3cee3fd8,"{""order_id"":""O100875"",""tracking_number"":""1Z90430416643638"",""carrier"":""UPS"",""status"":""PICKED_UP"",""status_ts"":""2024-02-27T11:29:00Z"",""location"":{""city"":""Seattle"",""region"":""West""},""warehouse_id"":64,""notes"":""Status update: Picked Up""}",2024-02-27,retail.order.shipment,4,127,2024/02/01 00:00:00.000,E2E-order-shipment-event
b5200cbe-0c83-4aa0-9fb8-9a0568490982,"{""order_id"":""O100875"",""tracking_number"":""1Z90430416643638"",""carrier"":""UPS"",""status"":""IN_TRANSIT"",""status_ts"":""2024-03-01T14:40:00Z"",""location"":{""city"":""Atlanta"",""region"":""South""},""warehouse_id"":64,""notes"":""Status update: In Transit""}",2024-03-01,retail.order.shipment,4,128,2024/02/01 00:00:00.000,E2E-order-shipment-event
0b875106-ec1b-4f9b-a9ff-8c0b512cedb4,"{""order_id"":""O100877"",""tracking_number"":""1Z96694577298108"",""carrier"":""FEDEX"",""status"":""LABEL_CREATED"",""status_ts"":""2024-02-16T08:41:00Z"",""location"":{""city"":""Louisville"",""region"":""South""},""warehouse_id"":36,""notes"":""Status update: Label Created""}",2024-02-16,retail.order.shipment,6,101,2024/02/01 00:00:00.000,E2E-order-shipment-event
c6a7c761-a308-4594-abd8-b6081a527ee0,"{""order_id"":""O100877"",""tracking_number"":""1Z96694577298108"",""carrier"":""FEDEX"",""status"":""PICKED_UP"",""status_ts"":""2024-02-18T11:34:00Z"",""location"":{""city"":""Atlanta"",""region"":""North""},""warehouse_id"":36,""notes"":""Status update: Picked Up""}",2024-02-18,retail.order.shipment,6,102,2024/02/01 00:00:00.000,E2E-order-shipment-event
640fe9ff-f299-4f03-9451-4e902411deb5,"{""order_id"":""O100877"",""tracking_number"":""1Z96694577298108"",""carrier"":""FEDEX"",""status"":""IN_TRANSIT"",""status_ts"":""2024-02-22T14:54:00Z"",""location"":{""city"":""Louisville"",""region"":""West""},""warehouse_id"":36,""notes"":""Status update: In Transit""}",2024-02-22,retail.order.shipment,6,103,2024/02/01 00:00:00.000,E2E-order-shipment-event
419c67cb-52ac-4fae-9358-aa0783b9ce78,"{""order_id"":""O100877"",""tracking_number"":""1Z96694577298108"",""carrier"":""FEDEX"",""status"":""OUT_FOR_DELIVERY"",""status_ts"":""2024-02-22T17:44:00Z"",""location"":{""city"":""Chicago"",""region"":""West""},""warehouse_id"":36,""notes"":""Status update: Out For Delivery""}",2024-02-22,retail.order.shipment,6,104,2024/02/01 00:00:00.000,E2E-order-shipment-event
0330144a-58fa-43a6-abad-89de0ca206c6,"{""order_id"":""O100877"",""tracking_number"":""1Z96694577298108"",""carrier"":""FEDEX"",""status"":""DELIVERED"",""status_ts"":""2024-02-22T08:23:00Z"",""location"":{""city"":""Denver"",""region"":""West""},""warehouse_id"":36,""notes"":""Status update: Delivered""}",2024-02-22,retail.order.shipment,6,105,2024/02/01 00:00:00.000,E2E-order-shipment-event
94013112-51df-4bf5-8298-0e7fabd4e728,"{""order_id"":""O100883"",""tracking_number"":""1Z80457358287591"",""carrier"":""DHL"",""status"":""EXCEPTION"",""status_ts"":""2024-02-22T08:42:00Z"",""location"":{""city"":""Chicago"",""region"":""South""},""warehouse_id"":27,""notes"":""Status update: Exception""}",2024-02-22,retail.order.shipment,3,114,2024/02/01 00:00:00.000,E2E-order-shipment-event
2d686cfe-7d12-41a9-881b-b5f27f134198,"{""order_id"":""O100884"",""tracking_number"":""1Z60450746241737"",""carrier"":""UPS"",""status"":""LABEL_CREATED"",""status_ts"":""2024-02-27T08:15:00Z"",""location"":{""city"":""Chicago"",""region"":""East""},""warehouse_id"":1,""notes"":""Status update: Label Created""}",2024-02-27,retail.order.shipment,4,129,2024/02/01 00:00:00.000,E2E-order-shipment-event
486323d9-15e9-4404-a20d-fa8499b8b09a,"{""order_id"":""O100885"",""tracking_number"":""1Z35031222931667"",""carrier"":""FEDEX"",""status"":""LABEL_CREATED"",""status_ts"":""2024-02-13T08:14:00Z"",""location"":{""city"":""Seattle"",""region"":""West""},""warehouse_id"":46,""notes"":""Status update: Label Created""}",2024-02-13,retail.order.shipment,5,87,2024/02/01 00:00:00.000,E2E-order-shipment-event
9c4ae01c-951a-48d2-ad88-ab09a569ad38,"{""order_id"":""O100885"",""tracking_number"":""1Z35031222931667"",""carrier"":""FEDEX"",""status"":""PICKED_UP"",""status_ts"":""2024-02-14T11:55:00Z"",""location"":{""city"":""Atlanta"",""region"":""North""},""warehouse_id"":46,""notes"":""Status update: Picked Up""}",2024-02-14,retail.order.shipment,5,88,2024/02/01 00:00:00.000,E2E-order-shipment-event
88f1ca3b-ad2a-4c20-b07d-a1fc79fff71f,"{""order_id"":""O100885"",""tracking_number"":""1Z35031222931667"",""carrier"":""FEDEX"",""status"":""IN_TRANSIT"",""status_ts"":""2024-02-18T14:01:00Z"",""location"":{""city"":""Columbus"",""region"":""East""},""warehouse_id"":46,""notes"":""Status update: In Transit""}",2024-02-18,retail.order.shipment,5,89,2024/02/01 00:00:00.000,E2E-order-shipment-event
77b65b3a-9933-4651-b121-1dc697d3fdec,"{""order_id"":""O100885"",""tracking_number"":""1Z35031222931667"",""carrier"":""FEDEX"",""status"":""OUT_FOR_DELIVERY"",""status_ts"":""2024-02-18T17:08:00Z"",""location"":{""city"":""Atlanta"",""region"":""West""},""warehouse_id"":46,""notes"":""Status update: Out For Delivery""}",2024-02-18,retail.order.shipment,5,90,2024/02/01 00:00:00.000,E2E-order-shipment-event
3d14b620-08e9-49e4-9aa9-6d0f8481a617,"{""order_id"":""O100885"",""tracking_number"":""1Z35031222931667"",""carrier"":""FEDEX"",""status"":""DELIVERED"",""status_ts"":""2024-02-18T08:26:00Z"",""location"":{""city"":""Denver"",""region"":""East""},""warehouse_id"":46,""notes"":""Status update: Delivered""}",2024-02-18,retail.order.shipment,5,91,2024/02/01 00:00:00.000,E2E-order-shipment-event
0152fd8d-4920-4302-b768-6f745f3f65c2,"{""order_id"":""O100889"",""tracking_number"":""1Z66098634320786"",""carrier"":""USPS"",""status"":""LABEL_CREATED"",""status_ts"":""2024-02-26T08:06:00Z"",""location"":{""city"":""Columbus"",""region"":""West""},""warehouse_id"":93,""notes"":""Status update: Label Created""}",2024-02-26,retail.order.shipment,1,117,2024/02/01 00:00:00.000,E2E-order-shipment-event
f836acb1-898d-4f5c-95f9-facd2594bb3f,"{""order_id"":""O100889"",""tracking_number"":""1Z66098634320786"",""carrier"":""USPS"",""status"":""PICKED_UP"",""status_ts"":""2024-02-29T11:12:00Z"",""location"":{""city"":""Atlanta"",""region"":""North""},""warehouse_id"":93,""notes"":""Status update: Picked Up""}",2024-02-29,retail.order.shipment,1,118,2024/02/01 00:00:00.000,E2E-order-shipment-event
2da871a0-4d33-4740-826d-b603b0ddb8ac,"{""order_id"":""O100889"",""tracking_number"":""1Z66098634320786"",""carrier"":""USPS"",""status"":""IN_TRANSIT"",""status_ts"":""2024-03-04T14:15:00Z"",""location"":{""city"":""Atlanta"",""region"":""East""},""warehouse_id"":93,""notes"":""Status update: In Transit""}",2024-03-04,retail.order.shipment,1,119,2024/02/01 00:00:00.000,E2E-order-shipment-event
ffe1aff2-af96-4c73-81d8-7893d6c6756a,"{""order_id"":""O100889"",""tracking_number"":""1Z66098634320786"",""carrier"":""USPS"",""status"":""OUT_FOR_DELIVERY"",""status_ts"":""2024-03-04T17:21:00Z"",""location"":{""city"":""Dallas"",""region"":""South""},""warehouse_id"":93,""notes"":""Status update: Out For Delivery""}",2024-03-04,retail.order.shipment,1,120,2024/02/01 00:00:00.000,E2E-order-shipment-event
7076da73-1234-452f-aba1-87ee2db66cbb,"{""order_id"":""O100890"",""tracking_number"":""1Z23225024258801"",""carrier"":""UPS"",""status"":""LABEL_CREATED"",""status_ts"":""2024-02-04T08:54:00Z"",""location"":{""city"":""Dallas"",""region"":""South""},""warehouse_id"":21,""notes"":""Status update: Label Created""}",2024-02-04,retail.order.shipment,1,121,2024/02/01 00:00:00.000,E2E-order-shipment-event
50baf2ba-c3dd-4988-bae1-43e39d2692ca,"{""order_id"":""O100890"",""tracking_number"":""1Z23225024258801"",""carrier"":""UPS"",""status"":""PICKED_UP"",""status_ts"":""2024-02-05T11:33:00Z"",""location"":{""city"":""Memphis"",""region"":""East""},""warehouse_id"":21,""notes"":""Status update: Picked Up""}",2024-02-05,retail.order.shipment,1,122,2024/02/01 00:00:00.000,E2E-order-shipment-event
d7bee59d-8368-462d-826f-54d5f3e62c06,"{""order_id"":""O100890"",""tracking_number"":""1Z23225024258801"",""carrier"":""UPS"",""status"":""IN_TRANSIT"",""status_ts"":""2024-02-07T14:44:00Z"",""location"":{""city"":""Atlanta"",""region"":""South""},""warehouse_id"":21,""notes"":""Status update: In Transit""}",2024-02-07,retail.order.shipment,1,123,2024/02/01 00:00:00.000,E2E-order-shipment-event
51345897-af5e-4033-a611-8af89ae03ae9,"{""order_id"":""O100892"",""tracking_number"":""1Z17696636244129"",""carrier"":""DHL"",""status"":""LABEL_CREATED"",""status_ts"":""2024-02-11T08:27:00Z"",""location"":{""city"":""Denver"",""region"":""East""},""warehouse_id"":53,""notes"":""Status update: Label Created""}",2024-02-11,retail.order.shipment,3,115,2024/02/01 00:00:00.000,E2E-order-shipment-event
b3eaa82e-19a5-40c3-90d6-1d8374d53d75,"{""order_id"":""O100892"",""tracking_number"":""1Z17696636244129"",""carrier"":""DHL"",""status"":""PICKED_UP"",""status_ts"":""2024-02-14T11:06:00Z"",""location"":{""city"":""Louisville"",""region"":""East""},""warehouse_id"":53,""notes"":""Status update: Picked Up""}",2024-02-14,retail.order.shipment,3,116,2024/02/01 00:00:00.000,E2E-order-shipment-event
779158a7-21df-4429-8743-aa8be8d3e2ba,"{""order_id"":""O100892"",""tracking_number"":""1Z17696636244129"",""carrier"":""DHL"",""status"":""IN_TRANSIT"",""status_ts"":""2024-02-18T14:56:00Z"",""location"":{""city"":""Denver"",""region"":""North""},""warehouse_id"":53,""notes"":""Status update: In Transit""}",2024-02-18,retail.order.shipment,3,117,2024/02/01 00:00:00.000,E2E-order-shipment-event
ffdfb6cc-22be-4336-ba9b-7a0c88589e61,"{""order_id"":""O100892"",""tracking_number"":""1Z17696636244129"",""carrier"":""DHL"",""status"":""OUT_FOR_DELIVERY"",""status_ts"":""2024-02-18T17:47:00Z"",""location"":{""city"":""Dallas"",""region"":""North""},""warehouse_id"":53,""notes"":""Status update: Out For Delivery""}",2024-02-18,retail.order.shipment,3,118,2024/02/01 00:00:00.000,E2E-order-shipment-event
0ef39fd5-676b-438a-89e8-1c218553bfa8,"{""order_id"":""O100892"",""tracking_number"":""1Z17696636244129"",""carrier"":""DHL"",""status"":""DELIVERED"",""status_ts"":""2024-02-19T08:36:00Z"",""location"":{""city"":""Chicago"",""region"":""South""},""warehouse_id"":53,""notes"":""Status update: Delivered""}",2024-02-19,retail.order.shipment,3,119,2024/02/01 00:00:00.000,E2E-order-shipment-event
90e552e2-8676-4667-b04e-663e9e783272,"{""order_id"":""O100894"",""tracking_number"":""1Z90478357161801"",""carrier"":""DHL"",""status"":""LABEL_CREATED"",""status_ts"":""2024-02-24T08:44:00Z"",""location"":{""city"":""Columbus"",""region"":""North""},""warehouse_id"":26,""notes"":""Status update: Label Created""}",2024-02-24,retail.order.shipment,5,92,2024/02/01 00:00:00.000,E2E-order-shipment-event
56e62085-6dd9-4f7a-a35d-5d170fdd4f7d,"{""order_id"":""O100894"",""tracking_number"":""1Z90478357161801"",""carrier"":""DHL"",""status"":""PICKED_UP"",""status_ts"":""2024-02-25T11:01:00Z"",""location"":{""city"":""Columbus"",""region"":""North""},""warehouse_id"":26,""notes"":""Status update: Picked Up""}",2024-02-25,retail.order.shipment,5,93,2024/02/01 00:00:00.000,E2E-order-shipment-event
2a552d7f-12b3-460e-b06b-ae6e974fc58b,"{""order_id"":""O100894"",""tracking_number"":""1Z90478357161801"",""carrier"":""DHL"",""status"":""IN_TRANSIT"",""status_ts"":""2024-02-28T14:12:00Z"",""location"":{""city"":""Columbus"",""region"":""North""},""warehouse_id"":26,""notes"":""Status update: In Transit""}",2024-02-28,retail.order.shipment,5,94,2024/02/01 00:00:00.000,E2E-order-shipment-event
acd1f266-8993-4f7b-ba9e-c2ec72aabc5d,"{""order_id"":""O100894"",""tracking_number"":""1Z90478357161801"",""carrier"":""DHL"",""status"":""OUT_FOR_DELIVERY"",""status_ts"":""2024-02-28T17:31:00Z"",""location"":{""city"":""Chicago"",""region"":""North""},""warehouse_id"":26,""notes"":""Status update: Out For Delivery""}",2024-02-28,retail.order.shipment,5,95,2024/02/01 00:00:00.000,E2E-order-shipment-event
54e86d5a-98e8-4850-94f5-f55e6af986c3,"{""order_id"":""O100894"",""tracking_number"":""1Z90478357161801"",""carrier"":""DHL"",""status"":""DELIVERED"",""status_ts"":""2024-02-28T08:42:00Z"",""location"":{""city"":""Atlanta"",""region"":""North""},""warehouse_id"":26,""notes"":""Status update: Delivered""}",2024-02-28,retail.order.shipment,5,96,2024/02/01 00:00:00.000,E2E-order-shipment-event
d3f6319f-6d98-417d-b8a6-379419a71801,"{""order_id"":""O100900"",""tracking_number"":""1Z45424489673673"",""carrier"":""USPS"",""status"":""LABEL_CREATED"",""status_ts"":""2024-02-18T08:52:00Z"",""location"":{""city"":""Dallas"",""region"":""South""},""warehouse_id"":100,""notes"":""Status update: Label Created""}",2024-02-18,retail.order.shipment,1,124,2024/02/01 00:00:00.000,E2E-order-shipment-event
e2cb5c34-3c5a-486a-ad5b-c992489db79d,"{""order_id"":""O100900"",""tracking_number"":""1Z45424489673673"",""carrier"":""USPS"",""status"":""PICKED_UP"",""status_ts"":""2024-02-21T11:16:00Z"",""location"":{""city"":""Atlanta"",""region"":""South""},""warehouse_id"":100,""notes"":""Status update: Picked Up""}",2024-02-21,retail.order.shipment,1,125,2024/02/01 00:00:00.000,E2E-order-shipment-event
393d6cdd-3a0c-4cb5-be76-87fa789dc6eb,"{""order_id"":""O100900"",""tracking_number"":""1Z45424489673673"",""carrier"":""USPS"",""status"":""IN_TRANSIT"",""status_ts"":""2024-02-24T14:30:00Z"",""location"":{""city"":""Denver"",""region"":""South""},""warehouse_id"":100,""notes"":""Status update: In Transit""}",2024-02-24,retail.order.shipment,1,126,2024/02/01 00:00:00.000,E2E-order-shipment-event
3d5e6b84-31cb-4a0f-ba61-e02c38dc281b,"{""order_id"":""O100902"",""tracking_number"":""1Z78768534549427"",""carrier"":""UPS"",""status"":""LABEL_CREATED"",""status_ts"":""2024-02-10T08:34:00Z"",""location"":{""city"":""Dallas"",""region"":""South""},""warehouse_id"":72,""notes"":""Status update: Label Created""}",2024-02-10,retail.order.shipment,3,120,2024/02/01 00:00:00.000,E2E-order-shipment-event
d8142f10-eb6b-4af6-acc4-68270fbb7ba1,"{""order_id"":""O100902"",""tracking_number"":""1Z78768534549427"",""carrier"":""UPS"",""status"":""PICKED_UP"",""status_ts"":""2024-02-11T11:13:00Z"",""location"":{""city"":""Atlanta"",""region"":""North""},""warehouse_id"":72,""notes"":""Status update: Picked Up""}",2024-02-11,retail.order.shipment,3,121,2024/02/01 00:00:00.000,E2E-order-shipment-event
251aa64a-57b2-43fc-9b6c-aa0c5ce58b98,"{""order_id"":""O100907"",""tracking_number"":""1Z43837138897052"",""carrier"":""FEDEX"",""status"":""LABEL_CREATED"",""status_ts"":""2024-02-10T08:49:00Z"",""location"":{""city"":""Memphis"",""region"":""North""},""warehouse_id"":86,""notes"":""Status update: Label Created""}",2024-02-10,retail.order.shipment,0,81,2024/02/01 00:00:00.000,E2E-order-shipment-event
07aa2d92-6d4d-4543-8663-8402775eb147,"{""order_id"":""O100907"",""tracking_number"":""1Z43837138897052"",""carrier"":""FEDEX"",""status"":""PICKED_UP"",""status_ts"":""2024-02-12T11:00:00Z"",""location"":{""city"":""Chicago"",""region"":""South""},""warehouse_id"":86,""notes"":""Status update: Picked Up""}",2024-02-12,retail.order.shipment,0,82,2024/02/01 00:00:00.000,E2E-order-shipment-event
9b5dad4d-c0d8-4e97-b6bf-e139797787cd,"{""order_id"":""O100907"",""tracking_number"":""1Z43837138897052"",""carrier"":""FEDEX"",""status"":""IN_TRANSIT"",""status_ts"":""2024-02-16T14:55:00Z"",""location"":{""city"":""Dallas"",""region"":""South""},""warehouse_id"":86,""notes"":""Status update: In Transit""}",2024-02-16,retail.order.shipment,0,83,2024/02/01 00:00:00.000,E2E-order-shipment-event
4da692ea-ae27-46de-a893-1f84f8c51868,"{""order_id"":""O100907"",""tracking_number"":""1Z43837138897052"",""carrier"":""FEDEX"",""status"":""OUT_FOR_DELIVERY"",""status_ts"":""2024-02-16T17:28:00Z"",""location"":{""city"":""Chicago"",""region"":""East""},""warehouse_id"":86,""notes"":""Status update: Out For Delivery""}",2024-02-16,retail.order.shipment,0,84,2024/02/01 00:00:00.000,E2E-order-shipment-event
19683a9d-dcee-4f4b-9ca4-aab92f05a6f5,"{""order_id"":""O100907"",""tracking_number"":""1Z43837138897052"",""carrier"":""FEDEX"",""status"":""DELIVERED"",""status_ts"":""2024-02-16T08:05:00Z"",""location"":{""city"":""Atlanta"",""region"":""South""},""warehouse_id"":86,""notes"":""Status update: Delivered""}",2024-02-16,retail.order.shipment,0,85,2024/02/01 00:00:00.000,E2E-order-shipment-event
76212e79-f35b-475e-bfb2-074f24ddc841,"{""order_id"":""O100908"",""tracking_number"":""1Z27675551461840"",""carrier"":""DHL"",""status"":""LABEL_CREATED"",""status_ts"":""2024-02-24T08:18:00Z"",""location"":{""city"":""Denver"",""region"":""East""},""warehouse_id"":1,""notes"":""Status update: Label Created""}",2024-02-24,retail.order.shipment,1,127,2024/02/01 00:00:00.000,E2E-order-shipment-event
b5e615e4-545b-4c98-8be9-781a3c4cb709,"{""order_id"":""O100908"",""tracking_number"":""1Z27675551461840"",""carrier"":""DHL"",""status"":""PICKED_UP"",""status_ts"":""2024-02-25T11:13:00Z"",""location"":{""city"":""Memphis"",""region"":""South""},""warehouse_id"":1,""notes"":""Status update: Picked Up""}",2024-02-25,retail.order.shipment,1,128,2024/02/01 00:00:00.000,E2E-order-shipment-event
1825c875-7e23-4ebe-9425-34ffdd985228,"{""order_id"":""O100908"",""tracking_number"":""1Z27675551461840"",""carrier"":""DHL"",""status"":""IN_TRANSIT"",""status_ts"":""2024-02-27T14:57:00Z"",""location"":{""city"":""Louisville"",""region"":""East""},""warehouse_id"":1,""notes"":""Status update: In Transit""}",2024-02-27,retail.order.shipment,1,129,2024/02/01 00:00:00.000,E2E-order-shipment-event
a7dc9a05-21e6-49b6-9f0a-aab6b545dc68,"{""order_id"":""O100908"",""tracking_number"":""1Z27675551461840"",""carrier"":""DHL"",""status"":""OUT_FOR_DELIVERY"",""status_ts"":""2024-02-27T17:15:00Z"",""location"":{""city"":""Chicago"",""region"":""North""},""warehouse_id"":1,""notes"":""Status update: Out For Delivery""}",2024-02-27,retail.order.shipment,1,130,2024/02/01 00:00:00.000,E2E-order-shipment-event
69f62a40-7868-4527-a881-621542859d48,"{""order_id"":""O100909"",""tracking_number"":""1Z16805711874183"",""carrier"":""DHL"",""status"":""LABEL_CREATED"",""status_ts"":""2024-02-25T08:05:00Z"",""location"":{""city"":""Seattle"",""region"":""East""},""warehouse_id"":73,""notes"":""Status update: Label Created""}",2024-02-25,retail.order.shipment,2,131,2024/02/01 00:00:00.000,E2E-order-shipment-event
52447a5a-16da-431a-825b-0d88e9599701,"{""order_id"":""O100909"",""tracking_number"":""1Z16805711874183"",""carrier"":""DHL"",""status"":""PICKED_UP"",""status_ts"":""2024-02-27T11:03:00Z"",""location"":{""city"":""Memphis"",""region"":""South""},""warehouse_id"":73,""notes"":""Status update: Picked Up""}",2024-02-27,retail.order.shipment,2,132,2024/02/01 00:00:00.000,E2E-order-shipment-event
67b14bf0-ebce-4c98-9431-293de1f01c22,"{""order_id"":""O100913"",""tracking_number"":""1Z52859389096876"",""carrier"":""UPS"",""status"":""LABEL_CREATED"",""status_ts"":""2024-02-17T08:01:00Z"",""location"":{""city"":""Columbus"",""region"":""North""},""warehouse_id"":100,""notes"":""Status update: Label Created""}",2024-02-17,retail.order.shipment,5,97,2024/02/01 00:00:00.000,E2E-order-shipment-event
bd6940a8-e0eb-4951-bd5e-7517e0717f9c,"{""order_id"":""O100913"",""tracking_number"":""1Z52859389096876"",""carrier"":""UPS"",""status"":""PICKED_UP"",""status_ts"":""2024-02-18T11:12:00Z"",""location"":{""city"":""Columbus"",""region"":""North""},""warehouse_id"":100,""notes"":""Status update: Picked Up""}",2024-02-18,retail.order.shipment,5,98,2024/02/01 00:00:00.000,E2E-order-shipment-event
adabcd6c-72c5-4648-a27f-541f3ac554e3,"{""order_id"":""O100915"",""tracking_number"":""1Z40125148729876"",""carrier"":""UPS"",""status"":""LABEL_CREATED"",""status_ts"":""2024-02-27T08:39:00Z"",""location"":{""city"":""Columbus"",""region"":""North""},""warehouse_id"":38,""notes"":""Status update: Label Created""}",2024-02-27,retail.order.shipment,7,130,2024/02/01 00:00:00.000,E2E-order-shipment-event
e409dd47-7e41-48f7-b06e-f7415536a8c6,"{""order_id"":""O100915"",""tracking_number"":""1Z40125148729876"",""carrier"":""UPS"",""status"":""PICKED_UP"",""status_ts"":""2024-03-01T11:03:00Z"",""location"":{""city"":""Memphis"",""region"":""West""},""warehouse_id"":38,""notes"":""Status update: Picked Up""}",2024-03-01,retail.order.shipment,7,131,2024/02/01 00:00:00.000,E2E-order-shipment-event
1bd892ac-bc74-4933-8679-a47950466b00,"{""order_id"":""O100915"",""tracking_number"":""1Z40125148729876"",""carrier"":""UPS"",""status"":""IN_TRANSIT"",""status_ts"":""2024-03-05T14:22:00Z"",""location"":{""city"":""Atlanta"",""region"":""South""},""warehouse_id"":38,""notes"":""Status update: In Transit""}",2024-03-05,retail.order.shipment,7,132,2024/02/01 00:00:00.000,E2E-order-shipment-event
15a4fa87-90a9-413b-888a-412ceef83d6a,"{""order_id"":""O100915"",""tracking_number"":""1Z40125148729876"",""carrier"":""UPS"",""status"":""OUT_FOR_DELIVERY"",""status_ts"":""2024-03-05T17:24:00Z"",""location"":{""city"":""Chicago"",""region"":""North""},""warehouse_id"":38,""notes"":""Status update: Out For Delivery""}",2024-03-05,retail.order.shipment,7,133,2024/02/01 00:00:00.000,E2E-order-shipment-event
7a655e42-a3bb-4abc-abb2-870af6de7603,"{""order_id"":""O100915"",""tracking_number"":""1Z40125148729876"",""carrier"":""UPS"",""status"":""DELIVERED"",""status_ts"":""2024-03-06T08:16:00Z"",""location"":{""city"":""Louisville"",""region"":""West""},""warehouse_id"":38,""notes"":""Status update: Delivered""}",2024-03-06,retail.order.shipment,7,134,2024/02/01 00:00:00.000,E2E-order-shipment-event
730aa963-47c2-438f-afe5-a9c89720c96f,"{""order_id"":""O100918"",""tracking_number"":""1Z93264182537722"",""carrier"":""UPS"",""status"":""LABEL_CREATED"",""status_ts"":""2024-02-25T08:02:00Z"",""location"":{""city"":""Atlanta"",""region"":""West""},""warehouse_id"":98,""notes"":""Status update: Label Created""}",2024-02-25,retail.order.shipment,2,133,2024/02/01 00:00:00.000,E2E-order-shipment-event
8471aa1c-32b1-4e51-8cd9-f7667ce207b3,"{""order_id"":""O100918"",""tracking_number"":""1Z93264182537722"",""carrier"":""UPS"",""status"":""PICKED_UP"",""status_ts"":""2024-02-26T11:02:00Z"",""location"":{""city"":""Dallas"",""region"":""South""},""warehouse_id"":98,""notes"":""Status update: Picked Up""}",2024-02-26,retail.order.shipment,2,134,2024/02/01 00:00:00.000,E2E-order-shipment-event
634a808c-2ebe-45db-ac96-0a70dc765ffd,"{""order_id"":""O100918"",""tracking_number"":""1Z93264182537722"",""carrier"":""UPS"",""status"":""IN_TRANSIT"",""status_ts"":""2024-03-01T14:33:00Z"",""location"":{""city"":""Seattle"",""region"":""East""},""warehouse_id"":98,""notes"":""Status update: In Transit""}",2024-03-01,retail.order.shipment,2,135,2024/02/01 00:00:00.000,E2E-order-shipment-event
e8d71e39-57fc-4a04-95ec-4ee51ac1ae5c,"{""order_id"":""O100918"",""tracking_number"":""1Z93264182537722"",""carrier"":""UPS"",""status"":""OUT_FOR_DELIVERY"",""status_ts"":""2024-03-01T17:12:00Z"",""location"":{""city"":""Dallas"",""region"":""East""},""warehouse_id"":98,""notes"":""Status update: Out For Delivery""}",2024-03-01,retail.order.shipment,2,136,2024/02/01 00:00:00.000,E2E-order-shipment-event
7db04fc1-43ef-4317-b215-4726d0a7dc9d,"{""order_id"":""O100920"",""tracking_number"":""1Z26204747036640"",""carrier"":""DHL"",""status"":""LABEL_CREATED"",""status_ts"":""2024-02-12T08:45:00Z"",""location"":{""city"":""Louisville"",""region"":""South""},""warehouse_id"":20,""notes"":""Status update: Label Created""}",2024-02-12,retail.order.shipment,3,122,2024/02/01 00:00:00.000,E2E-order-shipment-event
09fecfc9-97a0-4932-8f0b-61fdec2ece24,"{""order_id"":""O100920"",""tracking_number"":""1Z26204747036640"",""carrier"":""DHL"",""status"":""PICKED_UP"",""status_ts"":""2024-02-13T11:36:00Z"",""location"":{""city"":""Dallas"",""region"":""North""},""warehouse_id"":20,""notes"":""Status update: Picked Up""}",2024-02-13,retail.order.shipment,3,123,2024/02/01 00:00:00.000,E2E-order-shipment-event
aed6ec15-234f-4c3d-afde-d9c350530fff,"{""order_id"":""O100920"",""tracking_number"":""1Z26204747036640"",""carrier"":""DHL"",""status"":""IN_TRANSIT"",""status_ts"":""2024-02-17T14:50:00Z"",""location"":{""city"":""Denver"",""region"":""North""},""warehouse_id"":20,""notes"":""Status update: In Transit""}",2024-02-17,retail.order.shipment,3,124,2024/02/01 00:00:00.000,E2E-order-shipment-event
845298e0-90b7-4a90-aa83-a2d8846b55ba,"{""order_id"":""O100922"",""tracking_number"":""1Z71122128771783"",""carrier"":""UPS"",""status"":""LABEL_CREATED"",""status_ts"":""2024-02-04T08:51:00Z"",""location"":{""city"":""Louisville"",""region"":""North""},""warehouse_id"":9,""notes"":""Status update: Label Created""}",2024-02-04,retail.order.shipment,5,99,2024/02/01 00:00:00.000,E2E-order-shipment-event
4c3b8cdb-196a-4dd0-bfc2-145de8a98914,"{""order_id"":""O100922"",""tracking_number"":""1Z71122128771783"",""carrier"":""UPS"",""status"":""PICKED_UP"",""status_ts"":""2024-02-05T11:32:00Z"",""location"":{""city"":""Atlanta"",""region"":""West""},""warehouse_id"":9,""notes"":""Status update: Picked Up""}",2024-02-05,retail.order.shipment,5,100,2024/02/01 00:00:00.000,E2E-order-shipment-event
1352519a-3223-43d1-b73c-188429f974d5,"{""order_id"":""O100922"",""tracking_number"":""1Z71122128771783"",""carrier"":""UPS"",""status"":""IN_TRANSIT"",""status_ts"":""2024-02-08T14:08:00Z"",""location"":{""city"":""Chicago"",""region"":""North""},""warehouse_id"":9,""notes"":""Status update: In Transit""}",2024-02-08,retail.order.shipment,5,101,2024/02/01 00:00:00.000,E2E-order-shipment-event
ff660901-d555-42b3-9b04-5974f3e9cd98,"{""order_id"":""O100922"",""tracking_number"":""1Z71122128771783"",""carrier"":""UPS"",""status"":""OUT_FOR_DELIVERY"",""status_ts"":""2024-02-08T17:29:00Z"",""location"":{""city"":""Memphis"",""region"":""South""},""warehouse_id"":9,""notes"":""Status update: Out For Delivery""}",2024-02-08,retail.order.shipment,5,102,2024/02/01 00:00:00.000,E2E-order-shipment-event
58553576-262b-4d91-81b6-38f962a7262c,"{""order_id"":""O100922"",""tracking_number"":""1Z71122128771783"",""carrier"":""UPS"",""status"":""DELIVERED"",""status_ts"":""2024-02-08T08:21:00Z"",""location"":{""city"":""Chicago"",""region"":""West""},""warehouse_id"":9,""notes"":""Status update: Delivered""}",2024-02-08,retail.order.shipment,5,103,2024/02/01 00:00:00.000,E2E-order-shipment-event
262e5391-73c8-4ecd-9e94-7d47c71804f4,"{""order_id"":""O100924"",""tracking_number"":""1Z54825936453874"",""carrier"":""UPS"",""status"":""LABEL_CREATED"",""status_ts"":""2024-02-13T08:06:00Z"",""location"":{""city"":""Chicago"",""region"":""West""},""warehouse_id"":68,""notes"":""Status update: Label Created""}",2024-02-13,retail.order.shipment,7,135,2024/02/01 00:00:00.000,E2E-order-shipment-event
08964664-4bdd-417b-ab11-9a03ba7210ff,"{""order_id"":""O100924"",""tracking_number"":""1Z54825936453874"",""carrier"":""UPS"",""status"":""PICKED_UP"",""status_ts"":""2024-02-15T11:55:00Z"",""location"":{""city"":""Memphis"",""region"":""South""},""warehouse_id"":68,""notes"":""Status update: Picked Up""}",2024-02-15,retail.order.shipment,7,136,2024/02/01 00:00:00.000,E2E-order-shipment-event
27954013-124e-4588-80f7-0b77a970b831,"{""order_id"":""O100929"",""tracking_number"":""1Z61682331133595"",""carrier"":""FEDEX"",""status"":""LABEL_CREATED"",""status_ts"":""2024-02-12T08:43:00Z"",""location"":{""city"":""Seattle"",""region"":""South""},""warehouse_id"":15,""notes"":""Status update: Label Created""}",2024-02-12,retail.order.shipment,4,130,2024/02/01 00:00:00.000,E2E-order-shipment-event
179aed73-1588-4023-8f16-f6cd8038b959,"{""order_id"":""O100929"",""tracking_number"":""1Z61682331133595"",""carrier"":""FEDEX"",""status"":""PICKED_UP"",""status_ts"":""2024-02-15T11:57:00Z"",""location"":{""city"":""Chicago"",""region"":""East""},""warehouse_id"":15,""notes"":""Status update: Picked Up""}",2024-02-15,retail.order.shipment,4,131,2024/02/01 00:00:00.000,E2E-order-shipment-event
3b1dd0e4-a24c-434b-835b-693c52464c65,"{""order_id"":""O100933"",""tracking_number"":""1Z53183694900268"",""carrier"":""USPS"",""status"":""LABEL_CREATED"",""status_ts"":""2024-02-28T08:50:00Z"",""location"":{""city"":""Atlanta"",""region"":""North""},""warehouse_id"":24,""notes"":""Status update: Label Created""}",2024-02-28,retail.order.shipment,7,137,2024/02/01 00:00:00.000,E2E-order-shipment-event
8ec749ac-7515-4195-92bd-47b3d13fa7bd,"{""order_id"":""O100933"",""tracking_number"":""1Z53183694900268"",""carrier"":""USPS"",""status"":""PICKED_UP"",""status_ts"":""2024-03-02T11:53:00Z"",""location"":{""city"":""Dallas"",""region"":""East""},""warehouse_id"":24,""notes"":""Status update: Picked Up""}",2024-03-02,retail.order.shipment,7,138,2024/02/01 00:00:00.000,E2E-order-shipment-event
a13a14cc-70dd-4460-b928-e3f6978014fb,"{""order_id"":""O100933"",""tracking_number"":""1Z53183694900268"",""carrier"":""USPS"",""status"":""IN_TRANSIT"",""status_ts"":""2024-03-05T14:35:00Z"",""location"":{""city"":""Atlanta"",""region"":""South""},""warehouse_id"":24,""notes"":""Status update: In Transit""}",2024-03-05,retail.order.shipment,7,139,2024/02/01 00:00:00.000,E2E-order-shipment-event
87e73bb4-4ea2-4fe4-a7a9-553d20ad1c5d,"{""order_id"":""O100937"",""tracking_number"":""1Z93753892283556"",""carrier"":""USPS"",""status"":""LABEL_CREATED"",""status_ts"":""2024-02-13T08:14:00Z"",""location"":{""city"":""Memphis"",""region"":""North""},""warehouse_id"":94,""notes"":""Status update: Label Created""}",2024-02-13,retail.order.shipment,3,125,2024/02/01 00:00:00.000,E2E-order-shipment-event
175d1a3d-9b73-427e-bb2d-5509fe4ef1cc,"{""order_id"":""O100938"",""tracking_number"":""1Z47535050625938"",""carrier"":""UPS"",""status"":""LABEL_CREATED"",""status_ts"":""2024-02-28T08:43:00Z"",""location"":{""city"":""Louisville"",""region"":""North""},""warehouse_id"":69,""notes"":""Status update: Label Created""}",2024-02-28,retail.order.shipment,4,132,2024/02/01 00:00:00.000,E2E-order-shipment-event
d98d75fa-a356-43e4-888f-3ff856581480,"{""order_id"":""O100939"",""tracking_number"":""1Z76241557773123"",""carrier"":""UPS"",""status"":""LABEL_CREATED"",""status_ts"":""2024-02-10T08:36:00Z"",""location"":{""city"":""Chicago"",""region"":""North""},""warehouse_id"":98,""notes"":""Status update: Label Created""}",2024-02-10,retail.order.shipment,5,104,2024/02/01 00:00:00.000,E2E-order-shipment-event
1c91ba62-a9bd-4d86-a849-b52057a95e91,"{""order_id"":""O100939"",""tracking_number"":""1Z76241557773123"",""carrier"":""UPS"",""status"":""PICKED_UP"",""status_ts"":""2024-02-11T11:49:00Z"",""location"":{""city"":""Denver"",""region"":""West""},""warehouse_id"":98,""notes"":""Status update: Picked Up""}",2024-02-11,retail.order.shipment,5,105,2024/02/01 00:00:00.000,E2E-order-shipment-event
8f517cf9-4a80-4bd6-8381-ec195a3fc8cc,"{""order_id"":""O100941"",""tracking_number"":""1Z64918244535057"",""carrier"":""USPS"",""status"":""LABEL_CREATED"",""status_ts"":""2024-02-18T08:24:00Z"",""location"":{""city"":""Denver"",""region"":""West""},""warehouse_id"":25,""notes"":""Status update: Label Created""}",2024-02-18,retail.order.shipment,6,106,2024/02/01 00:00:00.000,E2E-order-shipment-event
d234cf19-bdcf-4df0-9a95-3f112f82477e,"{""order_id"":""O100941"",""tracking_number"":""1Z64918244535057"",""carrier"":""USPS"",""status"":""PICKED_UP"",""status_ts"":""2024-02-21T11:31:00Z"",""location"":{""city"":""Columbus"",""region"":""West""},""warehouse_id"":25,""notes"":""Status update: Picked Up""}",2024-02-21,retail.order.shipment,6,107,2024/02/01 00:00:00.000,E2E-order-shipment-event
35d70599-c6fd-4ff1-a5da-077a40afd244,"{""order_id"":""O100941"",""tracking_number"":""1Z64918244535057"",""carrier"":""USPS"",""status"":""IN_TRANSIT"",""status_ts"":""2024-02-25T14:13:00Z"",""location"":{""city"":""Seattle"",""region"":""East""},""warehouse_id"":25,""notes"":""Status update: In Transit""}",2024-02-25,retail.order.shipment,6,108,2024/02/01 00:00:00.000,E2E-order-shipment-event
3e28b522-3960-4b5d-aa97-b5631632336c,"{""order_id"":""O100944"",""tracking_number"":""1Z50858724918116"",""carrier"":""FEDEX"",""status"":""LABEL_CREATED"",""status_ts"":""2024-02-04T08:39:00Z"",""location"":{""city"":""Atlanta"",""region"":""North""},""warehouse_id"":24,""notes"":""Status update: Label Created""}",2024-02-04,retail.order.shipment,1,131,2024/02/01 00:00:00.000,E2E-order-shipment-event
319fdc01-bbfb-4821-baa9-df093b92878a,"{""order_id"":""O100944"",""tracking_number"":""1Z50858724918116"",""carrier"":""FEDEX"",""status"":""PICKED_UP"",""status_ts"":""2024-02-05T11:50:00Z"",""location"":{""city"":""Atlanta"",""region"":""North""},""warehouse_id"":24,""notes"":""Status update: Picked Up""}",2024-02-05,retail.order.shipment,1,132,2024/02/01 00:00:00.000,E2E-order-shipment-event
c33f4121-ddc8-47ac-bf67-9ea6b26e8898,"{""order_id"":""O100944"",""tracking_number"":""1Z50858724918116"",""carrier"":""FEDEX"",""status"":""IN_TRANSIT"",""status_ts"":""2024-02-08T14:59:00Z"",""location"":{""city"":""Columbus"",""region"":""South""},""warehouse_id"":24,""notes"":""Status update: In Transit""}",2024-02-08,retail.order.shipment,1,133,2024/02/01 00:00:00.000,E2E-order-shipment-event
6c458652-2a20-47f1-96d5-3d707a1e34cc,"{""order_id"":""O100944"",""tracking_number"":""1Z50858724918116"",""carrier"":""FEDEX"",""status"":""OUT_FOR_DELIVERY"",""status_ts"":""2024-02-08T17:35:00Z"",""location"":{""city"":""Seattle"",""region"":""West""},""warehouse_id"":24,""notes"":""Status update: Out For Delivery""}",2024-02-08,retail.order.shipment,1,134,2024/02/01 00:00:00.000,E2E-order-shipment-event
e5be0166-7991-474e-bc04-6da4e2dd5294,"{""order_id"":""O100944"",""tracking_number"":""1Z50858724918116"",""carrier"":""FEDEX"",""status"":""DELIVERED"",""status_ts"":""2024-02-07T08:17:00Z"",""location"":{""city"":""Atlanta"",""region"":""North""},""warehouse_id"":24,""notes"":""Status update: Delivered""}",2024-02-07,retail.order.shipment,1,135,2024/02/01 00:00:00.000,E2E-order-shipment-event
7bc86ed8-7f82-4d18-a676-08dc03ced136,"{""order_id"":""O100945"",""tracking_number"":""1Z81461359505093"",""carrier"":""DHL"",""status"":""EXCEPTION"",""status_ts"":""2024-02-24T08:14:00Z"",""location"":{""city"":""Columbus"",""region"":""West""},""warehouse_id"":38,""notes"":""Status update: Exception""}",2024-02-24,retail.order.shipment,2,137,2024/02/01 00:00:00.000,E2E-order-shipment-event
aaddf54d-5edc-4658-9ca9-5cf36778136e,"{""order_id"":""O100946"",""tracking_number"":""1Z63616859370124"",""carrier"":""UPS"",""status"":""LABEL_CREATED"",""status_ts"":""2024-02-07T08:13:00Z"",""location"":{""city"":""Chicago"",""region"":""East""},""warehouse_id"":2,""notes"":""Status update: Label Created""}",2024-02-07,retail.order.shipment,3,126,2024/02/01 00:00:00.000,E2E-order-shipment-event
b97a6fd8-4a43-41ff-ac22-3e99f5c48240,"{""order_id"":""O100947"",""tracking_number"":""1Z37182943894894"",""carrier"":""DHL"",""status"":""LABEL_CREATED"",""status_ts"":""2024-02-09T08:55:00Z"",""location"":{""city"":""Memphis"",""region"":""West""},""warehouse_id"":40,""notes"":""Status update: Label Created""}",2024-02-09,retail.order.shipment,4,133,2024/02/01 00:00:00.000,E2E-order-shipment-event
e0ad21ae-1e61-4176-9719-b336944dc51f,"{""order_id"":""O100947"",""tracking_number"":""1Z37182943894894"",""carrier"":""DHL"",""status"":""PICKED_UP"",""status_ts"":""2024-02-12T11:50:00Z"",""location"":{""city"":""Columbus"",""region"":""North""},""warehouse_id"":40,""notes"":""Status update: Picked Up""}",2024-02-12,retail.order.shipment,4,134,2024/02/01 00:00:00.000,E2E-order-shipment-event
741c119b-d2bb-41bd-8cf8-23eb12d43f17,"{""order_id"":""O100947"",""tracking_number"":""1Z37182943894894"",""carrier"":""DHL"",""status"":""IN_TRANSIT"",""status_ts"":""2024-02-16T14:23:00Z"",""location"":{""city"":""Memphis"",""region"":""South""},""warehouse_id"":40,""notes"":""Status update: In Transit""}",2024-02-16,retail.order.shipment,4,135,2024/02/01 00:00:00.000,E2E-order-shipment-event
d5713dc7-d4a4-4b58-bb25-37536c0a16ba,"{""order_id"":""O100949"",""tracking_number"":""1Z58283655495123"",""carrier"":""DHL"",""status"":""LABEL_CREATED"",""status_ts"":""2024-02-10T08:13:00Z"",""location"":{""city"":""Denver"",""region"":""East""},""warehouse_id"":27,""notes"":""Status update: Label Created""}",2024-02-10,retail.order.shipment,6,109,2024/02/01 00:00:00.000,E2E-order-shipment-event
bee86aeb-fc0f-4452-8392-98206f96a1f3,"{""order_id"":""O100949"",""tracking_number"":""1Z58283655495123"",""carrier"":""DHL"",""status"":""PICKED_UP"",""status_ts"":""2024-02-12T11:33:00Z"",""location"":{""city"":""Memphis"",""region"":""South""},""warehouse_id"":27,""notes"":""Status update: Picked Up""}",2024-02-12,retail.order.shipment,6,110,2024/02/01 00:00:00.000,E2E-order-shipment-event
22c6b1f3-d1ce-4678-a926-dad3a6e2bd6a,"{""order_id"":""O100949"",""tracking_number"":""1Z58283655495123"",""carrier"":""DHL"",""status"":""IN_TRANSIT"",""status_ts"":""2024-02-15T14:15:00Z"",""location"":{""city"":""Seattle"",""region"":""East""},""warehouse_id"":27,""notes"":""Status update: In Transit""}",2024-02-15,retail.order.shipment,6,111,2024/02/01 00:00:00.000,E2E-order-shipment-event
2241e9b6-933b-4cf8-8b8e-020300d3ab36,"{""order_id"":""O100949"",""tracking_number"":""1Z58283655495123"",""carrier"":""DHL"",""status"":""OUT_FOR_DELIVERY"",""status_ts"":""2024-02-15T17:41:00Z"",""location"":{""city"":""Chicago"",""region"":""South""},""warehouse_id"":27,""notes"":""Status update: Out For Delivery""}",2024-02-15,retail.order.shipment,6,112,2024/02/01 00:00:00.000,E2E-order-shipment-event
9aacd801-624c-42d9-8144-b29f46104fe7,"{""order_id"":""O100949"",""tracking_number"":""1Z58283655495123"",""carrier"":""DHL"",""status"":""DELIVERED"",""status_ts"":""2024-02-14T08:12:00Z"",""location"":{""city"":""Atlanta"",""region"":""West""},""warehouse_id"":27,""notes"":""Status update: Delivered""}",2024-02-14,retail.order.shipment,6,113,2024/02/01 00:00:00.000,E2E-order-shipment-event
70b86613-59e9-47d5-91d6-29c6b248a30f,"{""order_id"":""O100955"",""tracking_number"":""1Z81345075869169"",""carrier"":""FEDEX"",""status"":""LABEL_CREATED"",""status_ts"":""2024-02-04T08:06:00Z"",""location"":{""city"":""Chicago"",""region"":""North""},""warehouse_id"":82,""notes"":""Status update: Label Created""}",2024-02-04,retail.order.shipment,3,127,2024/02/01 00:00:00.000,E2E-order-shipment-event
365852e6-8b08-40af-b763-bbcdd76f2b66,"{""order_id"":""O100955"",""tracking_number"":""1Z81345075869169"",""carrier"":""FEDEX"",""status"":""PICKED_UP"",""status_ts"":""2024-02-06T11:12:00Z"",""location"":{""city"":""Dallas"",""region"":""North""},""warehouse_id"":82,""notes"":""Status update: Picked Up""}",2024-02-06,retail.order.shipment,3,128,2024/02/01 00:00:00.000,E2E-order-shipment-event
21e193e8-f9a5-4931-9af0-866597cd11e8,"{""order_id"":""O100958"",""tracking_number"":""1Z46834061756213"",""carrier"":""FEDEX"",""status"":""LABEL_CREATED"",""status_ts"":""2024-02-13T08:24:00Z"",""location"":{""city"":""Memphis"",""region"":""South""},""warehouse_id"":68,""notes"":""Status update: Label Created""}",2024-02-13,retail.order.shipment,6,114,2024/02/01 00:00:00.000,E2E-order-shipment-event
e4a9f4b3-409e-443c-9b97-5082778d6892,"{""order_id"":""O100958"",""tracking_number"":""1Z46834061756213"",""carrier"":""FEDEX"",""status"":""PICKED_UP"",""status_ts"":""2024-02-15T11:53:00Z"",""location"":{""city"":""Dallas"",""region"":""West""},""warehouse_id"":68,""notes"":""Status update: Picked Up""}",2024-02-15,retail.order.shipment,6,115,2024/02/01 00:00:00.000,E2E-order-shipment-event
b85ac8e6-2852-4efb-bc4e-f6a6c64fc245,"{""order_id"":""O100958"",""tracking_number"":""1Z46834061756213"",""carrier"":""FEDEX"",""status"":""IN_TRANSIT"",""status_ts"":""2024-02-18T14:07:00Z"",""location"":{""city"":""Louisville"",""region"":""South""},""warehouse_id"":68,""notes"":""Status update: In Transit""}",2024-02-18,retail.order.shipment,6,116,2024/02/01 00:00:00.000,E2E-order-shipment-event
a41054a5-34b4-48e8-8be6-2a765011801f,"{""order_id"":""O100958"",""tracking_number"":""1Z46834061756213"",""carrier"":""FEDEX"",""status"":""OUT_FOR_DELIVERY"",""status_ts"":""2024-02-18T17:55:00Z"",""location"":{""city"":""Chicago"",""region"":""North""},""warehouse_id"":68,""notes"":""Status update: Out For Delivery""}",2024-02-18,retail.order.shipment,6,117,2024/02/01 00:00:00.000,E2E-order-shipment-event
3ac2aade-1456-4ddf-8bb5-01b6c20c32c5,"{""order_id"":""O100966"",""tracking_number"":""1Z60817354379433"",""carrier"":""UPS"",""status"":""LABEL_CREATED"",""status_ts"":""2024-02-05T08:13:00Z"",""location"":{""city"":""Seattle"",""region"":""West""},""warehouse_id"":30,""notes"":""Status update: Label Created""}",2024-02-05,retail.order.shipment,5,106,2024/02/01 00:00:00.000,E2E-order-shipment-event
6d3a913e-12a6-4997-bdd4-47b233d1d977,"{""order_id"":""O100976"",""tracking_number"":""1Z14807729523034"",""carrier"":""DHL"",""status"":""LABEL_CREATED"",""status_ts"":""2024-02-13T08:12:00Z"",""location"":{""city"":""Atlanta"",""region"":""West""},""warehouse_id"":71,""notes"":""Status update: Label Created""}",2024-02-13,retail.order.shipment,6,118,2024/02/01 00:00:00.000,E2E-order-shipment-event
29c36abd-6e71-4794-b57f-c04fb48bed1f,"{""order_id"":""O100976"",""tracking_number"":""1Z14807729523034"",""carrier"":""DHL"",""status"":""PICKED_UP"",""status_ts"":""2024-02-15T11:51:00Z"",""location"":{""city"":""Memphis"",""region"":""South""},""warehouse_id"":71,""notes"":""Status update: Picked Up""}",2024-02-15,retail.order.shipment,6,119,2024/02/01 00:00:00.000,E2E-order-shipment-event
2f3e2620-45b8-4def-8dab-be38d874a0a0,"{""order_id"":""O100977"",""tracking_number"":""1Z27538921551692"",""carrier"":""USPS"",""status"":""LABEL_CREATED"",""status_ts"":""2024-02-15T08:38:00Z"",""location"":{""city"":""Seattle"",""region"":""West""},""warehouse_id"":58,""notes"":""Status update: Label Created""}",2024-02-15,retail.order.shipment,7,140,2024/02/01 00:00:00.000,E2E-order-shipment-event
b5459dc9-7653-481e-9866-a3ee1ca387aa,"{""order_id"":""O100977"",""tracking_number"":""1Z27538921551692"",""carrier"":""USPS"",""status"":""PICKED_UP"",""status_ts"":""2024-02-17T11:38:00Z"",""location"":{""city"":""Memphis"",""region"":""South""},""warehouse_id"":58,""notes"":""Status update: Picked Up""}",2024-02-17,retail.order.shipment,7,141,2024/02/01 00:00:00.000,E2E-order-shipment-event
07956254-4e1f-4d9b-a7be-c91941f16f9b,"{""order_id"":""O100977"",""tracking_number"":""1Z27538921551692"",""carrier"":""USPS"",""status"":""IN_TRANSIT"",""status_ts"":""2024-02-19T14:44:00Z"",""location"":{""city"":""Chicago"",""region"":""East""},""warehouse_id"":58,""notes"":""Status update: In Transit""}",2024-02-19,retail.order.shipment,7,142,2024/02/01 00:00:00.000,E2E-order-shipment-event
229cca05-ba05-4f57-b2aa-f007b4f4b1c2,"{""order_id"":""O100980"",""tracking_number"":""1Z69817160753240"",""carrier"":""UPS"",""status"":""LABEL_CREATED"",""status_ts"":""2024-02-14T08:02:00Z"",""location"":{""city"":""Seattle"",""region"":""West""},""warehouse_id"":35,""notes"":""Status update: Label Created""}",2024-02-14,retail.order.shipment,1,136,2024/02/01 00:00:00.000,E2E-order-shipment-event
23a40374-209a-452c-b220-2e25dc8bf305,"{""order_id"":""O100980"",""tracking_number"":""1Z69817160753240"",""carrier"":""UPS"",""status"":""PICKED_UP"",""status_ts"":""2024-02-17T11:50:00Z"",""location"":{""city"":""Memphis"",""region"":""North""},""warehouse_id"":35,""notes"":""Status update: Picked Up""}",2024-02-17,retail.order.shipment,1,137,2024/02/01 00:00:00.000,E2E-order-shipment-event
1995e5bf-0da1-4b4e-a369-132eb8f3b657,"{""order_id"":""O100980"",""tracking_number"":""1Z69817160753240"",""carrier"":""UPS"",""status"":""IN_TRANSIT"",""status_ts"":""2024-02-21T14:13:00Z"",""location"":{""city"":""Louisville"",""region"":""South""},""warehouse_id"":35,""notes"":""Status update: In Transit""}",2024-02-21,retail.order.shipment,1,138,2024/02/01 00:00:00.000,E2E-order-shipment-event
c1362b55-3e86-4ba8-9e4b-4a967382f4dc,"{""order_id"":""O100982"",""tracking_number"":""1Z72866937752719"",""carrier"":""FEDEX"",""status"":""LABEL_CREATED"",""status_ts"":""2024-02-12T08:07:00Z"",""location"":{""city"":""Dallas"",""region"":""West""},""warehouse_id"":34,""notes"":""Status update: Label Created""}",2024-02-12,retail.order.shipment,3,129,2024/02/01 00:00:00.000,E2E-order-shipment-event
758b9e10-fa94-43e6-9f7d-50dd6d37e416,"{""order_id"":""O100982"",""tracking_number"":""1Z72866937752719"",""carrier"":""FEDEX"",""status"":""PICKED_UP"",""status_ts"":""2024-02-15T11:01:00Z"",""location"":{""city"":""Chicago"",""region"":""South""},""warehouse_id"":34,""notes"":""Status update: Picked Up""}",2024-02-15,retail.order.shipment,3,130,2024/02/01 00:00:00.000,E2E-order-shipment-event
58d57870-a974-4126-8180-8e4a4d79d47e,"{""order_id"":""O100982"",""tracking_number"":""1Z72866937752719"",""carrier"":""FEDEX"",""status"":""IN_TRANSIT"",""status_ts"":""2024-02-19T14:51:00Z"",""location"":{""city"":""Seattle"",""region"":""North""},""warehouse_id"":34,""notes"":""Status update: In Transit""}",2024-02-19,retail.order.shipment,3,131,2024/02/01 00:00:00.000,E2E-order-shipment-event
348af09d-bf42-4ef2-b086-8898a7d4d6a9,"{""order_id"":""O100982"",""tracking_number"":""1Z72866937752719"",""carrier"":""FEDEX"",""status"":""OUT_FOR_DELIVERY"",""status_ts"":""2024-02-19T17:15:00Z"",""location"":{""city"":""Chicago"",""region"":""South""},""warehouse_id"":34,""notes"":""Status update: Out For Delivery""}",2024-02-19,retail.order.shipment,3,132,2024/02/01 00:00:00.000,E2E-order-shipment-event
2e80d67c-a01a-4f68-8c2b-62788653fd67,"{""order_id"":""O100982"",""tracking_number"":""1Z72866937752719"",""carrier"":""FEDEX"",""status"":""DELIVERED"",""status_ts"":""2024-02-19T08:10:00Z"",""location"":{""city"":""Columbus"",""region"":""North""},""warehouse_id"":34,""notes"":""Status update: Delivered""}",2024-02-19,retail.order.shipment,3,133,2024/02/01 00:00:00.000,E2E-order-shipment-event
ad366c26-23b1-47ab-a054-9b795b534655,"{""order_id"":""O100984"",""tracking_number"":""1Z22001282729540"",""carrier"":""USPS"",""status"":""EXCEPTION"",""status_ts"":""2024-02-11T08:42:00Z"",""location"":{""city"":""Denver"",""region"":""West""},""warehouse_id"":58,""notes"":""Status update: Exception""}",2024-02-11,retail.order.shipment,5,107,2024/02/01 00:00:00.000,E2E-order-shipment-event
2a824a72-ed1c-488b-9473-89f48d93a651,"{""order_id"":""O100988"",""tracking_number"":""1Z12219713539664"",""carrier"":""DHL"",""status"":""LABEL_CREATED"",""status_ts"":""2024-02-15T08:31:00Z"",""location"":{""city"":""Denver"",""region"":""North""},""warehouse_id"":43,""notes"":""Status update: Label Created""}",2024-02-15,retail.order.shipment,1,139,2024/02/01 00:00:00.000,E2E-order-shipment-event
a285e120-9e39-40e3-bfc0-eef90a9e1448,"{""order_id"":""O100988"",""tracking_number"":""1Z12219713539664"",""carrier"":""DHL"",""status"":""PICKED_UP"",""status_ts"":""2024-02-17T11:46:00Z"",""location"":{""city"":""Seattle"",""region"":""East""},""warehouse_id"":43,""notes"":""Status update: Picked Up""}",2024-02-17,retail.order.shipment,1,140,2024/02/01 00:00:00.000,E2E-order-shipment-event
8111aeaf-b3d8-4309-80e2-5ec492456f58,"{""order_id"":""O100989"",""tracking_number"":""1Z20243946551167"",""carrier"":""UPS"",""status"":""LABEL_CREATED"",""status_ts"":""2024-02-22T08:59:00Z"",""location"":{""city"":""Chicago"",""region"":""South""},""warehouse_id"":96,""notes"":""Status update: Label Created""}",2024-02-22,retail.order.shipment,2,138,2024/02/01 00:00:00.000,E2E-order-shipment-event
dd5af57a-0cd7-4ac9-9c0b-473d275929c0,"{""order_id"":""O100989"",""tracking_number"":""1Z20243946551167"",""carrier"":""UPS"",""status"":""PICKED_UP"",""status_ts"":""2024-02-23T11:41:00Z"",""location"":{""city"":""Denver"",""region"":""East""},""warehouse_id"":96,""notes"":""Status update: Picked Up""}",2024-02-23,retail.order.shipment,2,139,2024/02/01 00:00:00.000,E2E-order-shipment-event
c47748a0-717d-45da-b509-800aac03b289,"{""order_id"":""O100989"",""tracking_number"":""1Z20243946551167"",""carrier"":""UPS"",""status"":""IN_TRANSIT"",""status_ts"":""2024-02-25T14:36:00Z"",""location"":{""city"":""Dallas"",""region"":""North""},""warehouse_id"":96,""notes"":""Status update: In Transit""}",2024-02-25,retail.order.shipment,2,140,2024/02/01 00:00:00.000,E2E-order-shipment-event
afb6c4f2-5d1a-4cbb-97ac-c418f8a06f21,"{""order_id"":""O100989"",""tracking_number"":""1Z20243946551167"",""carrier"":""UPS"",""status"":""OUT_FOR_DELIVERY"",""status_ts"":""2024-02-25T17:02:00Z"",""location"":{""city"":""Seattle"",""region"":""South""},""warehouse_id"":96,""notes"":""Status update: Out For Delivery""}",2024-02-25,retail.order.shipment,2,141,2024/02/01 00:00:00.000,E2E-order-shipment-event
73d7c9ae-3489-46fa-8995-eb1adeb5f18e,"{""order_id"":""O100989"",""tracking_number"":""1Z20243946551167"",""carrier"":""UPS"",""status"":""DELIVERED"",""status_ts"":""2024-02-24T08:10:00Z"",""location"":{""city"":""Columbus"",""region"":""North""},""warehouse_id"":96,""notes"":""Status update: Delivered""}",2024-02-24,retail.order.shipment,2,142,2024/02/01 00:00:00.000,E2E-order-shipment-event
18f7d78c-8198-444d-a2a3-a96090fd102e,"{""order_id"":""O100991"",""tracking_number"":""1Z88486932215294"",""carrier"":""UPS"",""status"":""LABEL_CREATED"",""status_ts"":""2024-02-09T08:46:00Z"",""location"":{""city"":""Seattle"",""region"":""North""},""warehouse_id"":75,""notes"":""Status update: Label Created""}",2024-02-09,retail.order.shipment,3,134,2024/02/01 00:00:00.000,E2E-order-shipment-event
9c192690-5ef0-400d-85b4-8cc91a114150,"{""order_id"":""O100991"",""tracking_number"":""1Z88486932215294"",""carrier"":""UPS"",""status"":""PICKED_UP"",""status_ts"":""2024-02-10T11:08:00Z"",""location"":{""city"":""Atlanta"",""region"":""East""},""warehouse_id"":75,""notes"":""Status update: Picked Up""}",2024-02-10,retail.order.shipment,3,135,2024/02/01 00:00:00.000,E2E-order-shipment-event
644136d1-d572-4994-89e9-935d9ef1ef8d,"{""order_id"":""O100991"",""tracking_number"":""1Z88486932215294"",""carrier"":""UPS"",""status"":""IN_TRANSIT"",""status_ts"":""2024-02-13T14:24:00Z"",""location"":{""city"":""Seattle"",""region"":""East""},""warehouse_id"":75,""notes"":""Status update: In Transit""}",2024-02-13,retail.order.shipment,3,136,2024/02/01 00:00:00.000,E2E-order-shipment-event
0f378e25-e362-41d3-8761-d248baa7d565,"{""order_id"":""O100991"",""tracking_number"":""1Z88486932215294"",""carrier"":""UPS"",""status"":""OUT_FOR_DELIVERY"",""status_ts"":""2024-02-13T17:06:00Z"",""location"":{""city"":""Dallas"",""region"":""South""},""warehouse_id"":75,""notes"":""Status update: Out For Delivery""}",2024-02-13,retail.order.shipment,3,137,2024/02/01 00:00:00.000,E2E-order-shipment-event
84c18b03-9b98-4cd4-a7eb-995a6ee63282,"{""order_id"":""O100991"",""tracking_number"":""1Z88486932215294"",""carrier"":""UPS"",""status"":""DELIVERED"",""status_ts"":""2024-02-12T08:53:00Z"",""location"":{""city"":""Seattle"",""region"":""North""},""warehouse_id"":75,""notes"":""Status update: Delivered""}",2024-02-12,retail.order.shipment,3,138,2024/02/01 00:00:00.000,E2E-order-shipment-event
1a75fe2b-fb9a-4aaa-ac03-4e6c5fd6c72e,"{""order_id"":""O100997"",""tracking_number"":""1Z51901142564351"",""carrier"":""DHL"",""status"":""LABEL_CREATED"",""status_ts"":""2024-02-18T08:17:00Z"",""location"":{""city"":""Atlanta"",""region"":""West""},""warehouse_id"":89,""notes"":""Status update: Label Created""}",2024-02-18,retail.order.shipment,1,141,2024/02/01 00:00:00.000,E2E-order-shipment-event
c86024ba-6d95-40f4-9dfe-6000a56c87b2,"{""order_id"":""O100997"",""tracking_number"":""1Z51901142564351"",""carrier"":""DHL"",""status"":""PICKED_UP"",""status_ts"":""2024-02-20T11:03:00Z"",""location"":{""city"":""Memphis"",""region"":""South""},""warehouse_id"":89,""notes"":""Status update: Picked Up""}",2024-02-20,retail.order.shipment,1,142,2024/02/01 00:00:00.000,E2E-order-shipment-event
4914eaa7-a541-446d-a0dc-3134695dbc55,"{""order_id"":""O100997"",""tracking_number"":""1Z51901142564351"",""carrier"":""DHL"",""status"":""IN_TRANSIT"",""status_ts"":""2024-02-22T14:09:00Z"",""location"":{""city"":""Atlanta"",""region"":""South""},""warehouse_id"":89,""notes"":""Status update: In Transit""}",2024-02-22,retail.order.shipment,1,143,2024/02/01 00:00:00.000,E2E-order-shipment-event
2012da7f-f231-4a7b-8682-b68a3d335531,"{""order_id"":""O100997"",""tracking_number"":""1Z51901142564351"",""carrier"":""DHL"",""status"":""OUT_FOR_DELIVERY"",""status_ts"":""2024-02-22T17:50:00Z"",""location"":{""city"":""Dallas"",""region"":""West""},""warehouse_id"":89,""notes"":""Status update: Out For Delivery""}",2024-02-22,retail.order.shipment,1,144,2024/02/01 00:00:00.000,E2E-order-shipment-event
efad65f9-f3ee-46a3-b5c0-3afb061c3b60,"{""order_id"":""O100997"",""tracking_number"":""1Z51901142564351"",""carrier"":""DHL"",""status"":""DELIVERED"",""status_ts"":""2024-02-21T08:33:00Z"",""location"":{""city"":""Seattle"",""region"":""West""},""warehouse_id"":89,""notes"":""Status update: Delivered""}",2024-02-21,retail.order.shipment,1,145,2024/02/01 00:00:00.000,E2E-order-shipment-event
